,dart,,Linguistic unit,P type,Image ID,Male 1,Male 2,Female 2,Female 1,,Freq bin,Conc bin,Syllable,Forced,,
,,Target,the dart flies in the air,target,40075117,M1_Noun_intransitivePPbeg_4,,F2_Noun_intransitivePPbeg_4,,,5,7,1,,,
,,P1,the heart flies in the air,mp,124876381,,,,,,,,,,,
,,P2,x,x,x,,,,,,,,,,,
,,P3,x,x,x,,,,,,,,,,,
,,S1,the ball flies in the air,coord,11609345,,,,,,,,,,,
,,S2,the girl flies in the air,un,31684154,,,,,,,,,,,
,,Un,the bee flies in the air,un,401178718,,,,,,,,,,,
,,Un,the bird flies in the air,un,145892687,,,,,,,,,,,
,,,,,,,,,,,,,,,,
,lady,,Linguistic unit,P type,Image ID,Male 1,Male 2,Female 2,Female 1,,Freq bin,Conc bin,Syllable,,,
,,Target,the lady talks on the phone,target,126153506,M1_Noun_intransitivePPbeg_5,,F2_Noun_intransitivePPbeg_5,,,8,6,2,,,
,,P1,the baby talks on the phone,distant,23830819,,,,,,,,,,,
,,P2,x,x,x,,,,,,,,,,,
,,P3,the girl talks on the phone,coord,132348320,,,,,,,,,,,
,,S1,the man talks on the phone,coord,87275050,,,,,,,,,,,
,,S2,the boy talks on the phone,coord,279289346,,,,,,,,,,,
,,Un,the dog talks on the phone,un,117492673,,,,,,,,,,,
,,Un,x,x,x,,,,,,,,,,,
,,,,,,,,,,,,,,,,
,art,,Linguistic unit,P type,Image ID,Male 1,Male 2,Female 2,Female 1,,Freq bin,Conc bin,Syllable,,,
,,Target,the art is on the wall,target,15425412,M1_Noun_intransitivePPbeg_6,,F2_Noun_intransitivePPbeg_6,,,8,6,1,,,
,,P1,the heart is on the wall,mp,122500636,,,,,,,,,,,
,,P2,the dart is on the wall,mp,135168752,,,,,,,,,,,
,,P3,x,x,x,,,,,,,,,,,
,,S1,the paintbrush is on the wall,assoc,21963649,,,,,,,,,,,
,,S2,the paint is on the wall,assoc,37101451,,,,,,,,,,,
,,Un,the clock is on the wall,un,312464915,,,,,,,,,,,
,,Un,x,x,x,,,,,,,,,,,
,,,,,,,,,,,,,,,,
,mushroom,,Linguistic unit,P type,Image ID,Male 1,Male 2,Female 2,Female 1,,Freq bin,Conc bin,Syllable,,,
,,Target,the mushroom is on the chopping board,target,130753628,M1_Noun_intransitivePPbeg_7,,F2_Noun_intransitivePPbeg_7,,,5,7,2,,,
,,P1,x,x,x,,,,,,,,,,,
,,P2,x,x,x,,,,,,,,,,,
,,P3,the carrot is on the chopping board,assoc,257104510,,,,,,,,,,,
,,S1,the onion is on the chopping board,assoc,130666667,,,,,,,,,,,
,,S2,the pepper is on the chopping board,assoc,130654985,,,,,,,,,,,
,,Un,the cucumber is on the chopping board,assoc,130666601,,,,,,,,,,,
,,Un,the tomato is on the chopping board,assoc,41876749,,,,,,,,,,,
,,,,,,,,,,,,,,,,
,record,,Linguistic unit,P type,Image ID,Male 1,Male 2,Female 2,Female 1,,Freq bin,Conc bin,Syllable,,,
,,Target,the record plays for the dog,target,27178933,M1_Noun_intransitivePPbeg_9,,F2_Noun_intransitivePPbeg_9,,,8,6,2,,,
,,P1,the radio plays for the dog,distant,228937378,,,,,,,,,,,
,,P2,x,x,x,,,,,,,,,,,
,,P3,x,x,x,,,,,,,,,,,
,,S1,the CD plays for the dog,coord,115862080,,,,,,,,,,,
,,S2,the tape plays for the dog,coord,155382872,,,,,,,,,,,
,,Un,the phone plays for the dog,un,117492673,,,,,,,,,,,
,,Un,the headphones play for the dog,un,162386480,,,,,,,,,,,
,,,,,,,,,,,,,,,,
,hammer,,Linguistic unit,P type,Image ID,Male 1,Male 2,Female 2,Female 1,,Freq bin,Conc bin,Syllable,,,
,,Target,the hammer is on the table,target,221714875,M1_Noun_intransitivePPbeg_15,,F2_Noun_intransitivePPbeg_15,,,7,7,2,,,
,,P1,the hamper is on the table,mp,292671560,,,,,,,,,,,
,,P2,the hanger is on the table,mp,197894261,,,,,,,,,,,
,,P3,the ham is on the table,close,296284007,,,,,,,,,,,
,,S1,the saw is on the table,coord,308580296,,,,,,,,,,,
,,S2,the spanner is on the table,coord,290462636,,,,,,,,,,,
,,Un,x,x,x,,,,,,,,,,,
,,Un,x,x,x,,,,,,,,,,,
,,,,,,,,,,,,,,,,
,wall,,Linguistic unit,P type,Image ID,Male 1,Male 2,Female 2,Female 1,,Freq bin,Conc bin,Syllable,,,
,,Target,the wall is under the tree,target,3113819,M1_Noun_intransitivePPbeg_18,,F2_Noun_intransitivePPbeg_18,,,8,7,1,,,
,,P1,the ball is under the tree,mp,275203676,,,,,,,,,,,
,,P2,the wool is under the tree,mp,142140757,,,,,,,,,,,
,,P3,x,x,x,,,,,,,,,,,
,,S1,the window is under the tree,coord,212369812,,,,,,,,,,,
,,S2,the fence is under the tree,coord,221591896,,,,,,,,,,,
,,Un,x,x,x,,,,,,,,,,,
,,Un,the sheep is under the tree,un,65811931,,,,,,,,,,,
,,,,,,,,,,,,,,,,
,teapot,,Linguistic unit,P type,Image ID,Male 1,Male 2,Female 2,Female 1,,Freq bin,Conc bin,Syllable,,,
,,Target,the teapot is in the garden,target,284012081,M1_Noun_intransitivePPbeg_25,,F2_Noun_intransitivePPbeg_25,,,5,7,2,,,
,,P1,the teepee is in the garden,close,263392979,,,,,,,,,,,
,,P2,the coffeepot is in the garden,distant,209679976,,,,,,,,,,,
,,P3,x,x,x,,,,,,,,,,,
,,S1,the pot is in the garden,coord,50276305,,,,,,,,,,,
,,S2,the jug is in the garden,coord,328154375,,,,,,,,,,,
,,Un,the water is in the garden,coord,282178793,,,,,,,,,,,
,,Un,x,x,x,,,,,,,,,,,
,,,,,,,,,,,,,,,,
,court,,Linguistic unit,P type,Image ID,Male 1,Male 2,Female 2,Female 1,,Freq bin,Conc bin,Syllable,,,
,,Target,the court is in the garden,target,219251344,M1_Noun_intransitivePPbeg_27,,F2_Noun_intransitivePPbeg_27,,,8,6,1,,,
,,P1,the cart is in the garden,mp,91234046,,,,,,,,,,,
,,P2,the fort is in the garden,mp,56914543,,,,,,,,,,,
,,P3,x,x,x,,,,,,,,,,,
,,S1,the wedding is in the garden,coord,1734960,,,,,,,,,,,
,,S2,the pitch is in the garden,coord,290605997,,,,,,,,,,,
,,Un,the fork  is in the garden,un,192369584,,,,,,,,,,,
,,Un,x,x,x,,,,,,,,,,,
,,,,,,,,,,,,,,,,
,hanger,,Linguistic unit,P type,Image ID,Male 1,Male 2,Female 2,Female 1,,Freq bin,Conc bin,Syllable,,,
,,Target,the hanger lies on the table,target,197894261,M1_Noun_intransitivePPbeg_30,,F2_Noun_intransitivePPbeg_30,,,4,7,2,,,
,,P1,the hamper lies on the table,mp,292671560,,,,,,,,,,,
,,P2,x,x,x,,,,,,,,,,,
,,P3,the hammer lies on the table,mp,221714875,,,,,,,,,,,
,,S1,the clothes lies on the table,coord,299112899,,,,,,,,,,,
,,S2,x,x,,,,,,,,,,,,
,,Un,the cat lies on the table,un,289930448,,,,,,,,,,,
,,Un,the  bread lies on the table,un,242946103,,,,,,,,,,,
,,,,,,,,,,,,,,,,
,bush,,Linguistic unit,P type,Image ID,Male 1,Male 2,Female 2,Female 1,,Freq bin,Conc bin,Syllable,,,
,,Target,the bush grows in the field,target,270854237,M1_Noun_intransitivePPbeg_31,,F2_Noun_intransitivePPbeg_31,,,6,7,1,,,
,,P1,the bull grows in the field,close,35054917,,,,,,,,,,,
,,P2,x,x,x,,,,,,,,,,,
,,P3,x,x,x,,,,,,,,,,,
,,S1,the tree grows in the field,coord,34873670,,,,,,,,,,,
,,S2,the plant grows in the field,coord,328986,,,,,,,,,,,
,,Un,the cow grows in the field,un,41145079,,,,,,,,,,,
,,Un,the bird grows in the field,un,153308996,,,,,,,,,,,
,,,,,,,,,,,,,,,,
,butterfly,,Linguistic unit,P type,Image ID,Male 1,Male 2,Female 2,Female 1,,Freq bin,Conc bin,Syllable,,,
,,Target,The butterfly lands on his nose,target,143498137,M1_Noun_intransitivePPbeg_34,,F2_Noun_intransitivePPbeg_34,,,6,7,3,,,
,,P1,x,x,x,,,,,,,,,,,
,,P2,x,x,x,,,,,,,,,,,
,,P3,The fly lands on his nose,distant,66699028,,,,,,,,,,,
,,S1,The bee lands on his nose,coord,160525967,,,,,,,,,,,
,,S2,The ladybird lands on his nose,coord,29579935,,,,,,,,,,,
,,Un,The snail lands on his nose,coord,1027757,,,,,,,,,,,
,,Un,The bird lands on his nose,coord,161411003,,,,,,,,,,,
,,,,,,,,,,,,,,,,
,typewriter,,Linguistic unit,P type,Image ID,Male 1,Male 2,Female 2,Female 1,,Freq bin,Conc bin,Syllable,,,
,,Target,the typewriter breaks at work,target,27573228,M1_Noun_intransitivePPbeg_47,,F2_Noun_intransitivePPbeg_47,,,4,7,3,,,
,,P1,x,x,,,,,,,,,,,,
,,P2,the lighter breaks at work,distant,58276510,,,,,,,,,,,
,,P3,x,x,x,,,,,,,,,,,
,,S1,the computer breaks at work,coord,39928269,,,,,,,,,,,
,,S2,the phone breaks at work,coord,136487447,,,,,,,,,,,
,,Un,the pencil breaks at work,un,325855256,,,,,,,,,,,
,,Un,the radio breaks at work,un,50647519,,,,,,,,,,,
,,,,,,,,,,,,,,,,
,rainbow,,Linguistic unit,P type,Image ID,Male 1,Male 2,Female 2,Female 1,,Freq bin,Conc bin,Syllable,,,
,,Target,the rainbow appears outside,target,132632972,M1_Noun_intransitivePPbeg_48,,F2_Noun_intransitivePPbeg_48,,,6,7,2,,,
,,P1,the crossbow appears outside,distant,246542533,,,,,,,,,,,
,,P2,the rain appears outside,distant/coord,43859197,,,,,,,,,,,
,,P3,x,x,x,,,,,,,,,,,
,,S1,the sunset appears outside,coord,15135205,,,,,,,,,,,
,,S2,the lightening appears outside,coord,324240191,,,,,,,,,,,
,,Un,the snow appears outside,un,162729056,,,,,,,,,,,
,,Un,x,x,x,,,,,,,,,,,
,,,,,,,,,,,,,,,,
,secretary,,Linguistic unit,P type,Image ID,Male 1,Male 2,Female 2,Female 1,,Freq bin,Conc bin,Syllable,,,
,,Target,the secretary looks at the computer,target,190568510,,M2_Noun_intransitivePPbeg_50,,F1_Noun_intransitivePPbeg_50,,8,7,4,,,
,,P1,x,x,x,,,,,,,,,,,
,,P2,x,x,x,,,,,,,,,,,
,,P3,the security looks at the computer,distant,194984342,,,,,,,,,,,
,,S1,the doctor looks at the computer,coord,81573745,,,,,,,,,,,
,,S2,the cleaner looks at the computer,coord,280787885,,,,,,,,,,,
,,Un,the child looks at the computer,un,320399756,,,,,,,,,,,
,,Un,the graduate looks at the computer,coord,265892489,,,,,,,,,,,
,,,,,,,,,,,,,,,,
,pound,,Linguistic unit,P type,Image ID,Male 1,Male 2,Female 2,Female 1,,Freq bin,Conc bin,Syllable,,,
,,Target,a pound lies in the garden,target,52132202,,M2_Noun_intransitivePPbeg_51,,F1_Noun_intransitivePPbeg_51,,7,7,1,,,
,,P1,a pond lies in the garden,mp,57479839,,,,,,,,,,,
,,P2,a hound lies in the garden,mp,93762340,,,,,,,,,,,
,,P3,a mound lies in the garden,mp,289749473,,,,,,,,,,,
,,S1,a note lies in the garden,coord,133645565,,,,,,,,,,,
,,S2,x,x,x,,,,,,,,,,,
,,Un,x,x,x,,,,,,,,,,,
,,Un,a weight lies in the garden,un,286452014,,,,,,,,,,,
,,,,,,,,,,,,,,,,
,iron,,Linguistic unit,P type,Image ID,Male 1,Male 2,Female 2,Female 1,,Freq bin,Conc bin,Syllable,,,
,,Target,the iron belongs to the man,target,51388888,,M2_Noun_intransitivePPbeg_53,,F1_Noun_intransitivePPbeg_53,,7,7,2,,,
,,P1,the lion belongs to the man,mp,134472080,,,,,,,,,,,
,,P2,the onion belongs to the man,distant,130666667,,,,,,,,,,,
,,P3,x,x,x,,,,,,,,,,,
,,S1,the sock belongs to the man,assoc,310809407,,,,,,,,,,,
,,S2,the hanger belongs to the man,assoc,280925774,,,,,,,,,,,
,,Un,the laundry belongs to the man,assoc,19291843,,,,,,,,,,,
,,Un,x,x,x,,,,,,,,,,,
,,,,,,,,,,,,,,,,
,couple,,Linguistic unit,P type,Image ID,Male 1,Male 2,Female 2,Female 1,,Freq bin,Conc bin,Syllable,,,
,,Target,the couple smile together,target,39595978,,M2_Noun_intransitivePPbeg_54,,F1_Noun_intransitivePPbeg_54,,8,5,2,,,
,,P1,the people smile together,distant,37284049,,,,,,,,,,,
,,P2,the apples smile together,distant,1124309361,,,,,,,,,,,
,,P3,x,x,x,,,,,,,,,,,
,,S1,the children smile together,assoc,6080655,,,,,,,,,,,
,,S2,x,x,x,,,,,,,,,,,
,,Un,the family smile together,un,21402747,,,,,,,,,,,
,,Un,the women smile together,un,309289829,,,,,,,,,,,
,,,,,,,,,,,,,,,,
,woman,,Linguistic unit,P type,Image ID,Male 1,Male 2,Female 2,Female 1,,Freq bin,Conc bin,Syllable,,,
,,Target,the woman cheers in excitement,target,58154158,,M2_Noun_intransitivePPbeg_56,,F1_Noun_intransitivePPbeg_56,,8,6,2,,,
,,P1,the women cheer in excitement,close,256140502,,,,,,,,,,,
,,P2,x,x,x,,,,,,,,,,,
,,P3,x,x,x,,,,,,,,,,,
,,S1,the man cheers in excitement,coord,189008066,,,,,,,,,,,
,,S2,the child cheers in excitement,coord,54826561,,,,,,,,,,,
,,Un,the men cheer in excitement,assoc,225348109,,,,,,,,,,,
,,Un,the children cheer in excitement,assoc,88265581,,,,,,,,,,,
,,,,,,,,,,,,,,,,
,women,,Linguistic unit,P type,Image ID,Male 1,Male 2,Female 2,Female 1,,Freq bin,Conc bin,Syllable,,,
,,Target,the women cheer in excitement,target,256140502,,M2_Noun_intransitivePPbeg_57, ,F1_Noun_intransitivePPbeg_57,,8,6,2,,,
,,P1,the woman cheers in excitement,close,58154158,,,,,,,,,,,
,,P2,x,x,x,,,,,,,,,,,
,,P3,x,x,x,,,,,,,,,,,
,,S1,the man cheers in excitement,coord,189008066,,,,,,,,,,,
,,S2,the child cheers in excitement,coord,54826561,,,,,,,,,,,
,,Un,the men cheer in excitement,assoc,225348109,,,,,,,,,,,
,,Un,the children cheer in excitement,assoc,88265581,,,,,,,,,,,
,,,,,,,,,,,,,,,,
,doll,,Linguistic unit,P type,Image ID,Male 1,Male 2,Female 2,Female 1,,Freq bin,Conc bin,Syllable,,,
,,Target,the doll belongs to the child,target,181238870,,M2_Noun_intransitivePPbeg_58,,F1_Noun_intransitivePPbeg_58,,6,7,1,,,
,,P1,the bowl belongs to the child,close,178210637,,,,,,,,,,,
,,P2,the drill belongs to the child,distant,204591244,,,,,,,,,,,
,,P3,the goal belongs to the child,close,201975412,,,,,,,,,,,
,,S1,the bear belongs to the child,coord,249462853,,,,,,,,,,,
,,S2,the rabbit belongs to the child,coord,345403865,,,,,,,,,,,
,,Un,x,x,x,,,,,,,,,,,
,,Un,x,x,x,,,,,,,,,,,
,,,,,,,,,,,,,,,,
,parrot,,Linguistic unit,P type,Image ID,Male 1,Male 2,Female 2,Female 1,,Freq bin,Conc bin,Syllable,,,
,,Target,the parrot is in the bucket,target,55506964,,M2_Noun_intransitivePPbeg_60,,F1_Noun_intransitivePPbeg_60,,5,7,2,,,
,,P1,the carrot is in the bucket,mp,40789309,,,,,,,,,,,
,,P2,the ferret is in the bucket,distant,98441516,,,,,,,,,,,
,,P3,x,x,x,,,,,,,,,,,
,,S1,the egg is in the bucket,assoc,7456320504,,,,,,,,,,,
,,S2,x,x,x,,,,,,,,,,,
,,Un,the cherry is in the bucket,un,485695425,,,,,,,,,,,
,,Un,the horse is in the bucket,un,84453310,,,,,,,,,,,
,,,,,,,,,,,,,,,,
,minute,,Linguistic unit,P type,Image ID,Male 1,Male 2,Female 2,Female 1,,Freq bin,Conc bin,Syllable,,,
,,Target,the minute ends now,target,12702728,,M2_Noun_intransitivePPbeg_62,,F1_Noun_intransitivePPbeg_62,,8,4,2,,,
,,P1,x,x,x,,,,,,,,,,,
,,P2,the permit ends now,close,83257171,,,,,,,,,,,
,,P3,x,x,x,,,,,,,,,,,
,,S1,the month ends now,coord,198643070,,,,,,,,,,,
,,S2,the hour ends now,assoc,295919873,,,,,,,,,,,
,,Un,the mile ends now,un,101194771,,,,,,,,,,,
,,Un,the film ends now,un,373569079,,,,,,,,,,,
,,,,,,,,,,,,,,,,
,queen,,Linguistic unit,P type,Image ID,Male 1,Male 2,Female 2,Female 1,,Freq bin,Conc bin,Syllable,,,
,,Target,the queen sits on the chair,target,376604752,,M2_Noun_intransitivePPbeg_64,,F1_Noun_intransitivePPbeg_64,,8,6,1,,,
,,P1,x,x,x,,,,,,,,,,,
,,P2,the teen sits on the chair,mp,326002187,,,,,,,,,,,
,,P3,x,x,x,,,,,,,,,,,
,,S1,the king sits on the chair,coord,214078708,,,,,,,,,,,
,,S2,the crown sits on the chair,assoc,42029989,,,,,,,,,,,
,,Un,the dog sits on the chair,un,328631165,,,,,,,,,,,
,,Un,the woman sits on the chair,un,360527153,,,,,,,,,,,
,,,,,,,,,,,,,,,,
,music,,Linguistic unit,P type,Image ID,Male 1,Male 2,Female 2,Female 1,,Freq bin,Conc bin,Syllable,,,
,,Target,the music plays quietly,target,322969853,,M2_Noun_intransitivePPbeg_66,,F1_Noun_intransitivePPbeg_66,,8,6,2,,,
,,P1,x,x,x,,,,,,,,,,,
,,P2,the moose plays quietly,distant,96205961,,,,,,,,,,,
,,P3,x,x,x,,,,,,,,,,,
,,S1,the child plays quietly,assoc,283819610,,,,,,,,,,,
,,S2,the bear plays quietly,assoc,149694575,,,,,,,,,,,
,,Un,the dog plays quietly,un,16909218,,,,,,,,,,,
,,Un,the cat plays quietly,un,172615112,,,,,,,,,,,
,,,,,,,,,,,,,,,,
,pressure,,Linguistic unit,P type,Image ID,Male 1,Male 2,Female 2,Female 1,,Freq bin,Conc bin,Syllable,,,
,,Target,the pressure builds slowly,target,286013873,,M2_Noun_intransitivePPbeg_69,,F1_Noun_intransitivePPbeg_69,,8,4,2,,,
,,P1,x,x,x,,,,,,,,,,,
,,P2,the treasure builds slowly,close,98150270,,,,,,,,,,,
,,P3,x,x,x,,,,,,,,,,,
,,S1,the work builds slowly,assoc,193420553,,,,,,,,,,,
,,S2,the man builds slowly,assoc,222634690,,,,,,,,,,,
,,Un,the pile builds slowly,un,319703726,,,,,,,,,,,
,,Un,the child builds slowly,un,61575769,,,,,,,,,,,
,,,,,,,,,,,,,,,,
,part,,Linguistic unit,P type,Image ID,Male 1,Male 2,Female 2,Female 1,,Freq bin,Conc bin,Syllable,,,
,,Target,the part breaks suddenly,target,26631547,,M2_Noun_intransitivePPbeg_71,,F1_Noun_intransitivePPbeg_71,,8,4,1,,,
,,P1,the heart breaks  suddenly,mp,373428664,,,,,,,,,,,
,,P2,the cart breaks  suddenly,mp,255274603,,,,,,,,,,,
,,P3,the tart breaks  suddenly,mp,323290961,,,,,,,,,,,
,,S1,the bike breaks  suddenly,assoc,182877068,,,,,,,,,,,
,,S2,the car breaks  suddenly,assoc,109392599,,,,,,,,,,,
,,Un,x,x,x,,,,,,,,,,,
,,Un,x,x,x,,,,,,,,,,,
,,,,,,,,,,,,,,,,
,match,,Linguistic unit,P type,Image ID,Male 1,Male 2,Female 2,Female 1,,Freq bin,Conc bin,Syllable,,,
,,Target,the match burns slowly,target,330167753,,M2_Noun_intransitivePPbeg_72,,F1_Noun_intransitivePPbeg_72,,8,6,1,,,
,,P1,x,x,x,,,,,,,,,,,
,,P2,x,x,x,,,,,,,,,,,
,,P3,x,x,x,,,,,,,,,,,
,,S1,the fire burns slowly,x,109977098,,,,,,,,,,,
,,S2,the coal burns slowly,assoc,216958807,,,,,,,,,,,
,,Un,the field burns slowly,un,890663,,,,,,,,,,,
,,Un,the house burns slowly,un,145229422,,,,,,,,,,,
,,,,,,,,,,,,,,,,
,dad,,Linguistic unit,P type,Image ID,Male 1,Male 2,Female 2,Female 1,,Freq bin,Conc bin,Syllable,,,
,,Target,the dad sleeps in the bed,target,43251532,,M2_Noun_intransitivePPbeg_74,,F1_Noun_intransitivePPbeg_74,,8,6,1,,,
,,P1,x,x,x,,,,,,,,,,,
,,P2,the lad sleeps in the bed,mp,214962088,,,,,,,,,,,
,,P3,x,x,x,,,,,,,,,,,
,,S1,the mum sleeps in the bed,coord,389849458,,,,,,,,,,,
,,S2,the baby sleeps in the bed,assoc,91106393,,,,,,,,,,,
,,Un,the cat sleeps in the bed,un,331215233,,,,,,,,,,,
,,Un,the dog sleeps in the bed,un,23267043,,,,,,,,,,,
,,,,,,,,,,,,,,,,
,lad,,Linguistic unit,P type,Image ID,Male 1,Male 2,Female 2,Female 1,,Freq bin,Conc bin,Syllable,,,
,,Target,the lad sleeps in the bed,target,214962088,,M2_Noun_intransitivePPbeg_77,F2_Noun_intransitivePPbeg_77,,,5,6,1,,,
,,P1,x,x,x,,,,,,,,,,,
,,P2,the dad sleeps in the bed,mp,43251532,,,,,,,,,,,
,,P3,the lass sleeps in the bed,close,372909472,,,,,,,,,,,
,,S1,the mum sleeps in the bed,assoc,389849458,,,,,,,,,,,
,,S2,the baby sleeps in the bed,coord,91106393,,,,,,,,,,,
,,Un,the cat sleeps in the bed,un,331215233,,,,,,,,,,,
,,Un,x,x,x,,,,,,,,,,,
,,,,,,,,,,,,,,,,
,glass,,Linguistic unit,P type,Image ID,Male 1,Male 2,Female 2,Female 1,,Freq bin,Conc bin,Syllable,,,
,,Target,the glass falls on the floor,target,411912256,,M2_Noun_intransitivePPbeg_85,F2_Noun_intransitivePPbeg_85,,,7,7,1,,,
,,P1,the lass falls on the floor,mp,33569378,,,,,,,,,,,
,,P2,the gas falls on the floor,mp,348582857,,,,,,,,,,,
,,P3,the glasses fall on the floor,close,135694967,,,,,,,,,,,
,,S1,the cup falls on the floor,coord,285418763,,,,,,,,,,,
,,S2,the pot falls on the floor,coord,377727364,,,,,,,,,,,
,,Un,x,x,x,,,,,,,,,,,
,,Un,x,x,x,,,,,,,,,,,
,,,,,,,,,,,,,,,,
,glasses,,Linguistic unit,P type,Image ID,Male 1,Male 2,Female 2,Female 1,,Freq bin,Conc bin,Syllable,,,
,,Target,the glasses fall on the floor,target,135694967,,M2_Noun_intransitivePPbeg_86,F2_Noun_intransitivePPbeg_86,,,6,7,2,,,
,,P1,x,x,x,,,,,,,,,,,
,,P2,the glass falls on the floor,close,411912256,,,,,,,,,,,
,,P3,x,x,x,,,,,,,,,,,
,,S1,the binoculars fall on the floor,coord,286625042,,,,,,,,,,,
,,S2,the mirror falls on the floor,assoc,9756169,,,,,,,,,,,
,,Un,the cup falls on the floor,un,285418763,,,,,,,,,,,
,,Un,the boy falls on the floor,un,50782650,,,,,,,,,,,
,,,,,,,,,,,,,,,,
B,boy,,Linguistic unit,P type,Image ID,Male 1,Male 2,Female 2,Female 1,,Freq bin,Conc bin,Syllable,,,
,,Target,The boy flies in the air,target,323376614,M1_Noun_intransitivePPbeg_3,,F2_Noun_intransitivePPbeg_3,,,8,7,1,1,,
,,P1,the box flies in the air,close,76892097380,,,,,,,,,,,
,,P2,The toy flies in the air,mp,193607378,,,,,,,,,,,
,,P3,x,x,x,,,,,,,,,,,
,,S1,the man flies in the air,coord,30873232,,,,,,,,,,,
,,S2,the girl flies in the air,coord,31684154,,,,,,,,,,,
,,Un,the kite flies in the air,un,20246016209,,,,,,,,,,,
,,Un,x,x,x,,,,,,,,,,,
,,,,,,,,,,,,,,,,
B,boy,,Linguistic unit,P type,Image ID,Male 1,Male 2,Female 2,Female 1,,Freq bin,Conc bin,Syllable,,,
,,Target,the boy sits on the chair,target,236212696,M1_Noun_intransitivePPbeg_2,,F2_Noun_intransitivePPbeg_2,,,8,7,1,,,
,,P1,the toy sits on the chair,mp,39844867,,,,,,,,,,,
,,P2,the bear sits on the chair,mp,287314931,,,,,,,,,,,
,,P3,x,x,x,,,,,,,,,,,
,,S1,the girl sits on the chair,coord,17985635,,,,,,,,,,,
,,S2,the man sits on the chair,coord,29524396,,,,,,,,,,,
,,Un,the cat sits on the chair,un,52607298,,,,,,,,,,,
,,Un,x,x,x,,,,,,,,,,,
,,,,,,,,,,,,,,,,
B,home,,Linguistic unit,P type,Image ID,Male 1,Male 2,Female 2,Female 1,,Freq bin,Conc bin,Syllable,,,
,,Target,The home is cleaned by the man,target,257586442,M1_Noun_intransitivePPbeg_8,,F2_Noun_intransitivePPbeg_8,,,8,7,1,,,
,,P1,The dome is cleaned by the man,mp,328163780,,,,,,,,,,,
,,P2,x,x,x,,,,,,,,,,,
,,P3,The phone is cleaned by the man,close,172134821,,,,,,,,,,,
,,S1,The office is cleaned by the man,coord,250746889,,,,,,,,,,,
,,S2,The canteen is cleaned by the man,coord,152942717,,,,,,,,,,,
,,Un,The car is cleaned by the man,un,220621123,,,,,,,,,,,
,,Un,x,x,x,,,,,,,,,,,
,,,,,,,,,,,,,,,,
B,horse,,Linguistic unit,P type,Image ID,Male 1,Male 2,Female 2,Female 1,,Freq bin,Conc bin,Syllable,,,
,,Target,the horse is in the field,target,269209058,M1_Noun_intransitivePPbeg_10,,F2_Noun_intransitivePPbeg_10,,,8,7,1,,,
,,P1,the gorse in in the field,mp,272714063,,,,,,,,,,,
,,P2,the house is in the field,mp,199360007,,,,,,,,,,,
,,P3,the course is in the field,mp,86553061,,,,,,,,,,,
,,S1,the cow is in the field,coord,41145079,,,,,,,,,,,
,,S2,x,x,x,,,,,,,,,,,
,,Un,the heather is in the field,un,291496262,,,,,,,,,,,
,,Un,x,x,x,,,,,,,,,,,
,,,,,,,,,,,,,,,,
B,bike,,Linguistic unit,P type,Image ID,Male 1,Male 2,Female 2,Female 1,,Freq bin,Conc bin,Syllable,,,
,,Target,The bike leans against the wall,target,108325415,M1_Noun_intransitivePPbeg_11,,F2_Noun_intransitivePPbeg_11,,,7,7,1,,,
,,P1,The book leans against the wall,mp,63521675,,,,,,,,,,,
,,P2,x,x,x,,,,,,,,,,,
,,P3,The trike leans against the wall,mp,110934848,,,,,,,,,,,
,,S1,The wheel leans against the wall,coord,85496150,,,,,,,,,,,
,,S2,The scooter leans against the wall,coord,228523927,,,,,,,,,,,
,,Un,The broom leans against the wall,un,71680558,,,,,,,,,,,
,,Un,x,x,x,,,,,,,,,,,
,,,,,,,,,,,,,,,,
B,window,,Linguistic unit,P type,Image ID,Male 1,Male 2,Female 2,Female 1,,Freq bin,Conc bin,Syllable,,,
,,Target,the window is beside the door,target,57964438,M1_Noun_intransitivePPbeg_14,,F2_Noun_intransitivePPbeg_14,,,6,7,1,,,
,,P1,the woman is beside the door,distant,88812964,,,,,,,,,,,
,,P2,the pillow is beside the door,distant,302260103,,,,,,,,,,,
,,P3,x,x,x,,,,,,,,,,,
,,S1,the window cleaner is beside the door,coord,236851948,,,,,,,,,,,
,,S2,x,x,x,,,,,,,,,,,
,,Un,the mirror is beside the door,coord,334856561,,,,,,,,,,,
,,Un,the plant is beside the door,un,40331683,,,,,,,,,,,
,,,,,,,,,,,,,,,,
B,knife,,Linguistic unit,P type,Image ID,Male 1,Male 2,Female 2,Female 1,,Freq bin,Conc bin,Syllable,,,
,,Target,the knife is in the garden,target,103256255,M1_Noun_intransitivePPbeg_16,,F2_Noun_intransitivePPbeg_16,,,6,7,1,,,
,,P1,the wife is in the garden,mp,318814274,,,,,,,,,,,
,,P2,the knight is in the garden,mp,285073766,,,,,,,,,,,
,,P3,x,x,x,,,,,,,,,,,
,,S1,the sheers is in the garden,coord,287707931,,,,,,,,,,,
,,S2,the fork is in the garden,coord,192369584,,,,,,,,,,,
,,Un,the husband is in the garden,coord,43831996,,,,,,,,,,,
,,Un,x,x,x,,,,,,,,,,,
,,,,,,,,,,,,,,,,
B,ladder,,Linguistic unit,P type,Image ID,Male 1,Male 2,Female 2,Female 1,,Freq bin,Conc bin,Syllable,,,
B,,Target,the ladder is on the floor,target,211790278,M1_Noun_intransitivePPbeg_19,,F2_Noun_intransitivePPbeg_19,,,6,7,2,,,
,,P1,the adder is on the floor,mp,171820001,,,,,,,,,,,
,,P2,the lad is on the floor,distant,61875193,,,,,,,,,,,
,,P3,x,x,x,,,,,,,,,,,
,,S1,the rope is on the floor,assoc,287100260,,,,,,,,,,,
,,S2,x,x,x,,,,,,,,,,,
,,Un,the chair is on the floor,un,180409850,,,,,,,,,,,
,,Un,the worm is on the floor,un,295583657,,,,,,,,,,,
,,,,,,,,,,,,,,,,
B,bug,,Linguistic unit,P type,Image ID,Male 1,Male 2,Female 2,Female 1,,Freq bin,Conc bin,Syllable,,,
,,Target,the bug is on the table,target,334356071,M1_Noun_intransitivePPbeg_20,,F2_Noun_intransitivePPbeg_20,,,6,7,1,,,
,,P1,the bun is on the table,mp,242946103,,,,,,,,,,,
,,P2,the rug is on the table,mp,87750751,,,,,,,,,,,
,,P3,the bag is on the table,mp,253140481,,,,,,,,,,,
,,S1,the bird is on the table,coord,244205458,,,,,,,,,,,
,,S2,the cat is on the table,coord,289930448,,,,,,,,,,,
,,Un,x,x,x,,,,,,,,,,,
,,Un,x,x,x,,,,,,,,,,,
,,,,,,,,,,,,,,,,
B,fork,,Linguistic unit,P type,Image ID,Male 1,Male 2,Female 2,Female 1,,Freq bin,Conc bin,Syllable,,,
,,Target,The fork is on the table,target,250848955,M1_Noun_intransitivePPbeg_21,,F2_Noun_intransitivePPbeg_21,,,5,7,1,,,
,,P1,the pork is on the table,mp,296284007,,,,,,,,,,,
,,P2,the fort is on the table,mp,1337402,,,,,,,,,,,
,,P3,x,x,x,,,,,,,,,,,
,,S1,the knife is on the table,coord,414583714,,,,,,,,,,,
,,S2,the plate is on the table,coord,16601710,,,,,,,,,,,
,,Un,the spoon is on the table,coord,311046191,,,,,,,,,,,
,,Un,x,x,x,,,,,,,,,,,
,,,,,,,,,,,,,,,,
B,map,,Linguistic unit,P type,Image ID,Male 1,Male 2,Female 2,Female 1,,Freq bin,Conc bin,Syllable,,,
,,Target,the map belongs to the girl,target,53228888,,M2_Noun_intransitivePPbeg_52,,F1_Noun_intransitivePPbeg_52,,7,7,1,,,
,,P1,the mat belongs to the girl,mp,216105094,,,,,,,,,,,
,,P2,the cap belongs to the girl,mp,18570298,,,,,,,,,,,
,,P3,x,x,x,,,,,,,,,,,
,,S1,the book belongs to the girl,coord,128396739,,,,,,,,,,,
,,S2,x,x,x,,,,,,,,,,,
,,Un,the letter belongs to the girl,un,39163306,,,,,,,,,,,
,,Un,the notebook belongs to the girl,un,296196317,,,,,,,,,,,
,,,,,,,,,,,,,,,,
B,king,,Linguistic unit,P type,Image ID,Male 1,Male 2,Female 2,Female 1,,Freq bin,Conc bin,Syllable,,,
,,Target,the king rests on the chair,target,106318892,,M2_Noun_intransitivePPbeg_63,,F1_Noun_intransitivePPbeg_63,,8,6,1,,,
,,P1,the ring rests on the chair,mp,320902886,,,,,,,,,,,
,,P2,the wing rests on the chair,mp,150888182,,,,,,,,,,,
,,P3,the string rests on the chair,mp,360527153,,,,,,,,,,,
,,S1,the queen rests on the chair,coord,127866917,,,,,,,,,,,
,,S2,the crown rests on the chair,assoc,42029989,,,,,,,,,,,
,,Un,x,x,x,,,,,,,,,,,
,,Un,x,x,x,,,,,,,,,,,
,,,,,,,,,,,,,,,,
,son,,Linguistic unit,P type,Image ID,Male 1,Male 2,Female 2,Female 1,,Freq bin,Conc bin,Syllable,,,
B,,Target,the son works when required,target,177074570,,M2_Noun_intransitivePPbeg_65,,F1_Noun_intransitivePPbeg_65,,8,6,1,,,
,,P1,the sum works  when required,mp,333343406,,,,,,,,,,,
,,P2,the gun works when required,mp,227351131,,,,,,,,,,,
,,P3,the nun works when required,mp,212791855,,,,,,,,,,,
,,S1,the daughter works when required,coord,346609535,,,,,,,,,,,
,,S2,x,x,x,,,,,,,,,,,
,,Un,the deckchair works when required,un,283468640,,,,,,,,,,,
,,Un,x,x,x,,,,,,,,,,,
,,,,,,,,,,,,,,,,
,link,,Linguistic unit,P type,Image ID,Male 1,Male 2,Female 2,Female 1,,Freq bin,Conc bin,Syllable,,,
B,,Target,the link breaks suddenly,target,164198960,,M2_Noun_intransitivePPbeg_70,,F1_Noun_intransitivePPbeg_70,,8,4,1,,,
,,P1,the sink breaks suddenly,mp,233588119,,,,,,,,,,,
,,P2,x,x,x,,,,,,,,,,,
,,P3,x,x,x,,,,,,,,,,,
,,S1,the knot breaks suddenly,coord,82890817,,,,,,,,,,,
,,S2,the bolt breaks suddenly,coord,305448533,,,,,,,,,,,
,,Un,the key breaks suddenly,un,25141096,,,,,,,,,,,
,,Un,the tap breaks suddenly,un,205724128,,,,,,,,,,,
,,,,,,,,,,,,,,,,
B,piece,,Linguistic unit,P type,Image ID,Male 1,Male 2,Female 2,Female 1,,Freq bin,Conc bin,Syllable,,,
,,Target,The piece lays on the table,target,109789949,,M2_Noun_intransitivePPbeg_83,F2_Noun_intransitivePPbeg_83,,,8,6,1,,,
,,P1,The quiche lays on the table,distant,151977176,,,,,,,,,,,
,,P2,The peas lay on the table,mp,90186349,,,,,,,,,,,
,,P3,The fleece lays on the table,mp,223824382,,,,,,,,,,,
,,S1,The knife lays on the table,assoc,79823443,,,,,,,,,,,
,,S2,The cake lays on the table,coord,268187408,,,,,,,,,,,
,,Un,x,x,,,,,,,,,,,,
,,Un,x,x,,,,,,,,,,,,
,,,,,,,,,,,,,,,,
B,hares,,Linguistic unit,P type,Image ID,Male 1,Male 2,Female 2,Female 1,,Freq bin,Conc bin,Syllable,,,
,,Target,the hares sit in the grass,target,153350132,,M2_Noun_intransitivePPbeg_88,F2_Noun_intransitivePPbeg_88,,,4,7,1,,,
,,P1,x,x,x,,,,,,,,,,,
,,P2,the pears sit in the grass,mp,318095657,,,,,,,,,,,
,,P3,the bears sit in the grass,mp,329292812,,,,,,,,,,,
,,S1,the dogs sit in the grass,coord,286293539,,,,,,,,,,,
,,S2,the guinea pigs sit in the grass,coord,110820515,,,,,,,,,,,
,,Un,x,x,x,,,,,,,,,,,
,,Un,x,x,x,,,,,,,,,,,
,,,,,,,,,,,,,,,,
B,pie,,Linguistic unit,P type,Image ID,Male 1,Male 2,Male 3,Female 2,,Freq bin ,Conc bin,Syllable,,,
,,target,The pie is on the table,target,344737331,,,M3_ACT_027,F2_ACT_027,,7,7,1,1,,
,,P1,The tie is on the table,mp,274462592,,,,,,,,,,,
,,P2,The plant is on the table,distant,301068881,,,,,,,,,,,
,,P3,x, x ,x,,,,,,,,,,,
,,S1,The cake is on the table,coord,440305114,,,,,,,,,,,
,,S2,The tin is on the table,assoc,118681120,,,,,,,,,,,
,,Un,The shirt is on the table,un,361422344,,,,,,,,,,,
,,Un,x, x ,x,,,,,,,,,,,
,,,,,,,,,,,,,,,,
B,judge,,Linguistic unit,P type,Image ID,Male 1,Male 2,Female 2,Female 1,,Freq bin,Conc bin,Syllable,,,
,,Target,the judge sits in front of him, target ,33765791,M1_Noun_intransitivePPbeg_45,,F2_Noun_intransitivePPbeg_45,,,7,5,1,1,,
,,P1,the fudge sits in front of him, mp ,123055120,,,,,,,,,,,
,,P2,the jug sits in front of him, mp ,33559462,,,,,,,,,,,
,,P3,x, x ,x,,,,,,,,,,,
,,S1,the priest sits in front of him,coord,45637892012,,,,,,,,,,,
,,S2,the teacher sits in front of him, coord ,32511024,,,,,,,,,,,
,,Un,the glass sits in front of him,un,67890234562,,,,,,,,,,,
,,Un,x, x ,x,,,,,,,,,,,
,,,,,,,,,,,,,,,,
B,rug,,Linguistic unit,P type,Image ID,Male 1,Male 2,Female 2,Female 1,,Freq bin,Conc bin,Syllable,,,
,,Target,the rug is on the floor,target,212257003,M1_Noun_intransitivePPbeg_24,,F2_Noun_intransitivePPbeg_24,,,5,7,1,,,
,,P1,the bug is on the floor,mp,317723675,,,,,,,,,,,
,,P2,the mug is on the floor,mp,261202910,,,,,,,,,,,
,,P3,the drug is on the floor,mp,287908115,,,,,,,,,,,
,,S1,the carpet is on the folor,coord,60923764,,,,,,,,,,,
,,S2,the towel is on the floor,coord,92908003,,,,,,,,,,,
,,Un,x,x,x,,,,,,,,,,,
,,Un,x,x,x,,,,,,,,,,,

