,secretary,,Linguistic unit,P type,Image ID,Male 1,Female 2,Male 2,Male 3,,Freq bin,Conc bin,Syllable,
,,Target,secretary,target,237017809,M1_Noun_single_3syll_1,F2_Noun_single_3syll_1,,M3_Noun_single_3syll_1,,8,7,4,
,,P1,settee,distant,14352447,,,,,,,,,
,,P2,cemetry,distant,313803443,,,,,,,,,
,,P3,security,distant,101014177,,,,,,,,,
,,S1,boss,coord,44182813,,,,,,,,,
,,S2,cleaner,coord,166287176,,,,,,,,,
,,Un,x,x,x,,,,,,,,,
,,Un,x,x,x,,,,,,,,,
,,,,,,,,,,,,,,
,hospital,,Linguistic unit,P type,Image ID,Male 1,Female 2,Male 2,Male 3,,Freq bin,Conc bin,Syllable,
,,Target,hospital,target,156022646,M1_Noun_single_3syll_2,F2_Noun_single_3syll_2,,M3_Noun_single_3syll_2,,8,7,3,
,,P1,hostel,distant,230648185,,,,,,,,,
,,P2,hosepipe,distant,106051277,,,,,,,,,
,,P3,x,x,x,,,,,,,,,
,,S1,ambulance,assoc,35015805,,,,,,,,,
,,S2,stethoscope,assoc,173685527,,,,,,,,,
,,Un,x,x,x,,,,,,,,,
,,Un,car,un,9545845848,,,,,,,,,
,,,,,,,,,,,,,,
,butterfly,,Linguistic unit,P type,Image ID,Male 1,Female 2,Male 2,Male 3,,Freq bin,Conc bin,Syllable,
,,Target,butterfly,target,262034852,M1_Noun_single_3syll_3,F2_Noun_single_3syll_3,,M3_Noun_single_3syll_3,,6,7,3,
,,P1,butter,distant,157625549,,,,,,,,,
,,P2,fly,distant,781520,,,,,,,,,
,,P3,x,x,x,,,,,,,,,
,,S1,dragonfly,coord,117170536,,,,,,,,,
,,S2,caterpillar,coord,315158195,,,,,,,,,
,,Un,knife,un,22159341,,,,,,,,,
,,Un,x,x,x,,,,,,,,,
,,,,,,,,,,,,,,
,escalator,,Linguistic unit,P type,Image ID,Male 1,Female 2,Male 2,Male 3,,Freq bin,Conc bin,Syllable,
,,Target,escalator,target,235322389,M1_Noun_single_3syll_5,F2_Noun_single_3syll_5,,M3_Noun_single_3syll_5,,4,7,4,
,,P1,calculator,mp,324522782,,,,,,,,,
,,P2,grater,mp,169721918,,,,,,,,,
,,P3,alligator,close,310333790,,,,,,,,,
,,S1,stairs,coord,43132054,,,,,,,,,
,,S2,computer,un,876153,,,,,,,,,
,,Un,x,x,x,,,,,,,,,
,,Un,x,x,x,,,,,,,,,
,,,,,,,,,,,,,,
,typewriter,,Linguistic unit,P type,Image ID,Male 1,Female 2,Male 2,Male 3,,Freq bin,Conc bin,Syllable,
,,Target,typewriter,target,110397353,M1_Noun_single_3syll_6,F2_Noun_single_3syll_6,,M3_Noun_single_3syll_6,,4,7,3,
,,P1,firefighter,distant,310751357,,,,,,,,,
,,P2,lighter,distant,271240043,,,,,,,,,
,,P3,bullfighter,distant,155341151,,,,,,,,,
,,S1,computer,coord,876153,,,,,,,,,
,,S2,x,x,x,,,,,,,,,
,,Un,x,x,x,,,,,,,,,
,,Un,radio,un,161421995,,,,,,,,,
,,,,,,,,,,,,,,
,alcohol,,Linguistic unit,P type,Image ID,Male 1,Female 2,Male 2,Male 3,,Freq bin,Conc bin,Syllable,
,,Target,alcohol,target,280812776,,,M2_Noun_single_3syll_7,,F1_Noun_single_3syll_7,7,7,3,
,,P1,parasol,distant,26617003,,,,,,,,,
,,P2,ankle,distant,7065985,,,,,,,,,
,,P3,x,x,x,,,,,,,,,
,,S1,juice,coord,328154375,,,,,,,,,
,,S2,glass,assoc,10293484,,,,,,,,,
,,S3,umbrella (drink),assoc,171499982,,,,,,,,,
,,Un,x,x,x,,,,,,,,,
,,,,,,,,,,,,,,
,evidence,,Linguistic unit,P type,Image ID,Male 1,Female 2,Male 2,Male 3,,Freq bin,Conc bin,Syllable,
,,Target,evidence,target,187941386,,,M2_Noun_single_3syll_8,,F1_Noun_single_3syll_8,8,5,3,
,,P1,elephants,distant,310955243,,,,,,,,,
,,P2,ambulance,distant,35015805,,,,,,,,,
,,P3,audience,distant,144638723,,,,,,,,,
,,S1,court of justice,assoc,243765985,,,,,,,,,
,,S2,police,assoc,140116000,,,,,,,,,
,,Un,x,x,x,,,,,,,,,
,,Un,x,x,x,,,,,,,,,
,,,,,,,,,,,,,,
,family,,Linguistic unit,P type,Image ID,Male 1,Female 2,Male 2,Male 3,,Freq bin,Conc bin,Syllable,
,,Target,family,target,207786421,,,M2_Noun_single_3syll_10,,F1_Noun_single_3syll_10,8,6,3,
,,P1,famine,distant,134653718,,,,,,,,,
,,P2,fax,distant,270895163,,,,,,,,,
,,P3,pharmacy,distant,222362446,,,,,,,,,
,,S1,house,assoc,90784409,,,,,,,,,
,,S2,love,assoc,17265799,,,,,,,,,
,,Un,x,x,x,,,,,,,,,
,,Un,x,x,x,,,,,,,,,
,,,,,,,,,,,,,,
,footballer,,Linguistic unit,P type,Image ID,,,,,,Freq bin,Conc bin,Syllable,
,,Target,footballer,target,257173666,,,M2_Noun_single_3syll_11,,F1_Noun_single_3syll_11,6,7,3,
,,P1,football,mp,66600742,,,,,,,,,
,,P2,taller,distant,165957485,,,,,,,,,
,,P3,x,x,x,,,,,,,,,
,,S1,foot,assoc,700001,,,,,,,,,
,,S2,football goal,assoc,7273203,,,,,,,,,
,,Un,footbal boot,un,195946388,,,,,,,,,
,,Un,x,x,x,,,,,,,,,
,,,,,,,,,,,,,,
,wheelchair,,Linguistic unit,P type,Image ID,,,,,,Freq bin,Conc bin,Syllable,
,,Target,wheelchair,target,129921902,,,M2_Noun_single_3syll_12,,F1_Noun_single_3syll_12,6,7,3,
,,P1,rocking chair,distant,3436172,,,,,,,,,
,,P2,wheel,distant,85496150,,,,,,,,,
,,P3,chair,distant,69784520,,,,,,,,,
,,S1,broken leg,assoc,2466825,,,,,,,,,
,,S2,sofa,coord,14352447,,,,,,,,,
,,Un,x,x,x,,,,,,,,,
,,Un,x,x,x,,,,,,,,,
,,,,,,,,,,,,,,
,paperwork,,Linguistic unit,P type,Image ID,,,,,,Freq bin,Conc bin,Syllable,
,,Target,paperwork,target,282740348,,,M2_Noun_single_3syll_13,,F1_Noun_single_3syll_13,6,7,3,
,,P1,needlework,distant,266859215,,,,,,,,,
,,P2,patchwork,distant,245137288,,,,,,,,,
,,P3,paper,distant,6510816,,,,,,,,,
,,S1,pen,assoc,345033782,,,,,,,,,
,,S2,folder,assoc,282891893,,,,,,,,,
,,Un,x,x,x,,,,,,,,,
,,Un,x,x,x,,,,,,,,,
,,,,,,,,,,,,,,
,religion,,Linguistic unit,P type,Image ID,,,,,,Freq bin,Conc bin,Syllable,
,,Target,religion,target,126543428,,,M2_Noun_single_3syll_14,,F1_Noun_single_3syll_14,6,1,3,
,,P1,pigeon,distant,202840786,,,,,,,,,
,,P2,x,x,x,,,,,,,,,
,,P3,x,x,x,,,,,,,,,
,,S1,education,coord,302516108,,,,,,,,,
,,S2,dove,coord,64272784,,,,,,,,,
,,Un,military,x,286093235,,,,,,,,,
,,Un,necklace,un,18132728,,,,,,,,,
,,,,,,,,,,,,,,
,surgery,,Linguistic unit,P type,Image ID,,,,,,Freq bin,Conc bin,Syllable,
,,Target,surgery,target,111202760,,,M2_Noun_single_3syll_15,,F1_Noun_single_3syll_15,6,6,3,
,,P1,x,x,,,,,,,,,,
,,P2,purgery,mp,134462597,,,,,,,,,
,,P3,x,x,x,,,,,,,,,
,,S1,scalpel,assoc,350187212,,,,,,,,,
,,S2,hospital,coord,156022646,,,,,,,,,
,,Un,nurse,un,98508269,,,,,,,,,
,,Un,scissors,x,95124,,,,,,,,,
,,,,,,,,,,,,,,
,idea,,Linguistic unit,P type,Image ID,Male 1,Female 2,Male 2,Male 3,,Freq bin,Conc bin,Syllable,
,,Target,idea,target,76048039,,,M2_Noun_single_3syll_16,,F1_Noun_single_3syll_16,8,4,3,
,,P1,deer,distant,293398094,,,,,,,,,
,,P2,ID,close,225583099,,,,,,,,,
,,P3,ear,distant,38620788,,,,,,,,,
,,S1,brain,assoc,267484412,,,,,,,,,
,,S2,dream,coord,508856881,,,,,,,,,
,,Un,x,x,,,,,,,,,,
,,Un,x,x,,,,,,,,,,
,,,,,,,,,,,,,,
,alcohol,,Linguistic unit,P type,Image ID,Male 1,Female 2,Male 2,Male 3,,Freq bin,Conc bin,Syllable,
,,Target,alcohol,target,280812776,,,M2_Noun_single_3syll_18,,F1_Noun_single_3syll_18,7,7,3,
,,P1,x,x,x,,,,,,,,,
,,P2,aerosol,distant,275925476,,,,,,,,,
,,P3,hole,distant,185448857,,,,,,,,,
,,S1,glass,assoc,10350665,,,,,,,,,
,,S2,pub,assoc,3568888,,,,,,,,,
,,Un,lemonade,un,183554057,,,,,,,,,
,,Un,x,x,,,,,,,,,,
,,,,,,,,,,,,,,
,factory,,Linguistic unit,P type,Image ID,Male 1,Female 2,Male 2,Male 3,,Freq bin,Conc bin,Syllable,
,,Target,factory,target,258751610,,,M2_Noun_single_3syll_20,,F1_Noun_single_3syll_20,7,7,3,
,,P1,x,x,x,,,,,,,,,
,,P2,tractor,distant,341139554,,,,,,,,,
,,P3,x,x,x,,,,,,,,,
,,S1,machine,assoc,229767712,,,,,,,,,
,,S2,workers,assoc,8065081,,,,,,,,,
,,Un,actor,un,125381384,,,,,,,,,
,,Un,factor,un,2882656191,,,,,,,,,
,,,,,,,,,,,,,,
,video,,Linguistic unit,P type,Image ID,Male 1,Female 2,Male 2,Male 3,,Freq bin,Conc bin,Syllable,
,,Target,video (tape),target,318236540,,,M2_Noun_single_3syll_22,,F1_Noun_single_3syll_22,7,7,3,
,,P1,widow,distant,288588491,,,,,,,,,
,,P2,window,distant,165751670,,,,,,,,,
,,P3,x,x,,,,,,,,,,
,,S1,radio,coord,78640372,,,,,,,,,
,,S2,cinema,assoc,234158740,,,,,,,,,
,,Un,CD,un,95741050,,,,,,,,,
,,Un,x,x,,,,,,,,,,
,,,,,,,,,,,,,,
,restaurant,,Linguistic unit,P type,Image ID,Male 1,Female 2,Male 2,Male 3,,Freq bin,Conc bin,Syllable,
,,Target,restaurant,target,223258090,,,M2_Noun_single_3syll_23,,F1_Noun_single_3syll_23,7,7,3,
,,P1,restoration,distant,351070487,,,,,,,,,
,,P2,x,x,,,,,,,,,,
,,P3,x,x,,,,,,,,,,
,,S1,kitchen,assoc,243653452,,,,,,,,,
,,S2,chef,assoc,34013737,,,,,,,,,
,,Un,store,un,314136815,,,,,,,,,
,,Un,bakery,un,273123827,,,,,,,,,
,,,,,,,,,,,,,,
,cabinet,,Linguistic unit,P type,Image ID,Male 1,Female 2,Male 2,Male 3,,Freq bin,Conc bin,Syllable,
,,Target,cabinet,target,287718803,,,M2_Noun_single_3syll_24,,F1_Noun_single_3syll_24,7,7,3,
,,P1,cabin,close,247635181,,,,,,,,,
,,P2,nut,distant,3191120,,,,,,,,,
,,P3,net,distant,4675954,,,,,,,,,
,,S1,wardrobe,coord,33723657,,,,,,,,,
,,S2,table,coord,204687544,,,,,,,,,
,,Un,x,x,,,,,,,,,,
,,Un,x,x,,,,,,,,,,
,,,,,,,,,,,,,,
,company,,Linguistic unit,P type,Image ID,Male 1,Female 2,Male 2,Male 3,,Freq bin,Conc bin,Syllable,
,,Target,company,target,321792839,,,M2_Noun_single_3syll_25,,F1_Noun_single_3syll_25,8,6,3,
,,P1,computer,distant,151134563,,,,,,,,,
,,P2,compass,distant,25543776,,,,,,,,,
,,P3,companion,distant,279548804,,,,,,,,,
,,S1,skyscraper,assoc,246847408,,,,,,,,,
,,S2,suit,assoc,96547844,,,,,,,,,
,,Un,x,x,,,,,,,,,,
,,Un,x,x,,,,,,,,,,
,,,,,,,,,,,,,,
,government,,Linguistic unit,P type,Image ID,Male 1,Female 2,Male 2,Male 3,,Freq bin,Conc bin,Syllable,
,,Target,government,target,173777078,,,M2_Noun_single_3syll_26,,F1_Noun_single_3syll_26,8,4,3,
,,P1,garment,distant,6060606066,,,,,,,,,
,,P2,x,x,,,,,,,,,,
,,P3,mint,distant,217650220,,,,,,,,,
,,S1,president,assoc,240517264,,,,,,,,,
,,S2,queen,assoc,40450855,,,,,,,,,
,,Un,present,un,157822775,,,,,,,,,
,,Un,x,x,,,,,,,,,,
,,,,,,,,,,,,,,
,decision,,Linguistic unit,P type,Image ID,Male 1,Female 2,Male 2,Male 3,,Freq bin,Conc bin,Syllable,
,,Target,decision,target,152968568,,,M2_Noun_single_3syll_27,,F1_Noun_single_3syll_27,8,4,3,
,,P1,division,mp,24326848,,,,,,,,,
,,P2,television,distant,154257524,,,,,,,,,
,,P3,division (maths),distant,92394520,,,,,,,,,
,,S1,judge,assoc,53310156,,,,,,,,,
,,S2,reward,assoc,211007215,,,,,,,,,
,,Un,x,x,,,,,,,,,,
,,Un,x,x,,,,,,,,,,
,,,,,,,,,,,,,,
,officer,,Linguistic unit,P type,Image ID,Male 1,Female 2,Male 2,Male 3,,Freq bin,Conc bin,Syllable,
,,Target,officer,target,140116000,,F2_Noun_single_3syll_29,M2_Noun_single_3syll_29,,,7,7,3,
,,P1,office,close,111740954,,,,,,,,,
,,P2,x,x,x,,,,,,,,,
,,P3,x,x,x,,,,,,,,,
,,S1,handcuff,assoc,124149928,,,,,,,,,
,,S2,gun,assoc,297191459,,,,,,,,,
,,Un,fencer,un,371213491,,,,,,,,,
,,Un,ambulance,un,35015805,,,,,,,,,
,,,,,,,,,,,,,,
,measurement,,Linguistic unit,P type,Image ID,Male 1,Female 2,Male 2,Male 3,,Freq bin,Conc bin,Syllable,
,,Target,measurement,target,54007780,,F2_Noun_single_3syll_30,M2_Noun_single_3syll_30,,,4,4,3,
,,P1,monument,distant,321167366,,,,,,,,,
,,P2,x,x,x,,,,,,,,,
,,P3,x,x,x,,,,,,,,,
,,S1,measuirng tape,assoc,342776441,,,,,,,,,
,,S2,scissors,assoc,95124,,,,,,,,,
,,Un,parliament,un,158481035,,,,,,,,,
,,Un,experiment,un,32511024,,,,,,,,,
,,,,,,,,,,,,,,
,equator,,Linguistic unit,P type,Image ID,Male 1,Female 2,Male 2,Male 3,,Freq bin,Conc bin,Syllable,
,,Target,equator,target,1264588081,,F2_Noun_single_3syll_31,M2_Noun_single_3syll_31,,,4,5,3,
,,P1,quarter,close,636258415,,,,,,,,,
,,P2,waiter,distant,35510165,,,,,,,,,
,,P3,equation,distant,552562152,,,,,,,,,
,,S1,horizon,assoc,54505735,,,,,,,,,
,,S2,orbit,assoc,166234112,,,,,,,,,
,,Un,x,x,x,,,,,,,,,
,,Un,x,x,x,,,,,,,,,
,,,,,,,,,,,,,,
,nativity,,Linguistic unit,P type,Image ID,Male 1,Female 2,Male 2,Male 3,,Freq bin,Conc bin,Syllable,
,,Target,nativity,target,392620255,,F2_Noun_single_3syll_32,M2_Noun_single_3syll_32,,,4,5,4,
,,P1,x,x,x,,,,,,,,,
,,P2,captivity,close,372891310,,,,,,,,,
,,P3,x,x,x,,,,,,,,,
,,S1,alter,assoc,34429114,,,,,,,,,
,,S2,shepherd,assoc,22977877,,,,,,,,,
,,Un,festivity,un,232765210,,,,,,,,,
,,Un,dog,un,207075325,,,,,,,,,
,,,,,,,,,,,,,,
,magistrate,,Linguistic unit,P type,Image ID,Male 1,Female 2,Male 2,Male 3,,Freq bin,Conc bin,Syllable,
,,Target,magistrate,target,33765791,,F2_Noun_single_3syll_33,M2_Noun_single_3syll_33,,,4,5,3,
,,P1,majesty,distant,236052655,,,,,,,,,
,,P2,magician,distant,158926736,,,,,,,,,
,,P3,x,x,x,,,,,,,,,
,,S1,court,assoc,287323682,,,,,,,,,
,,S2,judge hammer,assoc,257039128,,,,,,,,,
,,Un,x,x,x,,,,,,,,,
,,Un,marriage,un,134013656,,,,,,,,,
,,,,,,,,,,,,,,
,defendant,,Linguistic unit,P type,Image ID,Male 1,Female 2,Male 2,Male 3,,Freq bin,Conc bin,Syllable,
,,Target,defendant,target,243765985,,F2_Noun_single_3syll_34,M2_Noun_single_3syll_34,,,4,5,3,
,,P1,x,x,x,,,,,,,,,
,,P2,attendant,close,214174147,,,,,,,,,
,,P3,pendant,close,339166133,,,,,,,,,
,,S1,judge,assoc,53310156,,,,,,,,,
,,S2,prison,assoc,183717002,,,,,,,,,
,,Un,x,x,x,,,,,,,,,
,,Un,x,x,x,,,,,,,,,
,,,,,,,,,,,,,,
,handyman,,Linguistic unit,P type,Image ID,Male 1,Female 2,Male 2,Male 3,,Freq bin,Conc bin,Syllable,
,,Target,handyman,target,121805014,,F2_Noun_single_3syll_35,M2_Noun_single_3syll_35,,,4,6,3,
,,P1,handymen,mp,408244048,,,,,,,,,
,,P2,hand,distant,325855256,,,,,,,,,
,,P3,x,x,x,,,,,,,,,
,,S1,tools,assoc,555444222,,,,,,,,,
,,S2,ladder,assoc,155314385,,,,,,,,,
,,Un,x,x,x,,,,,,,,,
,,Un,arm,un,133620884,,,,,,,,,
,,,,,,,,,,,,,,
,tangerine,,Linguistic unit,P type,Image ID,Male 1,Female 2,Male 2,Male 3,,Freq bin,Conc bin,Syllable,
,,Target,tangerine,target,193541879,,F2_Noun_single_3syll_36,M2_Noun_single_3syll_36,,,4,6,3,
,,P1,trampoline,close,216671602,,,,,,,,,
,,P2,tambourine,close,359361287,,,,,,,,,
,,P3,vaseline,distant,328339046,,,,,,,,,
,,S1,apple,assoc,124592107,,,,,,,,,
,,S2,lemon,assoc,253566421,,,,,,,,,
,,Un,x,x,x,,,,,,,,,
,,Un,x,x,x,,,,,,,,,
,,,,,,,,,,,,,,
,undertaker,,Linguistic unit,P type,Image ID,Male 1,Female 2,Male 2,Male 3,,Freq bin,Conc bin,Syllable,
,,Target,undertaker,target,344377988,,F2_Noun_single_3syll_37,M2_Noun_single_3syll_37,,,4,6,4,
,,P1,underwear,distant,31915068,,,,,,,,,
,,P2,underline,distant,252923338,,,,,,,,,
,,P3,x,x,x,,,,,,,,,
,,S1,funeral,assoc,144558722,,,,,,,,,
,,S2,coffin,assoc,167256005,,,,,,,,,
,,Un,x,x,x,,,,,,,,,
,,Un,form,un,1034819,,,,,,,,,
,,,,,,,,,,,,,,
,discovery,,Linguistic unit,P type,Image ID,Male 1,Female 2,Male 2,Male 3,,Freq bin,Conc bin,Syllable,
,,Target,discovery,target,196238288,,F2_Noun_single_3syll_38,M2_Noun_single_3syll_38,,,6,2,4,
,,P1,recovery,close,328917653,,,,,,,,,
,,P2,(CD) disc,distant,95741050,,,,,,,,,
,,P3,x,x,x,,,,,,,,,
,,S1,planets,assoc,12645088,,,,,,,,,
,,S2,telescope,assoc,323321408,,,,,,,,,
,,Un,x,x,x,,,,,,,,,
,,Un,tape,un,301134431,,,,,,,,,
,,,,,,,,,,,,,,
,memorial,,Linguistic unit,P type,Image ID,Male 1,Female 2,Male 2,Male 3,,Freq bin,Conc bin,Syllable,
,,Target,memorial,target,269985236,,F2_Noun_single_3syll_39,M2_Noun_single_3syll_39,,,6,5,4,
,,P1,aerial,distant,240930424,,,,,,,,,
,,P2,material,distant,335717462,,,,,,,,,
,,P3,mineral,distant,309811037,,,,,,,,,
,,S1,headstone,coord,58919671,,,,,,,,,
,,S2,sculpture,coord,384291940,,,,,,,,,
,,Un,x,x,x,,,,,,,,,
,,Un,x,x,x,,,,,,,,,
,,,,,,,,,,,,,,
,decoration,,Linguistic unit,P type,Image ID,Male 1,Female 2,Male 2,Male 3,,Freq bin,Conc bin,Syllable,
,,Target,decoration,target,345955502,,F2_Noun_single_3syll_40,M2_Noun_single_3syll_40,,,6,5,4,
,,P1,decorator,close,239813203,,,,,,,,,
,,P2,detonation,close,416975974,,,,,,,,,
,,P3,declaration,close,411770764,,,,,,,,,
,,S1,lightbulb,coord,166428077,,,,,,,,,
,,S2,x,x,x,,,,,,,,,
,,Un,x,x,x,,,,,,,,,
,,Un,lighter,un,58276510,,,,,,,,,
,,,,,,,,,,,,,,
,opponent,,Linguistic unit,P type,Image ID,Male 1,Female 2,Male 2,Male 3,,Freq bin,Conc bin,Syllable,
,,Target,opponent,target,234211156,,F2_Noun_single_3syll_41,M2_Noun_single_3syll_41,,,6,5,3,
,,P1,deodorant,close,6414663,,,,,,,,,
,,P2,rodent,close,38857743,,,,,,,,,
,,P3,appointment,close,6120350201,,,,,,,,,
,,S1,friend,assoc,297973031,,,,,,,,,
,,S2,team,assoc,38767380,,,,,,,,,
,,Un,x,x,x,,,,,,,,,
,,Un,x,x,x,,,,,,,,,
,,,,,,,,,,,,,,
,presenter,,Linguistic unit,P type,Image ID,Male 1,Female 2,Male 2,Male 3,,Freq bin,Conc bin,Syllable,
,,Target,presenter,target,262339823,,F2_Noun_single_3syll_42,M2_Noun_single_3syll_42,,,6,5,3,
,,P1,protestor,close,329796596,,,,,,,,,
,,P2,present,close,6876317,,,,,,,,,
,,P3,president,distant,213646750,,,,,,,,,
,,S1,projector,assoc,386613064,,,,,,,,,
,,S2,microphone,assoc,556925,,,,,,,,,
,,Un,x,x,x,,,,,,,,,
,,Un,x,x,x,,,,,,,,,
,,,,,,,,,,,,,,
,protesters,,Linguistic unit,P type,Image ID,Male 1,Female 2,Male 2,Male 3,,Freq bin,Conc bin,Syllable,
,,Target,protester,target,329796596,,F2_Noun_single_3syll_43,M2_Noun_single_3syll_43,,,6,5,3,
,,P1,presenter,close,262339823,,,,,,,,,
,,P2,projector,close,386613064,,,,,,,,,
,,P3,protractor,close,390857236,,,,,,,,,
,,S1,policeman,assoc,140116000,,,,,,,,,
,,S2,signpost,assoc,171820049,,,,,,,,,
,,Un,x,x,x,,,,,,,,,
,,Un,x,x,x,,,,,,,,,
,,,,,,,,,,,,,,
,habitat,,Linguistic unit,P type,Image ID,Male 1,Female 2,Male 2,Male 3,,Freq bin,Conc bin,Syllable,
,,Target,habitat,target,390012418,,F2_Noun_single_3syll_44,M2_Noun_single_3syll_44,,,6,5,3,
,,P1,habit (of a monk),close,48777661,,,,,,,,,
,,P2,thermostat,distant,92965054,,,,,,,,,
,,P3,x,x,x,,,,,,,,,
,,S1,vet,assoc,196926983,,,,,,,,,
,,S2,cage,assoc,372891310,,,,,,,,,
,,Un,x,x,x,,,,,,,,,
,,Un,protractor,un,390857236,,,,,,,,,
,,,,,,,,,,,,,,
,information,,Linguistic unit,P type,Image ID,Male 1,Female 2,Male 2,Male 3,,Freq bin,Conc bin,Syllable,
,,Target,information,target,222896272,,F2_Noun_single_3syll_45,M2_Noun_single_3syll_45,,,8,4,4,
,,P1,formation,close,168469727,,,,,,,,,
,,P2,foundation,distant,232442752,,,,,,,,,
,,P3,inflammation,close,174531992,,,,,,,,,
,,S1,x,x,x,,,,,,,,,
,,S2,x,x,x,,,,,,,,,
,,Un,herd,un,317647301,,,,,,,,,
,,Un,bruise,un,136606469,,,,,,,,,
,,,,,,,,,,,,,,
,economy,,Linguistic unit,P type,Image ID,Male 1,Female 2,Male 2,Male 3,,Freq bin,Conc bin,Syllable,
,,Target,economy,target,203833330,,F2_Noun_single_3syll_46,M2_Noun_single_3syll_46,,,8,4,4,
,,P1,astronomy,distant,166234112,,,,,,,,,
,,P2,comedy,distant,220440994,,,,,,,,,
,,P3,ecology,distant,344367131,,,,,,,,,
,,S1,maths,assoc,333343406,,,,,,,,,
,,S2,money,assoc,208239472,,,,,,,,,
,,Un,x,x,x,,,,,,,,,
,,Un,x,x,x,,,,,,,,,
,,,,,,,,,,,,,,
,coconut,,Linguistic unit,P type,Image ID,Male 1,Female 2,Male 2,Male 3,,Freq bin,Conc bin,Syllable,
,,Target,coconut,target,226317511,,F2_Noun_single_3syll_47,M2_Noun_single_3syll_47,,,6,7,3,
,,P1,croissant,distant,172040546,,,,,,,,,
,,P2,currant,distant,189680357,,,,,,,,,
,,P3,walnut,distant,158232353,,,,,,,,,
,,S1,pineapple,coord,191500784,,,,,,,,,
,,S2,watermelon,coord,315670685,,,,,,,,,
,,Un,x,x,x,,,,,,,,,
,,Un,x,x,x,,,,,,,,,
,,,,,,,,,,,,,,
,apartment,,Linguistic unit,P type,Image ID,Male 1,Female 2,Male 2,Male 3,,Freq bin,Conc bin,Syllable,
,,Target,apartment,target,46214473,,F2_Noun_single_3syll_48,M2_Noun_single_3syll_48,,,6,7,3,
,,P1,appointment,distant,6120350201,,,,,,,,,
,,P2,parchment,close,392326237,,,,,,,,,
,,P3,x,x,x,,,,,,,,,
,,S1,house,coord,90784409,,,,,,,,,
,,S2,shop,coord,196555813,,,,,,,,,
,,Un,x,x,x,,,,,,,,,
,,Un,paper,un,6510816,,,,,,,,,
,,,,,,,,,,,,,,
,envelope,,Linguistic unit,P type,Image ID,Male 1,Female 2,Male 2,Male 3,,Freq bin,Conc bin,Syllable,
,,Target,envelope,target,266120171,,F2_Noun_single_3syll_49,M2_Noun_single_3syll_49,,,6,7,3,
,,P1,antelope,close,274681958,,,,,,,,,
,,P2,telescope,distant,323321408,,,,,,,,,
,,P3,microscope,distant,296583980,,,,,,,,,
,,S1,stamp,assoc,60489658,,,,,,,,,
,,S2,letter,assoc,1373819,,,,,,,,,
,,Un,x,x,x,,,,,,,,,
,,Un,x,x,x,,,,,,,,,
,,,,,,,,,,,,,,
,cigarette,,Linguistic unit,P type,Image ID,Male 1,Female 2,Male 2,Male 3,,Freq bin,Conc bin,Syllable,
,,Target,cigarette,target,132957044,,F2_Noun_single_3syll_50,M2_Noun_single_3syll_50,,,6,7,3,
,,P1,clarinet,distant,175882805,,,,,,,,,
,,P2,serviette,distant,279902690,,,,,,,,,
,,P3,signature,distant,42632431,,,,,,,,,
,,S1,lighter,assoc,58276510,,,,,,,,,
,,S2,x,x,x,,,,,,,,,
,,Un,candle,un,229764619,,,,,,,,,
,,Un,x,x,x,,,,,,,,,
,,,,,,,,,,,,,,
,motorway,,Linguistic unit,P type,Image ID,Male 1,Female 2,Male 2,Male 3,,Freq bin,Conc bin,Syllable,
,,Target,motorway,target,1435994752,,F2_Noun_single_3syll_51,M2_Noun_single_3syll_51,,,6,7,3,
,,P1,x,x,x,,,,,,,,,
,,P2,x,x,x,,,,,,,,,
,,P3,x,x,x,,,,,,,,,
,,S1,path,coord,65485215,,,,,,,,,
,,S2,country road,coord,19117657,,,,,,,,,
,,Un,doorway,un,21225938,,,,,,,,,
,,Un,archway,un,264515792,,,,,,,,,
,,,,,,,,,,,,,,
,ingredients,,Linguistic unit,P type,Image ID,Male 1,Female 2,Male 2,Male 3,,Freq bin,Conc bin,Syllable,
,,Target,ingredients,target,319936619,,F2_Noun_single_3syll_52,M2_Noun_single_3syll_52,,,7,6,4,
,,P1,x,x,x,,,,,,,,,
,,P2,x,x,x,,,,,,,,,
,,S1,blender,assoc,248201236,,,,,,,,,
,,S2,cake,assoc,268187408,,,,,,,,,
,,S3,bowl,assoc,180989537,,,,,,,,,
,,Un,ink,un,116077606,,,,,,,,,
,,Un,grade,un,37074286,,,,,,,,,
,,,,,,,,,,,,,,
,injury,,Linguistic unit,P type,Image ID,Male 1,Female 2,Male 2,Male 3,,Freq bin,Conc bin,Syllable,
,,Target,injury,target,50782650,,F2_Noun_single_3syll_53,M2_Noun_single_3syll_53,,,7,6,3,
,,P1,journey,close,7856253526,,,,,,,,,
,,P2,x,x,x,,,,,,,,,
,,P3,x,x,x,,,,,,,,,
,,S1,accident,assoc,228064072,,,,,,,,,
,,S2,hospital,assoc,156022646,,,,,,,,,
,,Un,injection,un,4363612,,,,,,,,,
,,Un,plaster,un,9778298,,,,,,,,,
,,,,,,,,,,,,,,
,director,,Linguistic unit,P type,Image ID,Male 1,Female 2,Male 2,Male 3,,Freq bin,Conc bin,Syllable,
,,Target,director,target,373569079,,F2_Noun_single_3syll_54,M2_Noun_single_3syll_54,,,7,6,3,
,,P1,rector,close,174184406,,,,,,,,,
,,P2,direction,close,8185485475,,,,,,,,,
,,P3,detector,close,260462651,,,,,,,,,
,,S1,film,assoc,101597905,,,,,,,,,
,,S2,theatre performance,assoc,149938298,,,,,,,,,
,,Un,x,x,x,,,,,,,,,
,,Un,x,x,x,,,,,,,,,
,,,,,,,,,,,,,,
,radio,,Linguistic unit,P type,Image ID,Male 1,Female 2,Male 2,Male 3,,Freq bin,Conc bin,Syllable,
,,Target,radio,target,78640372,,F2_Noun_single_3syll_55,M2_Noun_single_3syll_55,,,7,7,3,
,,P1,ratio,mp,666555333,,,,,,,,,
,,P2,rhino,distant,146220032,,,,,,,,,
,,P3,radiator,distant,311806709,,,,,,,,,
,,S1,computer,assoc,151134563,,,,,,,,,
,,S2,CD,assoc,95741050,,,,,,,,,
,,Un,x,x,x,,,,,,,,,
,,Un,x,x,x,,,,,,,,,
,,,,,,,,,,,,,,
,television,,Linguistic unit,P type,Image ID,Male 1,Female 2,Male 2,Male 3,,Freq bin,Conc bin,Syllable,
,,Target,television,target,154257524,,F2_Noun_single_3syll_56,M2_Noun_single_3syll_56,,,7,7,4,
,,P1,telephone,distant,2606477,,,,,,,,,
,,P2,telegram,distant,131114579,,,,,,,,,
,,P3,x,x,x,,,,,,,,,
,,S1,computer,assoc,151134563,,,,,,,,,
,,S2,cinema,assoc,69847321,,,,,,,,,
,,Un,newspaper,un,5091231,,,,,,,,,
,,Un,x,x,x,,,,,,,,,
,,,,,,,,,,,,,,
,university,,Linguistic unit,P type,Image ID,Male 1,Female 2,Male 2,Male 3,,Freq bin,Conc bin,Syllable,
,,Target,university,target,299633474,,F2_Noun_single_3syll_57,M2_Noun_single_3syll_57,,,7,7,5,
,,P1,anniversary,close,46801559,,,,,,,,,
,,P2,universe,close,12645088,,,,,,,,,
,,P3,x,x,x,,,,,,,,,
,,S1,primary school,assoc,211291357,,,,,,,,,
,,S2,student,assoc,302516108,,,,,,,,,
,,Un,bank,un,265092359,,,,,,,,,
,,Un,x,x,x,,,,,,,,,
,,,,,,,,,,,,,,
,animal,,Linguistic unit,P type,Image ID,Male 1,Female 2,Male 2,Male 3,,Freq bin,Conc bin,Syllable,
,,Target,animal,target,149694575,,F2_Noun_single_3syll_58,M2_Noun_single_3syll_58,,,7,7,3,
,,P1,apple,distant,124592107,,,,,,,,,
,,P2,x,x,x,,,,,,,,,
,,P3,x,x,x,,,,,,,,,
,,S1,plant,assoc,51599364,,,,,,,,,
,,S2,forest,assoc,60010,,,,,,,,,
,,Un,bug,un,317723675,,,,,,,,,
,,Un,hunting,un,246542533,,,,,,,,,
,,,,,,,,,,,,,,
,referee,,Linguistic unit,P type,Image ID,Male 1,Female 2,Male 2,Male 3,,Freq bin,Conc bin,Syllable,
,,Target,referee,target,210720415,,F2_Noun_single_3syll_59,M2_Noun_single_3syll_59,,,7,6,3,
,,P1,ferry,close,157824602,,,,,,,,,
,,P2,settee,close,14352447,,,,,,,,,
,,P3,x,x,x,,,,,,,,,
,,S1,footballer,assoc,257173849,,,,,,,,,
,,S2,pitch,assoc,154603907,,,,,,,,,
,,Un,whistle,un,133109453,,,,,,,,,
,,Un,x,x,x,,,,,,,,,
,,,,,,,,,,,,,,
,festival,,Linguistic unit,P type,Image ID,Male 1,Female 2,Male 2,Male 3,,Freq bin,Conc bin,Syllable,
,,Target,festival,target,232765210,,F2_Noun_single_3syll_60,M2_Noun_single_3syll_60,,,7,6,3,
,,P1,x,x,x,,,,,,,,,
,,P2,x,x,x,,,,,,,,,
,,P3,x,x,x,,,,,,,,,
,,S1,performance,assoc,149938298,,,,,,,,,
,,S2,beer,assoc,123784216,,,,,,,,,
,,Un,stereo,un,49117645,,,,,,,,,
,,Un,balloon,un,1684878,,,,,,,,,
,,,,,,,,,,,,,,
,material,,Linguistic unit,P type,Image ID,Male 1,Female 2,Male 2,Male 3,,Freq bin,Conc bin,Syllable,
,,Target,material,target,335717462,,F2_Noun_single_3syll_61,M2_Noun_single_3syll_61,,,7,6,4,
,,P1,cereal,distant,332732597,,,,,,,,,
,,P2,x,x,x,,,,,,,,,
,,P3,x,x,x,,,,,,,,,
,,S1,dress,assoc,39740263,,,,,,,,,
,,S2,factory,assoc,25882077,,,,,,,,,
,,Un,measuring taper,un,319611026,,,,,,,,,
,,Un,memorial,un,185952230,,,,,,,,,
,,,,,,,,,,,,,,
,executive,,Linguistic unit,P type,Image ID,Male 1,Female 2,Male 2,Male 3,,Freq bin,Conc bin,Syllable,
,,Target,executive,target,318500885,,F2_Noun_single_3syll_62,M2_Noun_single_3syll_62,,,7,6,4,
,,P1,x,x,x,,,,,,,,,
,,P2,execution,distant,11056144,,,,,,,,,
,,P3,x,x,x,,,,,,,,,
,,S1,team,assoc,37284049,,,,,,,,,
,,S2,documents,assoc,282891893,,,,,,,,,
,,Un,cleaner,un,255992242,,,,,,,,,
,,Un,computer,un,96741802,,,,,,,,,
,,,,,,,,,,,,,,
,manager,,Linguistic unit,P type,Image ID,Male 1,Female 2,Male 2,Male 3,,Freq bin,Conc bin,Syllable,
,,Target,manager,target,44182813,,F2_Noun_single_3syll_63,M2_Noun_single_3syll_63,,,7,6,3,
,,P1,manger,mp,323341901,,,,,,,,,
,,P2,passenger,distant,254661517,,,,,,,,,
,,P3,x,x,x,,,,,,,,,
,,S1,employees,assoc,37284049,,,,,,,,,
,,S2,mobile phone,assoc,14152486,,,,,,,,,
,,Un,engineer,un,150586763,,,,,,,,,
,,Un,x,x,x,,,,,,,,,
,,,,,,,,,,,,,,
,internet,,Linguistic unit,P type,Image ID,Male 1,Female 2,Male 2,Male 3,,Freq bin,Conc bin,Syllable,
,,Target,internet,target,62462044,,F2_Noun_single_3syll_64,M2_Noun_single_3syll_64,,,7,5,3,
,,P1,interogatee,distant,306850220,,,,,,,,,
,,P2,net,distant,4675954,,,,,,,,,
,,P3,x,x,x,,,,,,,,,
,,S1,satellite dish,assoc,54724903,,,,,,,,,
,,S2,mobile phone,assoc,14152486,,,,,,,,,
,,Un,tenant,un,35900025,,,,,,,,,
,,Un,x,x,x,,,,,,,,,
,,,,,,,,,,,,,,
,gentleman,,Linguistic unit,P type,Image ID,Male 1,Female 2,Male 2,Male 3,,Freq bin,Conc bin,Syllable,
,,Target,gentleman,target,188279510,,F2_Noun_single_3syll_65,M2_Noun_single_3syll_65,,,7,5,3,
,,P1,gentle,close,116496205,,,,,,,,,
,,P2,x,x,x,,,,,,,,,
,,P3,x,x,x,,,,,,,,,
,,S1,cigar,assoc,126855932,,,,,,,,,
,,S2,hat,assoc,226670272,,,,,,,,,
,,Un,jeans,un,1055770,,,,,,,,,
,,Un,robber,un,8153444,,,,,,,,,
,,,,,,,,,,,,,,
,nausea,,Linguistic unit,P type,Image ID,Male 1,Female 2,Male 2,Male 3,,Freq bin,Conc bin,Syllable,
,,Target,nausea,target,246882316,,F2_Noun_single_3syll_66,M2_Noun_single_3syll_66,,,4,4,3,
,,P1,noise,close,50495386,,,,,,,,,
,,P2,nose,distant,30725120,,,,,,,,,
,,P3,x,x,x,,,,,,,,,
,,S1,wave,assoc,751659354,,,,,,,,,
,,S2,headache,assoc,31432136,,,,,,,,,
,,Un,note,un,236808625,,,,,,,,,
,,Un,x,x,x,,,,,,,,,
,,,,,,,,,,,,,,
,gamekeeper,,Linguistic unit,P type,Image ID,Male 1,Female 2,Male 2,Male 3,,Freq bin,Conc bin,Syllable,
,,Target,gamekeeper,target,228676159,,F2_Noun_single_3syll_67,M2_Noun_single_3syll_67,,,4,5,3,
,,P1,game,distant,70300393,,,,,,,,,
,,P2,beekeeper,distant,330586217,,,,,,,,,
,,P3,goalkeeper,close,201975412,,,,,,,,,
,,S1,hunting dog,assoc,341956301,,,,,,,,,
,,S2,scout,assoc,285005699,,,,,,,,,
,,Un,x,x,x,,,,,,,,,
,,Un,x,x,x,,,,,,,,,
,,,,,,,,,,,,,,
,fishmonger,,Linguistic unit,P type,Image ID,Male 1,Female 2,Male 2,Male 3,,Freq bin,Conc bin,Syllable,
,,Target,fishmonger,target,371601007,,F2_Noun_single_3syll_68,M2_Noun_single_3syll_68,,,4,5,3,
,,P1,x,x,x,,,,,,,,,
,,P2,fish,distant,164790890,,,,,,,,,
,,P3,x,x,x,,,,,,,,,
,,S1,fisherman,assoc,233856853,,,,,,,,,
,,S2,butcher,assoc,242663470,,,,,,,,,
,,Un,cashier,un,36599685,,,,,,,,,
,,Un,beekeeper,un,330586217,,,,,,,,,
,,,,,,,,,,,,,,
,ignition,,Linguistic unit,P type,Image ID,Male 1,Female 2,Male 2,Male 3,,Freq bin,Conc bin,Syllable,
,,Target,ignition,target,133833095,,F2_Noun_single_3syll_69,M2_Noun_single_3syll_69,,,4,4,3,
,,P1,addition,close,333343406,,,,,,,,,
,,P2,magician,close,158926736,,,,,,,,,
,,P3,musician,close,666111222,,,,,,,,,
,,S1,car,assoc,323450258,,,,,,,,,
,,S2,key,assoc,250854970,,,,,,,,,
,,Un,x,x,x,,,,,,,,,
,,Un,x,x,x,,,,,,,,,
,,,,,,,,,,,,,,
,graduation,,Linguistic unit,P type,Image ID,Male 1,Female 2,Male 2,Male 3,,Freq bin,Conc bin,Syllable,
,,Target,graduation,target,302516108,,F2_Noun_single_3syll_70,M2_Noun_single_3syll_70,,,4,5,4,
,,P1,education,close,211291357,,,,,,,,,
,,P2,generation,close,285328931,,,,,,,,,
,,P3,x,x,x,,,,,,,,,
,,S1,university,assoc,299633474,,,,,,,,,
,,S2,diploma,assoc,212540242,,,,,,,,,
,,Un,car,un,323450258,,,,,,,,,
,,Un,x,x,x,,,,,,,,,
,,,,,,,,,,,,,,
,decorator,,Linguistic unit,P type,Image ID,Male 1,Female 2,Male 2,Male 3,,Freq bin,Conc bin,Syllable,
,,Target,decorator,target,92857432,,F2_Noun_single_3syll_71,M2_Noun_single_3syll_71,,,4,5,4,
,,P1,x,x,x,,,,,,,,,
,,P2,x,x,x,,,,,,,,,
,,P3,escalator,close,235322389,,,,,,,,,
,,S1,roller,assoc,313719290,,,,,,,,,
,,S2,architect,assoc,27330630,,,,,,,,,
,,Un,decoration,un,322795547,,,,,,,,,
,,Un,artist,un,192647369,,,,,,,,,
,,,,,,,,,,,,,,
,mantelpiece,,Linguistic unit,P type,Image ID,Male 1,Female 2,Male 2,Male 3,,Freq bin,Conc bin,Syllable,
,,Target,mantelpiece,target,183646058,,F2_Noun_single_3syll_72,M2_Noun_single_3syll_72,,,4,5,3,
,,P1,x,x,x,,,,,,,,,
,,P2,piece,close,308555069,,,,,,,,,
,,P3,x,x,x,,,,,,,,,
,,S1,fire,assoc,280872665,,,,,,,,,
,,S2,shelf,assoc,196039253,,,,,,,,,
,,Un,metal,un,95868373,,,,,,,,,
,,Un,christmas sock,un,220080979,,,,,,,,,
,,,,,,,,,,,,,,
,roller-coaster,,Linguistic unit,P type,Image ID,Male 1,Female 2,Male 2,Male 3,,Freq bin,Conc bin,Syllable,
,,Target,roller-coaster,target,232504156,,F2_Noun_single_3syll_73,M2_Noun_single_3syll_73,,,4,5,4,
,,P1,toaster,close,13224143,,,,,,,,,
,,P2,roller,close,313719290,,,,,,,,,
,,P3,roller skates,close,33569378,,,,,,,,,
,,S1,carousel,assoc,292772729,,,,,,,,,
,,S2,water slide,assoc,277042469,,,,,,,,,
,,Un,x,x,x,,,,,,,,,
,,Un,x,x,x,,,,,,,,,
,,,,,,,,,,,,,,
,homeowners,,Linguistic unit,P type,Image ID,Male 1,Female 2,Male 2,Male 3,,Freq bin,Conc bin,Syllable,
,,Target,homeowners,target,35900025,,F2_Noun_single_3syll_74,M2_Noun_single_3syll_74,,,4,5,3,
,,P1,home,close,90784409,,,,,,,,,
,,P2,lawnmower,distant,155845634,,,,,,,,,
,,P3,x,x,x,,,,,,,,,
,,S1,estate offers,assoc,181672718,,,,,,,,,
,,S2,key,assoc,27229660,,,,,,,,,
,,Un,landowner,un,232634692,,,,,,,,,
,,Un,x,x,x,,,,,,,,,
,,,,,,,,,,,,,,
,asterisk,,Linguistic unit,P type,Image ID,Male 1,Female 2,Male 2,Male 3,,Freq bin,Conc bin,Syllable,
,,Target,asterisk,target,1.02938E+11,,F2_Noun_single_3syll_75,M2_Noun_single_3syll_75,,,2,6,3,
,,P1,whisk,distant,79997773,,,,,,,,,
,,P2,x,x,x,,,,,,,,,
,,P3,x,x,x,,,,,,,,,
,,S1,exlamation mark,coord,78534512,,,,,,,,,
,,S2,star,coord,26890802,,,,,,,,,
,,Un,planet,un,126458808,,,,,,,,,
,,Un,postit note,un,343165013,,,,,,,,,
,,,,,,,,,,,,,,
,aubergine,,Linguistic unit,P type,Image ID,Male 1,Female 2,Male 2,Male 3,,Freq bin,Conc bin,Syllable,
,,Target,aubergine,target,227191732,,F2_Noun_single_3syll_76,M2_Noun_single_3syll_76,,,2,7,3,
,,P1,machine,distant,19291843,,,,,,,,,
,,P2,tangerine,x,193541879,,,,,,,,,
,,P3,x,x,x,,,,,,,,,
,,S1,courgette,coord,304119680,,,,,,,,,
,,S2,plum,coord,418148908,,,,,,,,,
,,Un,cucumber,un,277260890,,,,,,,,,
,,Un,x,x,32087522,,,,,,,,,
,,,,,,,,,,,,,,
,theatre,,Linguistic unit,P type,Image ID,Male 1,Female 2,Male 2,Male 3,,Freq bin,Conc bin,Syllable,
,,Target,theatre,target,149938298,,F2_Noun_single_3syll_77,M2_Noun_single_3syll_77,,,2,7,3,
,,P1,x,x,x,,,,,,,,,
,,P2,x,x,x,,,,,,,,,
,,P3,x,x,x,,,,,,,,,
,,S1,tv,coord,154257524,,,,,,,,,
,,S2,restaurant,assoc,223258090,,,,,,,,,
,,Un,wine,un,30150678,,,,,,,,,
,,Un,binoculars,un,319227656,,,,,,,,,
,,,,,,,,,,,,,,
,skateboarder,,Linguistic unit,P type,Image ID,Male 1,Female 2,Male 2,Male 3,,Freq bin,Conc bin,Syllable,
,,Target,skateboarder,target,315526541,,F2_Noun_single_3syll_78,M2_Noun_single_3syll_78,,,2,7,3,
,,P1,snow boarder,distant,378119188,,,,,,,,,
,,P2,x,x,x,,,,,,,,,
,,P3,x,x,x,,,,,,,,,
,,S1,helmet,assoc,53790160,,,,,,,,,
,,S2,scooter,coord,268782068,,,,,,,,,
,,Un,wheel,un,85496150,,,,,,,,,
,,Un,bike,un,26646892,,,,,,,,,
,,,,,,,,,,,,,,
,bellybutton,,Linguistic unit,P type,Image ID,Male 1,Female 2,Male 2,Male 3,,Freq bin,Conc bin,Syllable,
,,Target,bellybutton,target,271721936,,F2_Noun_single_3syll_79,M2_Noun_single_3syll_79,,,2,7,4,
,,P1,button,distant,289933967,,,,,,,,,
,,P2,x,x,x,,,,,,,,,
,,P3,x,x,x,,,,,,,,,
,,S1,belt,assoc,2213280,,,,,,,,,
,,S2,spot,assoc,260573111,,,,,,,,,
,,Un,nose,un,30725120,,,,,,,,,
,,Un,egg,un,120690565,,,,,,,,,
,,,,,,,,,,,,,,
,pillowcase,,Linguistic unit,P type,Image ID,Male 1,Female 2,Male 2,Male 3,,Freq bin,Conc bin,Syllable,
,,Target,pillowcase,target,266615786,,F2_Noun_single_3syll_80,M2_Noun_single_3syll_80,,,2,7,3,
,,P1,pencil case,distant,150258194,,,,,,,,,
,,P2,x,x,x,,,,,,,,,
,,P3,x,x,x,,,,,,,,,
,,S1,pillow,assoc,12396319,,,,,,,,,
,,S2,sheet,coord,5943342,,,,,,,,,
,,Un,bed,un,33724414,,,,,,,,,
,,Un,cushion,un,13379533,,,,,,,,,
,,,,,,,,,,,,,,
,icicle,,Linguistic unit,P type,Image ID,Male 1,Female 2,Male 2,Male 3,,Freq bin,Conc bin,Syllable,
,,Target,icicle,target,180404060,,F2_Noun_single_3syll_81,M2_Noun_single_3syll_81,,,2,7,3,
,,P1,bicycle,mp,325745795,,,,,,,,,
,,P2,tricycle,mp,309310754,,,,,,,,,
,,P3,x,x,x,,,,,,,,,
,,S1,snow ball,assoc,226913350,,,,,,,,,
,,S2,icecube,assoc,10293484,,,,,,,,,
,,Un,iceberg,un,124451737,,,,,,,,,
,,Un,x,x,x,,,,,,,,,
,,,,,,,,,,,,,,
,stiletto,,Linguistic unit,P type,Image ID,Male 1,Female 2,Male 2,Male 3,,Freq bin,Conc bin,Syllable,
,,Target,stiletto,target,64275163,,F2_Noun_single_3syll_82,M2_Noun_single_3syll_82,,,2,7,3,
,,P1,ghetto,distant,238334821,,,,,,,,,
,,P2,x,x,x,,,,,,,,,
,,P3,x,x,x,,,,,,,,,
,,S1,shoe,coord,100100117,,,,,,,,,
,,S2,trainer,coord,39355348,,,,,,,,,
,,Un,dress,un,39740263,,,,,,,,,
,,Un,handbag,un,45261254,,,,,,,,,
,,,,,,,,,,,,,,
,colander,,Linguistic unit,P type,Image ID,Male 1,Female 2,Male 2,Male 3,,Freq bin,Conc bin,Syllable,
,,Target,colander,target,246523108,,F2_Noun_single_3syll_83,M2_Noun_single_3syll_83,,,3,6,3,
,,P1,coriander,close,306721070,,,,,,,,,
,,P2,x,x,x,,,,,,,,,
,,P3,x,x,x,,,,,,,,,
,,S1,sieve,coord,387996418,,,,,,,,,
,,S2,pan,assoc,221737165,,,,,,,,,
,,Un,kitchen,un,243653452,,,,,,,,,
,,Un,boiling veg,un,250681732,,,,,,,,,
,,,,,,,,,,,,,,
,aerial,,Linguistic unit,P type,Image ID,Male 1,Female 2,Male 2,Male 3,,Freq bin,Conc bin,Syllable,
,,Target,aerial,target,85383910,,F2_Noun_single_3syll_84,M2_Noun_single_3syll_84,,,3,5,3,
,,P1,airer,distant,259953095,,,,,,,,,
,,P2,x,x,x,,,,,,,,,
,,P3,x,x,x,,,,,,,,,
,,S1,tv,assoc,276568709,,,,,,,,,
,,S2,satelitte dish,coord,54724903,,,,,,,,,
,,Un,pylon,un,386963053,,,,,,,,,
,,Un,dryer,un,21865069,,,,,,,,,
,,,,,,,,,,,,,,
,camcorder,,Linguistic unit,P type,Image ID,Male 1,Female 2,Male 2,Male 3,,Freq bin,Conc bin,Syllable,
,,Target,camcorder,target,172659737,,F2_Noun_single_3syll_85,M2_Noun_single_3syll_85,,,3,7,3,
,,P1,recorder,distant,74014495,,,,,,,,,
,,P2,x,x,x,,,,,,,,,
,,P3,x,x,x,,,,,,,,,
,,S1,camera,coord,176789477,,,,,,,,,
,,S2,film reel,assoc,71941894,,,,,,,,,
,,Un,trumpet,un,322366319,,,,,,,,,
,,Un,director,un,125381384,,,,,,,,,
,,,,,,,,,,,,,,
,videotape,,Linguistic unit,P type,Image ID,Male 1,Female 2,Male 2,Male 3,,Freq bin,Conc bin,Syllable,
,,Target,videotape,target,318236540,,F2_Noun_single_3syll_86,M2_Noun_single_3syll_86,,,3,7,4,
,,P1,sellotape,distant,225389731,,,,,,,,,
,,P2,masking tape,distant,149267327,,,,,,,,,
,,P3,x,x,x,,,,,,,,,
,,S1,camcorder,assoc,172659737,,,,,,,,,
,,S2,DVD,coord,231810271,,,,,,,,,
,,Un,CD,un,95741050,,,,,,,,,
,,Un,X,x,,,,,,,,,,
,,,,,,,,,,,,,,
,caridgan,,Linguistic unit,P type,Image ID,Male 1,Female 2,Male 2,Male 3,,Freq bin,Conc bin,Syllable,
,,Target,cardigan,target,262194317,,F2_Noun_single_3syll_87,M2_Noun_single_3syll_87,,,5,7,3,
,,P1,x,x,x,,,,,,,,,
,,P2,x,x,x,,,,,,,,,
,,P3,x,x,x,,,,,,,,,
,,S1,jumper,coord,17952737,,,,,,,,,
,,S2,shawl,coord,173240609,,,,,,,,,
,,Un,coat,un,282882188,,,,,,,,,
,,Un,knitting,un,13735593,,,,,,,,,
,,,,,,,,,,,,,,
,koala,,Linguistic unit,P type,Image ID,Male 1,Female 2,Male 2,Male 3,,Freq bin,Conc bin,Syllable,
,,Target,koala,target,156891680,,F2_Noun_single_3syll_88,M2_Noun_single_3syll_88,,,5,7,3,
,,P1,cola,close,183416243,,,,,,,,,
,,P2,x,x,x,,,,,,,,,
,,P3,x,x,x,,,,,,,,,
,,S1,kangeroo,assoc,21273163,,,,,,,,,
,,S2,squirrel,coord,296804969,,,,,,,,,
,,Un,lemonade,un,183554057,,,,,,,,,
,,Un,chimp,un,41080057,,,,,,,,,
,,,,,,,,,,,,,,
,pianist,,Linguistic unit,P type,Image ID,Male 1,Female 2,Male 2,Male 3,,Freq bin,Conc bin,Syllable,
,,Target,pianist,target,280522151,,F2_Noun_single_3syll_89,M2_Noun_single_3syll_89,,,5,7,3,
,,P1,piano,distant,13892674,,,,,,,,,
,,P2,dentist,distant,113948344,,,,,,,,,
,,P3,x,x,x,,,,,,,,,
,,S1,conductor,assoc,36165929,,,,,,,,,
,,S2,fingers,assoc,302609414,,,,,,,,,
,,Un,teeth,un,38230555,,,,,,,,,
,,Un,X,x,,,,,,,,,,
,,,,,,,,,,,,,,
,marmalade,,Linguistic unit,P type,Image ID,Male 1,Female 2,Male 2,Male 3,,Freq bin,Conc bin,Syllable,
,,Target,marmelade,target,194137658,,F2_Noun_single_3syll_90,M2_Noun_single_3syll_90,,,5,7,3,
,,P1,lemonade,distant,183554057,,,,,,,,,
,,P2,lampshade,distant,244858375,,,,,,,,,
,,P3,x,x,x,,,,,,,,,
,,S1,jam,coord,134500634,,,,,,,,,
,,S2,toast,assoc,13224143,,,,,,,,,
,,Un,icecubes,un,10293484,,,,,,,,,
,,Un,X,x,,,,,,,,,,
,,,,,,,,,,,,,,
,trampoline,,Linguistic unit,P type,Image ID,Male 1,Female 2,Male 2,Male 3,,Freq bin,Conc bin,Syllable,
,,Target,trampoline,target,216671602,,F2_Noun_single_3syll_91,M2_Noun_single_3syll_91,,,5,7,3,
,,P1,aubergine,distant,227191732,,,,,,,,,
,,P2,tambourine,distant,212664352,,,,,,,,,
,,P3,x,x,x,,,,,,,,,
,,S1,spacehopper,coord,60209404,,,,,,,,,
,,S2,sandpit,assoc,1337402,,,,,,,,,
,,Un,drum,un,167129375,,,,,,,,,
,,Un,X,x,,,,,,,,,,
,,,,,,,,,,,,,,
,sandcastle,,Linguistic unit,P type,Image ID,Male 1,Female 2,Male 2,Male 3,,Freq bin,Conc bin,Syllable,
,,Target,sandcastle,target,287978147,,F2_Noun_single_3syll_92,M2_Noun_single_3syll_92,,,4,7,3,
,,P1,castle,distant,90322378,,,,,,,,,
,,P2,sand,distant,104151680,,,,,,,,,
,,P3,x,x,x,,,,,,,,,
,,S1,spade and bucket,asoc,402112708,,,,,,,,,
,,S2,icecream,assoc,285189374,,,,,,,,,
,,Un,queen,un,40450855,,,,,,,,,
,,Un,x,x,x,,,,,,,,,
,,,,,,,,,,,,,,
,dandelion,,Linguistic unit,P type,Image ID,Male 1,Female 2,Male 2,Male 3,,Freq bin,Conc bin,Syllable,
,,Target,dandelion,target,325421693,,F2_Noun_single_3syll_93,M2_Noun_single_3syll_93,,,4,7,3,
,,P1,lion,distant,88705651,,,,,,,,,
,,P2,x,x,x,,,,,,,,,
,,P3,x,x,x,,,,,,,,,
,,S1,buttercup,coord,271099379,,,,,,,,,
,,S2,poppy,coord,4369120670,,,,,,,,,
,,Un,burdock,un,331803848,,,,,,,,,
,,Un,tiger,un,186530726,,,,,,,,,
,,,,,,,,,,,,,,
B,museum,,Linguistic unit,P type,Image ID,Male 1,Female 2,Male 2,Male 3,,Freq bin,Conc bin,Syllable,
,,Target,museum,target,126935459,,,M2_Noun_single_3syll_21,,F1_Noun_single_3syll_21,7,7,3,
,,P1,music,close,132936830,,,,,,,,,
,,P2,x,x,,,,,,,,,,
,,P3,x,x,,,,,,,,,,
,,S1,sculpture,assoc,305775344,,,,,,,,,
,,S2,artist,assoc,192647369,,,,,,,,,
,,Un,hospital,un,156022646,,,,,,,,,
,,Un,moose,un,248365183,,,,,,,,,
,,,,,,,,,,,,,,
B,equipment,,Linguistic unit,P type,Image ID,Male 1,Female 2,Male 2,Male 3,,Freq bin,Conc bin,Syllable,
,,Target,equipment,target,215455183,,,M2_Noun_single_3syll_19,,F1_Noun_single_3syll_19,7,7,3,1
,,P1,payment,distant,279091361,,,,,,,,,
,,P2,mint,distant,217650220,,,,,,,,,
,,P3,x,x,x,,,,,,,,,
,,S1,football player,assoc,202270033,,,,,,,,,
,,S2,pitch,assoc,154603907,,,,,,,,,
,,Un,bubblegum,un,18007797973,,,,,,,,,
,,Un,x,x,,,,,,,,,,
