,secretary,,Linguistic unit,P type,Image ID,Male 1,Female 2,Male 2,,,Freq bin,Conc bin,Syllable,
,,Target,the secretary,target,237017809,,F2_Noun_phrase_3syll_1,,,,8,7,4,
,,P1,the settee,distant,14352447,,,,,,,,,
,,P2,the cemetry,distant,313803443,,,,,,,,,
,,P3,the security,distant,101014177,,,,,,,,,
,,S1,the typewriter,assoc,110397353,,,,,,,,,
,,S2,the desk,assoc,123654789,,,,,,,,,
,,Un,x,x,x,,,,,,,,,
,,Un,x,x,x,,,,,,,,,
,,,,,,,,,,,,,,
,hospital,,Linguistic unit,P type,Image ID,Male 1,Female 2,Male 2,,,Freq bin,Conc bin,Syllable,
,,Target,the hospital,target,156022646,,F2_Noun_phrase_3syll_2,,,,8,7,3,
,,P1,The hostel,distant,230648185,,,,,,,,,
,,P2,The hosepipe,distant,106051277,,,,,,,,,
,,P3,x,x,x,,,,,,,,,
,,S1,The ambulance,assoc,35015805,,,,,,,,,
,,S2,The stethoscope,assoc,173685527,,,,,,,,,
,,Un,x,x,x,,,,,,,,,
,,Un,The car,un,9545845848,,,,,,,,,
,,,,,,,,,,,,,,
,butterfly,,Linguistic unit,P type,Image ID,Male 3,Female 4,,,,Freq bin,Conc bin,Syllable,
,,Target,The butterfly,target,262034852,,F2_Noun_phrase_3syll_3,,,,6,7,3,
,,P1,The butter,distant,157625549,,,,,,,,,
,,P2,The fly,distant,781520,,,,,,,,,
,,P3,x,x,x,,,,,,,,,
,,S1,The dragonfly,coord,117170536,,,,,,,,,
,,S2,The caterpillar,coord,315158195,,,,,,,,,
,,Un,The knife,un,22159341,,,,,,,,,
,,Un,x,x,x,,,,,,,,,
,,,,,,,,,,,,,,
,escalator,,Linguistic unit,P type,Image ID,Male 5,Female 6,,,,Freq bin,Conc bin,Syllable,
,,Target,the escalator,target,235322389,,F2_Noun_phrase_3syll_5,,,,4,7,4,
,,P1,the calcuator,mp,324522782,,,,,,,,,
,,P2,the grater,mp,169721918,,,,,,,,,
,,P3,the alligator,close,310333790,,,,,,,,,
,,S1,the stairs,coord,43132054,,,,,,,,,
,,S2,the computer,un,876153,,,,,,,,,
,,Un,x,x,x,,,,,,,,,
,,Un,x,x,x,,,,,,,,,
,,,,,,,,,,,,,,
,typewriter,,Linguistic unit,P type,Image ID,Male 6,Female 7,,,,Freq bin,Conc bin,Syllable,
,,Target,a typewriter,target,110397353,,F2_Noun_phrase_3syll_6,,,,4,7,3,
,,P1,a firefighter,distant,310751357,,,,,,,,,
,,P2,a lighter,distant,271240043,,,,,,,,,
,,P3,a bullfighter,distant,155341151,,,,,,,,,
,,S1,a computer,coord,876153,,,,,,,,,
,,S2,x,x,x,,,,,,,,,
,,Un,x,x,x,,,,,,,,,
,,Un,a radio,un,161421995,,,,,,,,,
,,,,,,,,,,,,,,
,alcohol,,Linguistic unit,P type,Image ID,Male 7,Female 8,,,,Freq bin,Conc bin,Syllable,
,,Target,the alcohol,target,280812776,M1_Noun_phrase_3syll_7,,,,,7,7,3,
,,P1,the parasol,distant,26617003,,,,,,,,,
,,P2,the ankle,distant,7065985,,,,,,,,,
,,P3,x,x,x,,,,,,,,,
,,S1,the juice,coord,328154375,,,,,,,,,
,,S2,the glass,assoc,10293484,,,,,,,,,
,,S3,the umbrella (drink),assoc,171499982,,,,,,,,,
,,Un,x,x,x,,,,,,,,,
,,,,,,,,,,,,,,
,evidence,,Linguistic unit,P type,Image ID,Male 8,Female 9,,,,Freq bin,Conc bin,Syllable,
,,Target,The evidence,target,187941386,M1_Noun_phrase_3syll_8,,,,,8,5,3,
,,P1,The elephants,distant,310955243,,,,,,,,,
,,P2,the ambulance,distant,35015805,,,,,,,,,
,,P3,the audience,distant,144638723,,,,,,,,,
,,S1,The court of justice,assoc,243765985,,,,,,,,,
,,S2,The police,assoc,140116000,,,,,,,,,
,,Un,x,x,x,,,,,,,,,
,,Un,x,x,x,,,,,,,,,
,,,,,,,,,,,,,,
,family,,Linguistic unit,P type,Image ID,Male 10,Female 11,,,,Freq bin,Conc bin,Syllable,
,,Target,The family,target,207786421,M1_Noun_phrase_3syll_10,,,,,8,6,3,
,,P1,The famine,distant,134653718,,,,,,,,,
,,P2,The fax,distant,270895163,,,,,,,,,
,,P3,The pharmacy,distant,222362446,,,,,,,,,
,,S1,The house,assoc,90784409,,,,,,,,,
,,S2,The love,assoc,17265799,,,,,,,,,
,,Un,x,x,x,,,,,,,,,
,,Un,x,x,x,,,,,,,,,
,,,,,,,,,,,,,,
,footballer,,The Linguistic unit,P type,Image ID,,,,,,Freq bin,Conc bin,Syllable,
,,Target,The footballer,target,257173666,M1_Noun_phrase_3syll_11,,,,,6,7,3,
,,P1,The football,mp,66600742,,,,,,,,,
,,P2,x,x,x,,,,,,,,,
,,P3,x,x,x,,,,,,,,,
,,S1,The foot,assoc,700001,,,,,,,,,
,,S2,The football goal,assoc,7273203,,,,,,,,,
,,Un,The footbal boot,un,195946388,,,,,,,,,
,,Un,The baseballer,un,79358443,,,,,,,,,
,,,,,,,,,,,,,,
,wheelchair,,The Linguistic unit,P type,Image ID,,,,,,Freq bin,Conc bin,Syllable,
,,Target,The wheelchair,target,129921902,M1_Noun_phrase_3syll_12,,,,,6,7,3,
,,P1,The rocking chair,distant,3436172,,,,,,,,,
,,P2,The wheel,distant,85496150,,,,,,,,,
,,P3,The chair,distant,69784520,,,,,,,,,
,,S1,The broken leg,assoc,2466825,,,,,,,,,
,,S2,The sofa,coord,14352447,,,,,,,,,
,,Un,x,x,x,,,,,,,,,
,,Un,x,x,x,,,,,,,,,
,,,,,,,,,,,,,,
,paperwork,,The Linguistic unit,P type,Image ID,,,,,,Freq bin,Conc bin,Syllable,
,,Target,The paperwork,target,282740348,M1_Noun_phrase_3syll_13,,,,,6,7,3,
,,P1,The needlework,distant,266859215,,,,,,,,,
,,P2,The patchwork,distant,245137288,,,,,,,,,
,,P3,The paper,distant,6510816,,,,,,,,,
,,S1,The pen,assoc,345033782,,,,,,,,,
,,S2,The folder,assoc,282891893,,,,,,,,,
,,Un,x,x,x,,,,,,,,,
,,Un,x,x,x,,,,,,,,,
,,,,,,,,,,,,,,
,religion,,The Linguistic unit,P type,Image ID,,,,,,Freq bin,Conc bin,Syllable,
,,Target,The religion,target,126543428,M1_Noun_phrase_3syll_14,,,,,6,1,3,
,,P1,The pigeon,distant,202840786,,,,,,,,,
,,P2,x,x,x,,,,,,,,,
,,P3,x,x,x,,,,,,,,,
,,S1,The education,coord,302516108,,,,,,,,,
,,S2,The dove,coord,64272784,,,,,,,,,
,,Un,The military,un,286093235,,,,,,,,,
,,Un,The necklace,un,18132728,,,,,,,,,
,,,,,,,,,,,,,,
,surgery,,The Linguistic unit,P type,Image ID,,,,,,Freq bin,Conc bin,Syllable,
,,Target,The surgery,target,111202760,M1_Noun_phrase_3syll_15,,,,,6,6,3,
,,P1,x,x,,,,,,,,,,
,,P2,The purgery,mp,134462597,,,,,,,,,
,,P3,x,x,x,,,,,,,,,
,,S1,The scalpel,assoc,350187212,,,,,,,,,
,,S2,The hospital,coord,156022646,,,,,,,,,
,,Un,The nurse,un,98508269,,,,,,,,,
,,Un,The scissors,x,95124,,,,,,,,,
,,,,,,,,,,,,,,
,idea,,Linguistic unit,P type,Image ID,Male 11,Female 12,,,,Freq bin,Conc bin,Syllable,
,,Target,The idea,target,76048039,M1_Noun_phrase_3syll_16,,,,,8,4,3,
,,P1,The deer,distant,293398094,,,,,,,,,
,,P2,The ID,close,225583099,,,,,,,,,
,,P3,The ear,distant,38620788,,,,,,,,,
,,S1,The brain,assoc,267484412,,,,,,,,,
,,S2,The dream,coord,508856881,,,,,,,,,
,,Un,x,x,,,,,,,,,,
,,Un,x,x,,,,,,,,,,
,,,,,,,,,,,,,,
,alcohol,,Linguistic unit,P type,Image ID,Male 13,Female 14,,,,Freq bin,Conc bin,Syllable,
,,Target,The alcohol,target,280812776,M1_Noun_phrase_3syll_18,,,,,7,7,3,
,,P1,x,x,x,,,,,,,,,
,,P2,The aerosol,distant,275925476,,,,,,,,,
,,P3,The hole,distant,185448857,,,,,,,,,
,,S1,The glass,assoc,10350665,,,,,,,,,
,,S2,The pub,assoc,3568888,,,,,,,,,
,,Un,The lemonade,un,183554057,,,,,,,,,
,,Un,x,x,,,,,,,,,,
,,,,,,,,,,,,,,
,factory,,Linguistic unit,P type,Image ID,Male 15,Female 16,,,,Freq bin,Conc bin,Syllable,
,,Target,The factory,target,258751610,M1_Noun_phrase_3syll_20,,,,,7,7,3,
,,P1,x,x,x,,,,,,,,,
,,P2,The tractor,distant,341139554,,,,,,,,,
,,P3,x,x,x,,,,,,,,,
,,S1,The machine,assoc,229767712,,,,,,,,,
,,S2,The workers,assoc,8065081,,,,,,,,,
,,Un,The actor,un,125381384,,,,,,,,,
,,P1,The factor,un,2882656191,,,,,,,,,
,,,,,,,,,,,,,,
,video,,Linguistic unit,P type,Image ID,Male 17,Female 18,,,,Freq bin,Conc bin,Syllable,
,,Target,The video (tape),target,318236540,M1_Noun_phrase_3syll_22,,,,,7,7,3,
,,P1,The widow,distant,288588491,,,,,,,,,
,,P2,The window,distant,165751670,,,,,,,,,
,,P3,x,x,,,,,,,,,,
,,S1,The radio,coord,78640372,,,,,,,,,
,,S2,The cinema,assoc,234158740,,,,,,,,,
,,Un,The CD,un,95741050,,,,,,,,,
,,Un,x,x,,,,,,,,,,
,,,,,,,,,,,,,,
,restaurant,,Linguistic unit,P type,Image ID,Male 18,Female 19,,,,Freq bin,Conc bin,Syllable,
,,Target,The restaurant,target,223258090,M1_Noun_phrase_3syll_23,,,,,7,7,3,
,,P1,The restoration,distant,351070487,,,,,,,,,
,,P2,x,x,,,,,,,,,,
,,P3,x,x,,,,,,,,,,
,,S1,The kitchen,assoc,243653452,,,,,,,,,
,,S2,The chef,assoc,34013737,,,,,,,,,
,,Un,The store,un,314136815,,,,,,,,,
,,Un,The bakery,un,273123827,,,,,,,,,
,,,,,,,,,,,,,,
,cabinet,,Linguistic unit,P type,Image ID,Male 19,Female 20,,,,Freq bin,Conc bin,Syllable,
,,Target,The cabinet,target,287718803,M1_Noun_phrase_3syll_24,,,,,7,7,3,
,,P1,The cabin,close,247635181,,,,,,,,,
,,P2,The nut,distant,3191120,,,,,,,,,
,,P3,The net,distant,4675954,,,,,,,,,
,,S1,The wardrobe,coord,33723657,,,,,,,,,
,,S2,The table,coord,204687544,,,,,,,,,
,,Un,x,x,,,,,,,,,,
,,Un,x,x,,,,,,,,,,
,,,,,,,,,,,,,,
,company,,Linguistic unit,P type,Image ID,Male 20,Female 21,,,,Freq bin,Conc bin,Syllable,
,,Target,The company,target,321792839,M1_Noun_phrase_3syll_25,,,,,8,6,3,
,,P1,The computer,distant,151134563,,,,,,,,,
,,P2,The compass,distant,25543776,,,,,,,,,
,,P3,x,x,x,,,,,,,,,
,,S1,The skyscraper,assoc,246847408,,,,,,,,,
,,S2,The suit,assoc,96547844,,,,,,,,,
,,Un,The companion,un,279548804,,,,,,,,,
,,Un,x,x,,,,,,,,,,
,,,,,,,,,,,,,,
,government,,Linguistic unit,P type,Image ID,Male 21,Female 22,,,,Freq bin,Conc bin,Syllable,
,,Target,The government,target,173777078,M1_Noun_phrase_3syll_26,,,,,8,4,3,
,,P1,The garment,distant,6060606066,,,,,,,,,
,,P2,x,x,,,,,,,,,,
,,P3,The mint,distant,217650220,,,,,,,,,
,,S1,The president,assoc,240517264,,,,,,,,,
,,S2,The queen,assoc,40450855,,,,,,,,,
,,Un,The present,un,157822775,,,,,,,,,
,,Un,x,x,,,,,,,,,,
,,,,,,,,,,,,,,
,decision,,Linguistic unit,P type,Image ID,Male 22,Female 23,,,,Freq bin,Conc bin,Syllable,
,,Target,The decision,target,152968568,M1_Noun_phrase_3syll_27,,,,,8,4,3,
,,P1,The division,mp,24326848,,,,,,,,,
,,P2,The television,distant,154257524,,,,,,,,,
,,P3,The division (maths),distant,92394520,,,,,,,,,
,,S1,The judge,assoc,53310156,,,,,,,,,
,,S2,The reward,assoc,211007215,,,,,,,,,
,,Un,x,x,,,,,,,,,,
,,Un,x,x,,,,,,,,,,
,,,,,,,,,,,,,,
,officer,,Linguistic unitLinguistic unit,P type,Image ID,Male 87,Female 88,,,,Freq bin,Conc bin,Syllable,
,,Target,the officer,target,140116000,,F2_Noun_phrase_3syll_29,M2_Noun_phrase_3syll_29,,,7,7,3,
,,P1,the office,close,111740954,,,,,,,,,
,,P2,xx,x,x,,,,,,,,,
,,P3,xx,x,x,,,,,,,,,
,,S1,the handcuff,assoc,124149928,,,,,,,,,
,,S2,the gun,assoc,297191459,,,,,,,,,
,,Un,the fencer,un,371213491,,,,,,,,,
,,Un,the ambulance,un,35015805,,,,,,,,,
,,,,,,,,,,,,,,
,measurement,,Linguistic unit,P type,Image ID,Male 23,Female 24,,,,Freq bin,Conc bin,Syllable,
,,Target,The measurement,target,54007780,,F2_Noun_phrase_3syll_30,M2_Noun_phrase_3syll_30,,,4,4,3,
,,P1,the monument,distant,321167366,,,,,,,,,
,,P2,x,x,x,,,,,,,,,
,,P3,x,x,x,,,,,,,,,
,,S1,The measuirng tape,assoc,342776441,,,,,,,,,
,,S2,The scissors,assoc,95124,,,,,,,,,
,,Un,The parliament,un,158481035,,,,,,,,,
,,Un,the experiment,un,32511024,,,,,,,,,
,,,,,,,,,,,,,,
,equator,,Linguistic unit,P type,Image ID,Male 24,Female 25,,,,Freq bin,Conc bin,Syllable,
,,Target,the equator,target,1264588081,,F2_Noun_phrase_3syll_31,M2_Noun_phrase_3syll_31,,,4,5,3,
,,P1,the quarter,close,636258415,,,,,,,,,
,,P2,the waiter,distant,35510165,,,,,,,,,
,,P3,the equation,distant,552562152,,,,,,,,,
,,S1,the horizon,assoc,54505735,,,,,,,,,
,,S2,the orbit,assoc,166234112,,,,,,,,,
,,Un,x,x,x,,,,,,,,,
,,Un,x,x,x,,,,,,,,,
,,,,,,,,,,,,,,
,nativity,,Linguistic unit,P type,Image ID,Male 25,Female 26,,,,Freq bin,Conc bin,Syllable,
,,Target,The nativity,target,392620255,,F2_Noun_phrase_3syll_32,M2_Noun_phrase_3syll_32,,,4,5,4,
,,P1,x,x,x,,,,,,,,,
,,P2,The captivity,close,372891310,,,,,,,,,
,,P3,x,x,x,,,,,,,,,
,,S1,The alter,assoc,34429114,,,,,,,,,
,,S2,The shepherd,assoc,22977877,,,,,,,,,
,,Un,The festivity,un,232765210,,,,,,,,,
,,Un,the dog,un,207075325,,,,,,,,,
,,,,,,,,,,,,,,
,magistrate,,Linguistic unit,P type,Image ID,Male 26,Female 27,,,,Freq bin,Conc bin,Syllable,
,,Target,The magistrate,target,33765791,,F2_Noun_phrase_3syll_33,M2_Noun_phrase_3syll_33,,,4,5,3,
,,P1,the majesty,distant,236052655,,,,,,,,,
,,P2,The magician,distant,158926736,,,,,,,,,
,,P3,x,x,x,,,,,,,,,
,,S1,the court,assoc,287323682,,,,,,,,,
,,S2,the hammer,assoc,257039128,,,,,,,,,
,,Un,x,x,x,,,,,,,,,
,,Un,the marriage,un,134013656,,,,,,,,,
,,,,,,,,,,,,,,
,defendant,,Linguistic unit,P type,Image ID,Male 27,Female 28,,,,Freq bin,Conc bin,Syllable,
,,Target,The defendant,target,243765985,,F2_Noun_phrase_3syll_34,M2_Noun_phrase_3syll_34,,,4,5,3,
,,P1,x,x,x,,,,,,,,,
,,P2,The attendant,close,214174147,,,,,,,,,
,,P3,The pendant,close,339166133,,,,,,,,,
,,S1,The judge,assoc,53310156,,,,,,,,,
,,S2,The prisoner,assoc,183717002,,,,,,,,,
,,Un,x,x,x,,,,,,,,,
,,Un,x,x,x,,,,,,,,,
,,,,,,,,,,,,,,
,handyman,,Linguistic unit,P type,Image ID,Male 28,Female 29,,,,Freq bin,Conc bin,Syllable,
,,Target,The handyman,target,121805014,,F2_Noun_phrase_3syll_35,M2_Noun_phrase_3syll_35,,,4,6,3,
,,P1,The handymen,mp,408244048,,,,,,,,,
,,P2,The hand,distant,325855256,,,,,,,,,
,,P3,x,x,x,,,,,,,,,
,,S1,The tools,assoc,555444222,,,,,,,,,
,,S2,The ladder,assoc,155314385,,,,,,,,,
,,Un,x,x,x,,,,,,,,,
,,Un,the arm,un,133620884,,,,,,,,,
,,,,,,,,,,,,,,
,tangerine,,Linguistic unit,P type,Image ID,Male 29,Female 30,,,,Freq bin,Conc bin,Syllable,
,,Target,The tangerine,target,193541879,,F2_Noun_phrase_3syll_36,M2_Noun_phrase_3syll_36,,,4,6,3,
,,P1,The trampoline,close,216671602,,,,,,,,,
,,P2,The tambourine,close,359361287,,,,,,,,,
,,P3,The vaseline,distant,328339046,,,,,,,,,
,,S1,The apple,assoc,124592107,,,,,,,,,
,,S2,The lemon,assoc,253566421,,,,,,,,,
,,Un,x,x,x,,,,,,,,,
,,Un,x,x,x,,,,,,,,,
,,,,,,,,,,,,,,
,undertaker,,Linguistic unit,P type,Image ID,Male 30,Female 31,,,,Freq bin,Conc bin,Syllable,
,,Target,The undertaker,target,344377988,,F2_Noun_phrase_3syll_37,M2_Noun_phrase_3syll_37,,,4,6,4,
,,P1,the underwear,distant,31915068,,,,,,,,,
,,P2,the underline,distant,252923338,,,,,,,,,
,,P3,x,x,x,,,,,,,,,
,,S1,The funeral,assoc,144558722,,,,,,,,,
,,S2,The coffin,assoc,167256005,,,,,,,,,
,,Un,x,x,x,,,,,,,,,
,,Un,the form,un,1034819,,,,,,,,,
,,,,,,,,,,,,,,
,discovery,,Linguistic unit,P type,Image ID,Male 31,Female 32,,,,Freq bin,Conc bin,Syllable,
,,Target,The discovery,target,196238288,,F2_Noun_phrase_3syll_38,M2_Noun_phrase_3syll_38,,,6,2,4,
,,P1,The recovery,close,328917653,,,,,,,,,
,,P2,The (CD) disc,distant,95741050,,,,,,,,,
,,P3,x,x,x,,,,,,,,,
,,S1,The planets,assoc,12645088,,,,,,,,,
,,S2,The telescope,assoc,323321408,,,,,,,,,
,,Un,x,x,x,,,,,,,,,
,,Un,the tape,un,301134431,,,,,,,,,
,,,,,,,,,,,,,,
,memorial,,Linguistic unit,P type,Image ID,Male 32,Female 33,,,,Freq bin,Conc bin,Syllable,
,,Target,The memorial,target,269985236,,F2_Noun_phrase_3syll_39,M2_Noun_phrase_3syll_39,,,6,5,4,
,,P1,the aerial,distant,240930424,,,,,,,,,
,,P2,The material,distant,335717462,,,,,,,,,
,,P3,the mineral,distant,309811037,,,,,,,,,
,,S1,the headstone,coord,58919671,,,,,,,,,
,,S2,The sculpture,coord,384291940,,,,,,,,,
,,Un,x,x,x,,,,,,,,,
,,Un,x,x,x,,,,,,,,,
,,,,,,,,,,,,,,
,decoration,,Linguistic unit,P type,Image ID,Male 33,Female 34,,,,Freq bin,Conc bin,Syllable,
,,Target,the decoration,target,345955502,,F2_Noun_phrase_3syll_40,M2_Noun_phrase_3syll_40,,,6,5,4,
,,P1,the decorator,close,239813203,,,,,,,,,
,,P2,the detonation,close,416975974,,,,,,,,,
,,P3,the declaration,close,411770764,,,,,,,,,
,,S1,the lightbulb,coord,166428077,,,,,,,,,
,,S2,x,x,x,,,,,,,,,
,,Un,x,x,x,,,,,,,,,
,,Un,the lighter,un,58276510,,,,,,,,,
,,,,,,,,,,,,,,
,opponent,,Linguistic unit,P type,Image ID,Male 34,Female 35,,,,Freq bin,Conc bin,Syllable,
,,Target,the opponent,target,234211156,,F2_Noun_phrase_3syll_41,M2_Noun_phrase_3syll_41,,,6,5,3,
,,P1,the deodorant,close,6414663,,,,,,,,,
,,P2,the rodent,close,38857743,,,,,,,,,
,,P3,the appointment,close,6120350201,,,,,,,,,
,,S1,the friend,assoc,297973031,,,,,,,,,
,,S2,the team,assoc,38767380,,,,,,,,,
,,Un,x,x,x,,,,,,,,,
,,Un,x,x,x,,,,,,,,,
,,,,,,,,,,,,,,
,presenter,,Linguistic unit,P type,Image ID,Male 35,Female 36,,,,Freq bin,Conc bin,Syllable,
,,Target,the presenter,target,262339823,,F2_Noun_phrase_3syll_42,M2_Noun_phrase_3syll_42,,,6,5,3,
,,P1,the protestor,close,329796596,,,,,,,,,
,,P2,the present,close,6876317,,,,,,,,,
,,P3,the president,distant,213646750,,,,,,,,,
,,S1,the projector,assoc,386613064,,,,,,,,,
,,S2,the microphone,assoc,556925,,,,,,,,,
,,Un,x,x,x,,,,,,,,,
,,Un,x,x,x,,,,,,,,,
,,,,,,,,,,,,,,
,protesters,,Linguistic unit,P type,Image ID,Male 36,Female 37,,,,Freq bin,Conc bin,Syllable,
,,Target,the protester,target,329796596,,F2_Noun_phrase_3syll_43,M2_Noun_phrase_3syll_43,,,6,5,3,
,,P1,the presenter,close,262339823,,,,,,,,,
,,P2,the projector,close,386613064,,,,,,,,,
,,P3,the protractor,close,390857236,,,,,,,,,
,,S1,the policeman,assoc,140116000,,,,,,,,,
,,S2,the signpost,assoc,171820049,,,,,,,,,
,,Un,x,x,x,,,,,,,,,
,,Un,x,x,x,,,,,,,,,
,,,,,,,,,,,,,,
,habitat,,Linguistic unit,P type,Image ID,Male 37,Female 38,,,,Freq bin,Conc bin,Syllable,
,,Target,the habitat,target,390012418,,F2_Noun_phrase_3syll_44,M2_Noun_phrase_3syll_44,,,6,5,3,
,,P1,the habit,close,48777661,,,,,,,,,
,,P2,the thermostat,distant,92965054,,,,,,,,,
,,P3,x,x,x,,,,,,,,,
,,S1,the vet,assoc,196926983,,,,,,,,,
,,S2,the cage,assoc,372891310,,,,,,,,,
,,Un,x,x,x,,,,,,,,,
,,Un,the protractor,un,390857236,,,,,,,,,
,,,,,,,,,,,,,,
,information,,Linguistic unit,P type,Image ID,Male 38,Female 39,,,,Freq bin,Conc bin,Syllable,
,,Target,the information,target,222896272,,F2_Noun_phrase_3syll_45,M2_Noun_phrase_3syll_45,,,8,4,4,
,,P1,the formation,close,168469727,,,,,,,,,
,,P2,the foundation,distant,232442752,,,,,,,,,
,,P3,the inflammation,close,174531992,,,,,,,,,
,,S1,x,x,x,,,,,,,,,
,,S2,x,x,x,,,,,,,,,
,,Un,the herd,un,317647301,,,,,,,,,
,,Un,the bruise,un,136606469,,,,,,,,,
,,,,,,,,,,,,,,
,economy,,Linguistic unit,P type,Image ID,Male 39,Female 40,,,,Freq bin,Conc bin,Syllable,
,,Target,the economy,target,203833330,,F2_Noun_phrase_3syll_46,M2_Noun_phrase_3syll_46,,,8,4,4,
,,P1,the atronomy,distant,166234112,,,,,,,,,
,,P2,the comedy,distant,220440994,,,,,,,,,
,,P3,the ecology,distant,344367131,,,,,,,,,
,,S1,the maths,assoc,333343406,,,,,,,,,
,,S2,the money,assoc,208239472,,,,,,,,,
,,Un,x,x,x,,,,,,,,,
,,Un,x,x,x,,,,,,,,,
,,,,,,,,,,,,,,
,coconut,,Linguistic unit,P type,Image ID,Male 40,Female 41,,,,Freq bin,Conc bin,Syllable,
,,Target,a coconut,target,226317511,,F2_Noun_phrase_3syll_47,M2_Noun_phrase_3syll_47,,,6,7,3,
,,P1,a croissant,distant,172040546,,,,,,,,,
,,P2,a currant,distant,189680357,,,,,,,,,
,,P3,a walnut,distant,158232353,,,,,,,,,
,,S1,a pineapple,coord,191500784,,,,,,,,,
,,S2,a watermelon,coord,315670685,,,,,,,,,
,,Un,x,x,x,,,,,,,,,
,,Un,x,x,x,,,,,,,,,
,,,,,,,,,,,,,,
,apartment,,Linguistic unit,P type,Image ID,Male 41,Female 42,,,,Freq bin,Conc bin,Syllable,
,,Target,the apartment,target,46214473,,F2_Noun_phrase_3syll_48,M2_Noun_phrase_3syll_48,,,6,7,3,
,,P1,the appointment,distant,6120350201,,,,,,,,,
,,P2,the parchment,close,392326237,,,,,,,,,
,,P3,x,x,x,,,,,,,,,
,,S1,the house,coord,90784409,,,,,,,,,
,,S2,the shop,coord,196555813,,,,,,,,,
,,Un,x,x,x,,,,,,,,,
,,Un,the paper,un,6510816,,,,,,,,,
,,,,,,,,,,,,,,
,envelope,,Linguistic unit,P type,Image ID,Male 42,Female 43,,,,Freq bin,Conc bin,Syllable,
,,Target,the envelope,target,266120171,,F2_Noun_phrase_3syll_49,M2_Noun_phrase_3syll_49,,,6,7,3,
,,P1,the antelope,close,274681958,,,,,,,,,
,,P2,the telescope,distant,323321408,,,,,,,,,
,,P3,the microscope,distant,296583980,,,,,,,,,
,,S1,the stamp,assoc,60489658,,,,,,,,,
,,S2,the letter,assoc,1373819,,,,,,,,,
,,Un,x,x,x,,,,,,,,,
,,Un,x,x,x,,,,,,,,,
,,,,,,,,,,,,,,
,cigarette,,Linguistic unit,P type,Image ID,Male 43,Female 44,,,,Freq bin,Conc bin,Syllable,
,,Target,a cigarette,target,132957044,,F2_Noun_phrase_3syll_50,M2_Noun_phrase_3syll_50,,,6,7,3,
,,P1,a clarinet,distant,175882805,,,,,,,,,
,,P2,a serviette,distant,279902690,,,,,,,,,
,,P3,a signature,distant,42632431,,,,,,,,,
,,S1,a lighter,assoc,58276510,,,,,,,,,
,,S2,x,x,x,,,,,,,,,
,,Un,a candle,un,229764619,,,,,,,,,
,,Un,x,x,x,,,,,,,,,
,,,,,,,,,,,,,,
,motorway,,Linguistic unit,P type,Image ID,Male 44,Female 45,,,,Freq bin,Conc bin,Syllable,
,,Target,the motorway,target,1435994752,,F2_Noun_phrase_3syll_51,M2_Noun_phrase_3syll_51,,,6,7,3,
,,P1,x,x,x,,,,,,,,,
,,P2,x,x,x,,,,,,,,,
,,P3,x,x,x,,,,,,,,,
,,S1,the path,coord,65485215,,,,,,,,,
,,S2,the country road,coord,19117657,,,,,,,,,
,,Un,the doorway,un,21225938,,,,,,,,,
,,Un,the archway,un,264515792,,,,,,,,,
,,,,,,,,,,,,,,
,ingredients,,Linguistic unit,P type,Image ID,Male 45,Female 46,,,,Freq bin,Conc bin,Syllable,
,,Target,The ingredients,target,319936619,,F2_Noun_phrase_3syll_52,M2_Noun_phrase_3syll_52,,,7,6,4,
,,P1,x,x,x,,,,,,,,,
,,P2,x,x,x,,,,,,,,,
,,S1,The blender,assoc,248201236,,,,,,,,,
,,S2,The cake,assoc,268187408,,,,,,,,,
,,S3,The bowl,assoc,180989537,,,,,,,,,
,,Un,The ink,un,116077606,,,,,,,,,
,,Un,The grade,un,37074286,,,,,,,,,
,,,,,,,,,,,,,,
,injury,,Linguistic unit,P type,Image ID,Male 46,Female 47,,,,Freq bin,Conc bin,Syllable,
,,Target,The injury,target,50782650,,F2_Noun_phrase_3syll_53,M2_Noun_phrase_3syll_53,,,7,6,3,
,,P1,the journey,close,7856253526,,,,,,,,,
,,P2,x,x,x,,,,,,,,,
,,P3,x,x,x,,,,,,,,,
,,S1,The accident,assoc,228064072,,,,,,,,,
,,S2,The hospital,assoc,156022646,,,,,,,,,
,,Un,The injection,un,4363612,,,,,,,,,
,,Un,the plaster,un,9778298,,,,,,,,,
,,,,,,,,,,,,,,
,director,,Linguistic unit,P type,Image ID,Male 47,Female 48,,,,Freq bin,Conc bin,Syllable,
,,Target,The director,target,373569079,,F2_Noun_phrase_3syll_54,M2_Noun_phrase_3syll_54,,,7,6,3,
,,P1,The rector,close,174184406,,,,,,,,,
,,P2,the direction,close,8185485475,,,,,,,,,
,,P3,The detector,close,260462651,,,,,,,,,
,,S1,The film,assoc,101597905,,,,,,,,,
,,S2,The theatre performance,assoc,149938298,,,,,,,,,
,,Un,x,x,x,,,,,,,,,
,,Un,x,x,x,,,,,,,,,
,,,,,,,,,,,,,,
,radio,,Linguistic unit,P type,Image ID,Male 48,Female 49,,,,Freq bin,Conc bin,Syllable,
,,Target,The radio,target,78640372,,F2_Noun_phrase_3syll_55,M2_Noun_phrase_3syll_55,,,7,7,3,
,,P1,The ratio,mp,666555333,,,,,,,,,
,,P2,The rhino,distant,146220032,,,,,,,,,
,,P3,The radar,distant,311806709,,,,,,,,,
,,S1,The computer,assoc,151134563,,,,,,,,,
,,S2,The CD,assoc,95741050,,,,,,,,,
,,Un,x,x,x,,,,,,,,,
,,Un,x,x,x,,,,,,,,,
,,,,,,,,,,,,,,
,television,,Linguistic unit,P type,Image ID,Male 49,Female 50,,,,Freq bin,Conc bin,Syllable,
,,Target,The television,target,154257524,,F2_Noun_phrase_3syll_56,M2_Noun_phrase_3syll_56,,,7,7,4,
,,P1,The telephone,distant,2606477,,,,,,,,,
,,P2,The telegram,distant,131114579,,,,,,,,,
,,P3,x,x,x,,,,,,,,,
,,S1,The computer,assoc,151134563,,,,,,,,,
,,S2,The cinema,assoc,69847321,,,,,,,,,
,,Un,The newspaper,un,5091231,,,,,,,,,
,,Un,x,x,x,,,,,,,,,
,,,,,,,,,,,,,,
,university,,Linguistic unit,P type,Image ID,Male 50,Female 51,,,,Freq bin,Conc bin,Syllable,
,,Target,The university,target,299633474,,F2_Noun_phrase_3syll_57,M2_Noun_phrase_3syll_57,,,7,7,5,
,,P1,The anniversary,close,46801559,,,,,,,,,
,,P2,The universe,close,12645088,,,,,,,,,
,,P3,x,x,x,,,,,,,,,
,,S1,The primary school,assoc,211291357,,,,,,,,,
,,S2,The student,assoc,302516108,,,,,,,,,
,,Un,The bank,un,265092359,,,,,,,,,
,,Un,x,x,x,,,,,,,,,
,,,,,,,,,,,,,,
,animal,,Linguistic unit,P type,Image ID,Male 51,Female 52,,,,Freq bin,Conc bin,Syllable,
,,Target,The animal,target,149694575,,F2_Noun_phrase_3syll_58,M2_Noun_phrase_3syll_58,,,7,7,3,
,,P1,The apple,distant,124592107,,,,,,,,,
,,P2,x,x,x,,,,,,,,,
,,P3,x,x,x,,,,,,,,,
,,S1,The plant,assoc,51599364,,,,,,,,,
,,S2,The forest,assoc,60010,,,,,,,,,
,,Un,The bug,un,317723675,,,,,,,,,
,,Un,The hunting,un,246542533,,,,,,,,,
,,,,,,,,,,,,,,
,referee,,Linguistic unit,P type,Image ID,Male 52,Female 53,,,,Freq bin,Conc bin,Syllable,
,,Target,The referee,target,210720415,,F2_Noun_phrase_3syll_59,M2_Noun_phrase_3syll_59,,,7,6,3,
,,P1,The ferry,close,157824602,,,,,,,,,
,,P2,The settee,close,14352447,,,,,,,,,
,,P3,x,x,x,,,,,,,,,
,,S1,The footballer,assoc,257173849,,,,,,,,,
,,S2,The pitch,assoc,154603907,,,,,,,,,
,,Un,The whistle,un,133109453,,,,,,,,,
,,Un,x,x,x,,,,,,,,,
,,,,,,,,,,,,,,
,festival,,Linguistic unit,P type,Image ID,Male 53,Female 54,,,,Freq bin,Conc bin,Syllable,
,,Target,The festival,target,232765210,,F2_Noun_phrase_3syll_60,M2_Noun_phrase_3syll_60,,,7,6,3,
,,P1,x,x,x,,,,,,,,,
,,P2,x,x,x,,,,,,,,,
,,P3,x,x,x,,,,,,,,,
,,S1,The performance,assoc,149938298,,,,,,,,,
,,S2,The beer,assoc,123784216,,,,,,,,,
,,Un,The stereo,un,49117645,,,,,,,,,
,,Un,The balloon,un,1684878,,,,,,,,,
,,,,,,,,,,,,,,
,material,,Linguistic unit,P type,Image ID,Male 54,Female 55,,,,Freq bin,Conc bin,Syllable,
,,Target,The material,target,335717462,,F2_Noun_phrase_3syll_61,M2_Noun_phrase_3syll_61,,,7,6,4,
,,P1,The cereal,distant,332732597,,,,,,,,,
,,P2,x,x,x,,,,,,,,,
,,P3,x,x,x,,,,,,,,,
,,S1,The dress,assoc,39740263,,,,,,,,,
,,S2,The factory,assoc,25882077,,,,,,,,,
,,Un,The measuring taper,un,319611026,,,,,,,,,
,,Un,The memorial,un,191259356,,,,,,,,,
,,,,,,,,,,,,,,
,executive,,Linguistic unit,P type,Image ID,Male 55,Female 56,,,,Freq bin,Conc bin,Syllable,
,,Target,The executive,target,318500885,,F2_Noun_phrase_3syll_62,M2_Noun_phrase_3syll_62,,,7,6,4,
,,P1,x,x,x,,,,,,,,,
,,P2,The execution,distant,11056144,,,,,,,,,
,,P3,x,x,x,,,,,,,,,
,,S1,The team,assoc,37284049,,,,,,,,,
,,S2,The documents,assoc,282891893,,,,,,,,,
,,Un,The cleaner,un,255992242,,,,,,,,,
,,Un,The computer,un,96741802,,,,,,,,,
,,,,,,,,,,,,,,
,manager,,Linguistic unit,P type,Image ID,Male 56,Female 57,,,,Freq bin,Conc bin,Syllable,
,,Target,The manager,target,44182813,,F2_Noun_phrase_3syll_63,M2_Noun_phrase_3syll_63,,,7,6,3,
,,P1,The manger,mp,323341901,,,,,,,,,
,,P2,The passenger,distant,254661517,,,,,,,,,
,,P3,x,x,x,,,,,,,,,
,,S1,The employees,assoc,37284049,,,,,,,,,
,,S2,The mobile phone,assoc,14152486,,,,,,,,,
,,Un,The engineer,un,150586763,,,,,,,,,
,,Un,x,x,x,,,,,,,,,
,,,,,,,,,,,,,,
,internet,,Linguistic unit,P type,Image ID,Male 57,Female 58,,,,Freq bin,Conc bin,Syllable,
,,Target,The internet,target,62462044,,F2_Noun_phrase_3syll_64,M2_Noun_phrase_3syll_64,,,7,5,3,
,,P1,The interogatee,distant,306850220,,,,,,,,,
,,P2,The net,distant,4675954,,,,,,,,,
,,P3,x,x,x,,,,,,,,,
,,S1,The satellite dish,assoc,54724903,,,,,,,,,
,,S2,The mobile phone,assoc,14152486,,,,,,,,,
,,Un,The tenant,un,35900025,,,,,,,,,
,,Un,x,x,x,,,,,,,,,
,,,,,,,,,,,,,,
,gentleman,,Linguistic unit,P type,Image ID,Male 58,Female 59,,,,Freq bin,Conc bin,Syllable,
,,Target,The gentleman,target,188279510,,F2_Noun_phrase_3syll_65,M2_Noun_phrase_3syll_65,,,7,5,3,
,,P1,The gentle,close,116496205,,,,,,,,,
,,P2,x,x,x,,,,,,,,,
,,P3,x,x,x,,,,,,,,,
,,S1,The cigar,assoc,126855932,,,,,,,,,
,,S2,The hat,assoc,226670272,,,,,,,,,
,,Un,The jeans,un,1055770,,,,,,,,,
,,Un,the robber,un,8153444,,,,,,,,,
,,,,,,,,,,,,,,
,nausea,,Linguistic unit,P type,Image ID,Male 59,Female 60,,,,Freq bin,Conc bin,Syllable,
,,Target,The nausea,target,246882316,,F2_Noun_phrase_3syll_66,M2_Noun_phrase_3syll_66,,,4,4,3,
,,P1,The noise,close,50495386,,,,,,,,,
,,P2,The nose,distant,30725120,,,,,,,,,
,,P3,x,x,x,,,,,,,,,
,,S1,The wave,assoc,751659354,,,,,,,,,
,,S2,The headache,assoc,31432136,,,,,,,,,
,,Un,The note,un,236808625,,,,,,,,,
,,Un,x,x,x,,,,,,,,,
,,,,,,,,,,,,,,
,gamekeeper,,Linguistic unit,P type,Image ID,Male 60,Female 61,,,,Freq bin,Conc bin,Syllable,
,,Target,The gamekeeper,target,228676159,,F2_Noun_phrase_3syll_67,M2_Noun_phrase_3syll_67,,,4,5,3,
,,P1,The game,distant,70300393,,,,,,,,,
,,P2,The beekeeper,distant,330586217,,,,,,,,,
,,P3,The goalkeeper,close,201975412,,,,,,,,,
,,S1,The hunting dog,assoc,341956301,,,,,,,,,
,,S2,The scout,assoc,285005699,,,,,,,,,
,,Un,x,x,x,,,,,,,,,
,,Un,x,x,x,,,,,,,,,
,,,,,,,,,,,,,,
,fishmonger,,Linguistic unit,P type,Image ID,Male 61,Female 62,,,,Freq bin,Conc bin,Syllable,
,,Target,The fishmonger,target,371601007,,F2_Noun_phrase_3syll_68,M2_Noun_phrase_3syll_68,,,4,5,3,
,,P1,x,x,x,,,,,,,,,
,,P2,The fish,distant,164790890,,,,,,,,,
,,P3,x,x,x,,,,,,,,,
,,S1,The fisherman,assoc,233856853,,,,,,,,,
,,S2,The butcher,assoc,242663470,,,,,,,,,
,,Un,The cashier,un,36599685,,,,,,,,,
,,P2,The beekeeper,un,330586217,,,,,,,,,
,,,,,,,,,,,,,,
,ignition,,Linguistic unit,P type,Image ID,Male 62,Female 63,,,,Freq bin,Conc bin,Syllable,
,,Target,The ignition,target,133833095,,F2_Noun_phrase_3syll_69,M2_Noun_phrase_3syll_69,,,4,4,3,
,,P1,The addition,close,333343406,,,,,,,,,
,,P2,The magician,close,158926736,,,,,,,,,
,,P3,The musician,close,666111222,,,,,,,,,
,,S1,The car,assoc,323450258,,,,,,,,,
,,S2,The key,assoc,250854970,,,,,,,,,
,,Un,x,x,x,,,,,,,,,
,,Un,x,x,x,,,,,,,,,
,,,,,,,,,,,,,,
,graduation,,Linguistic unit,P type,Image ID,Male 63,Female 64,,,,Freq bin,Conc bin,Syllable,
,,Target,The graduation,target,302516108,,F2_Noun_phrase_3syll_70,M2_Noun_phrase_3syll_70,,,4,5,4,
,,P1,The education,close,211291357,,,,,,,,,
,,P2,The generation,close,285328931,,,,,,,,,
,,P3,x,x,x,,,,,,,,,
,,S1,The university,assoc,299633474,,,,,,,,,
,,S2,The diploma,assoc,212540242,,,,,,,,,
,,S1,The car,un,323450258,,,,,,,,,
,,Un,x,x,x,,,,,,,,,
,,,,,,,,,,,,,,
,decorator,,Linguistic unit,P type,Image ID,Male 64,Female 65,,,,Freq bin,Conc bin,Syllable,
,,Target,The decorator,target,92857432,,F2_Noun_phrase_3syll_71,M2_Noun_phrase_3syll_71,,,4,5,4,
,,P1,x,x,x,,,,,,,,,
,,P2,x,x,x,,,,,,,,,
,,P3,The escalator,close,235322389,,,,,,,,,
,,S1,The roller,assoc,313719290,,,,,,,,,
,,S2,The architect,assoc,27330630,,,,,,,,,
,,Un,The decoration,un,322795547,,,,,,,,,
,,Un,The artist,un,192647369,,,,,,,,,
,,,,,,,,,,,,,,
,mantelpiece,,Linguistic unit,P type,Image ID,Male 65,Female 66,,,,Freq bin,Conc bin,Syllable,
,,Target,The mantelpiece,target,183646058,,F2_Noun_phrase_3syll_72,M2_Noun_phrase_3syll_72,,,4,5,3,
,,P1,x,x,x,,,,,,,,,
,,P2,The piece,close,308555069,,,,,,,,,
,,P3,x,x,x,,,,,,,,,
,,S1,The fire,assoc,280872665,,,,,,,,,
,,S2,The shelf,assoc,196039253,,,,,,,,,
,,Un,The metal,un,95868373,,,,,,,,,
,,Un,The christmas sock,un,220080979,,,,,,,,,
,,,,,,,,,,,,,,
,roller-coaster,,Linguistic unit,P type,Image ID,Male 66,Female 67,,,,Freq bin,Conc bin,Syllable,
,,Target,The roller-coaster,target,232504156,,F2_Noun_phrase_3syll_73,M2_Noun_phrase_3syll_73,,,4,5,4,
,,P1,The toaster,close,13224143,,,,,,,,,
,,P2,The roller,close,313719290,,,,,,,,,
,,P3,The roller skates,close,33569378,,,,,,,,,
,,S1,The carousel,assoc,292772729,,,,,,,,,
,,S2,The water slide,assoc,277042469,,,,,,,,,
,,Un,x,x,x,,,,,,,,,
,,Un,x,x,x,,,,,,,,,
,,,,,,,,,,,,,,
,homeowners,,Linguistic unit,P type,Image ID,Male 67,Female 68,,,,Freq bin,Conc bin,Syllable,
,,Target,The homeowners,target,35900025,,F2_Noun_phrase_3syll_74,M2_Noun_phrase_3syll_74,,,4,5,3,
,,P1,The home,close,90784409,,,,,,,,,
,,P2,The lawnmower,distant,155845634,,,,,,,,,
,,P3,x,x,x,,,,,,,,,
,,S1,The estate offers,assoc,181672718,,,,,,,,,
,,S2,The key,assoc,27229660,,,,,,,,,
,,Un,The landowner,un,232634692,,,,,,,,,
,,Un,x,x,x,,,,,,,,,
,,,,,,,,,,,,,,
,asterisk,,Linguistic unit,P type,Image ID,Male 68,Female 69,,,,Freq bin,Conc bin,Syllable,
,,Target,the asterisk,target,1.02938E+11,,F2_Noun_phrase_3syll_75,M2_Noun_phrase_3syll_75,,,2,6,3,
,,P1,the whisk,distant,79997773,,,,,,,,,
,,P2,x,x,x,,,,,,,,,
,,P3,x,x,x,,,,,,,,,
,,S1,the exlamation mark,coord,78534512,,,,,,,,,
,,S2,the star,coord,26890802,,,,,,,,,
,,Un,the planet,un,126458808,,,,,,,,,
,,Un,the postit note,un,343165013,,,,,,,,,
,,,,,,,,,,,,,,
,aubergine,,Linguistic unit,P type,Image ID,Male 69,Female 70,,,,Freq bin,Conc bin,Syllable,
,,Target,the aubergine,target,227191732,,F2_Noun_phrase_3syll_76,M2_Noun_phrase_3syll_76,,,2,7,3,
,,P1,the machine,distant,19291843,,,,,,,,,
,,P2,x,x,x,,,,,,,,,
,,P3,x,x,x,,,,,,,,,
,,S1,the courgette,coord,304119680,,,,,,,,,
,,S2,the plum,coord,418148908,,,,,,,,,
,,Un,the cucumber,un,277260890,,,,,,,,,
,,Un,the tomato,un,32087522,,,,,,,,,
,,,,,,,,,,,,,,
,theatre,,Linguistic unit,P type,Image ID,Male 70,Female 71,,,,Freq bin,Conc bin,Syllable,
,,Target,the theatre,target,149938298,,F2_Noun_phrase_3syll_77,M2_Noun_phrase_3syll_77,,,2,7,3,
,,P1,x,x,x,,,,,,,,,
,,P2,x,x,x,,,,,,,,,
,,P3,x,x,x,,,,,,,,,
,,S1,the tv,coord,154257524,,,,,,,,,
,,S2,the restaurant,assoc,223258090,,,,,,,,,
,,Un,the wine,un,30150678,,,,,,,,,
,,Un,the binoculars,un,319227656,,,,,,,,,
,,,,,,,,,,,,,,
,skateboarder,,Linguistic unit,P type,Image ID,Male 71,Female 72,,,,Freq bin,Conc bin,Syllable,
,,Target,the skateboarder,target,315526541,,F2_Noun_phrase_3syll_78,M2_Noun_phrase_3syll_78,,,2,7,3,
,,P1,the snow boarder,distant,378119188,,,,,,,,,
,,P2,x,x,x,,,,,,,,,
,,P3,x,x,x,,,,,,,,,
,,S1,the helmet,assoc,53790160,,,,,,,,,
,,S2,the scooter,coord,268782068,,,,,,,,,
,,Un,the wheel,un,85496150,,,,,,,,,
,,Un,the bike,un,26646892,,,,,,,,,
,,,,,,,,,,,,,,
,bellybutton,,Linguistic unit,P type,Image ID,Male 72,Female 73,,,,Freq bin,Conc bin,Syllable,
,,Target,the bellybutton,target,271721936,,F2_Noun_phrase_3syll_79,M2_Noun_phrase_3syll_79,,,2,7,4,
,,P1,the button,distant,289933967,,,,,,,,,
,,P2,x,x,x,,,,,,,,,
,,P3,x,x,x,,,,,,,,,
,,S1,the belt,assoc,2213280,,,,,,,,,
,,S2,the spot,assoc,260573111,,,,,,,,,
,,Un,the nose,un,30725120,,,,,,,,,
,,Un,the egg,un,120690565,,,,,,,,,
,,,,,,,,,,,,,,
,pillowcase,,Linguistic unit,P type,Image ID,Male 73,Female 74,,,,Freq bin,Conc bin,Syllable,
,,Target,the pillowcase,target,266615786,,F2_Noun_phrase_3syll_80,M2_Noun_phrase_3syll_80,,,2,7,3,
,,P1,the pencil case,distant,150258194,,,,,,,,,
,,P2,x,x,x,,,,,,,,,
,,P3,x,x,x,,,,,,,,,
,,S1,the pillow,assoc,12396319,,,,,,,,,
,,S2,the sheet,coord,5943342,,,,,,,,,
,,Un,the bed,un,33724414,,,,,,,,,
,,Un,the cushion,un,13379533,,,,,,,,,
,,,,,,,,,,,,,,
,icicle,,Linguistic unit,P type,Image ID,Male 74,Female 75,,,,Freq bin,Conc bin,Syllable,
,,Target,the icicle,target,180404060,,F2_Noun_phrase_3syll_81,M2_Noun_phrase_3syll_81,,,2,7,3,
,,P1,the bicycle,mp,325745795,,,,,,,,,
,,P2,the tricycle,mp,309310754,,,,,,,,,
,,P3,x,x,x,,,,,,,,,
,,S1,the snow ball,assoc,226913350,,,,,,,,,
,,S2,the icecube,assoc,10293484,,,,,,,,,
,,Un,the iceberg,un,124451737,,,,,,,,,
,,Un,x,x,x,,,,,,,,,
,,,,,,,,,,,,,,
,stiletto,,Linguistic unit,P type,Image ID,Male 75,Female 76,,,,Freq bin,Conc bin,Syllable,
,,Target,the stiletto,target,64275163,,F2_Noun_phrase_3syll_82,M2_Noun_phrase_3syll_82,,,2,7,3,
,,P1,the ghetto,distant,238334821,,,,,,,,,
,,P2,x,x,x,,,,,,,,,
,,P3,x,x,x,,,,,,,,,
,,S1,the shoe,coord,100100117,,,,,,,,,
,,S2,the trainer,coord,39355348,,,,,,,,,
,,Un,the dress,un,39740263,,,,,,,,,
,,Un,the handbag,un,45261254,,,,,,,,,
,,,,,,,,,,,,,,
,colander,,Linguistic unit,P type,Image ID,Male 76,Female 77,,,,Freq bin,Conc bin,Syllable,
,,Target,the colander,target,246523108,,F2_Noun_phrase_3syll_83,M2_Noun_phrase_3syll_83,,,3,6,3,
,,P1,the coriander,close,306721070,,,,,,,,,
,,P2,x,x,x,,,,,,,,,
,,P3,x,x,x,,,,,,,,,
,,S1,the sieve,coord,387996418,,,,,,,,,
,,S2,the pan,assoc,221737165,,,,,,,,,
,,Un,the kitchen,un,243653452,,,,,,,,,
,,Un,the boiling veg,un,250681732,,,,,,,,,
,,,,,,,,,,,,,,
,aerial,,Linguistic unit,P type,Image ID,Male 77,Female 78,,,,Freq bin,Conc bin,Syllable,
,,Target,the aerial,target,85383910,,F2_Noun_phrase_3syll_84,M2_Noun_phrase_3syll_84,,,3,5,3,
,,P1,the airer,distant,259953095,,,,,,,,,
,,P2,x,x,x,,,,,,,,,
,,P3,x,x,x,,,,,,,,,
,,S1,the tv,assoc,276568709,,,,,,,,,
,,S2,the satelitte dish,coord,54724903,,,,,,,,,
,,Un,the pylon,un,386963053,,,,,,,,,
,,Un,the dryer,un,21865069,,,,,,,,,
,,,,,,,,,,,,,,
,camcorder,,Linguistic unit,P type,Image ID,Male 78,Female 79,,,,Freq bin,Conc bin,Syllable,
,,Target,the camcorder,target,172659737,,F2_Noun_phrase_3syll_85,M2_Noun_phrase_3syll_85,,,3,7,3,
,,P1,the recorder,distant,74014495,,,,,,,,,
,,P2,x,x,x,,,,,,,,,
,,P3,x,x,x,,,,,,,,,
,,S1,the camera,coord,176789477,,,,,,,,,
,,S2,the film reel,assoc,71941894,,,,,,,,,
,,Un,the trumpet,un,322366319,,,,,,,,,
,,Un,the director,un,125381384,,,,,,,,,
,,,,,,,,,,,,,,
,videotape,,Linguistic unit,P type,Image ID,Male 79,Female 80,,,,Freq bin,Conc bin,Syllable,
,,Target,the videotape,target,318236540,,F2_Noun_phrase_3syll_86,M2_Noun_phrase_3syll_86,,,3,7,4,
,,P1,the sellotape,distant,225389731,,,,,,,,,
,,P2,the masking tape,distant,149267327,,,,,,,,,
,,P3,x,x,x,,,,,,,,,
,,S1,the camcorder,assoc,172659737,,,,,,,,,
,,S2,the DVD,coord,231810271,,,,,,,,,
,,Un,the CD,un,95741050,,,,,,,,,
,,Un,X,x,x,,,,,,,,,
,,,,,,,,,,,,,,
,caridgan,,Linguistic unit,P type,Image ID,Male 80,Female 81,,,,Freq bin,Conc bin,Syllable,
,,Target,the cardigan,target,262194317,,F2_Noun_phrase_3syll_87,M2_Noun_phrase_3syll_87,,,5,7,3,
,,P1,the car,distant,5536288,,,,,,,,,
,,P2,x,x,x,,,,,,,,,
,,P3,x,x,x,,,,,,,,,
,,S1,the jumper,coord,17952737,,,,,,,,,
,,S2,the shawl,coord,173240609,,,,,,,,,
,,Un,the coat,un,282882188,,,,,,,,,
,,Un,the knitting,un,13735593,,,,,,,,,
,,,,,,,,,,,,,,
,koala,,Linguistic unit,P type,Image ID,Male 81,Female 82,,,,Freq bin,Conc bin,Syllable,
,,Target,the koala,target,156891680,,F2_Noun_phrase_3syll_88,M2_Noun_phrase_3syll_88,,,5,7,3,
,,P1,the cola,close,183416243,,,,,,,,,
,,P2,x,x,x,,,,,,,,,
,,P3,x,x,x,,,,,,,,,
,,S1,the kangeroo,assoc,21273163,,,,,,,,,
,,S2,the squirrel,coord,296804969,,,,,,,,,
,,Un,the lemonade,un,183554057,,,,,,,,,
,,Un,the chimp,un,41080057,,,,,,,,,
,,,,,,,,,,,,,,
,painist,,Linguistic unit,P type,Image ID,Male 82,Female 83,,,,Freq bin,Conc bin,Syllable,
,,Target,the pianist,target,280522151,,F2_Noun_phrase_3syll_89,M2_Noun_phrase_3syll_89,,,5,7,3,
,,P1,the piano,distant,13892674,,,,,,,,,
,,P2,the dentist,distant,113948344,,,,,,,,,
,,P3,x,x,x,,,,,,,,,
,,S1,the conductor,assoc,36165929,,,,,,,,,
,,S2,the fingers,assoc,302609414,,,,,,,,,
,,Un,the teeth,un,38230555,,,,,,,,,
,,Un,X,x,x,,,,,,,,,
,,,,,,,,,,,,,,
,marmalade,,Linguistic unit,P type,Image ID,Male 83,Female 84,,,,Freq bin,Conc bin,Syllable,
,,Target,the marmelade,target,194137658,,F2_Noun_phrase_3syll_90,M2_Noun_phrase_3syll_90,,,5,7,3,
,,P1,the lemonade,distant,183554057,,,,,,,,,
,,P2,the lampshade,distant,244858375,,,,,,,,,
,,P3,x,x,x,,,,,,,,,
,,S1,the jam,coord,134500634,,,,,,,,,
,,S2,the toast,assoc,13224143,,,,,,,,,
,,Un,the icecubes,un,10293484,,,,,,,,,
,,Un,X,x,x,,,,,,,,,
,,,,,,,,,,,,,,
,trampoline,,Linguistic unit,P type,Image ID,Male 84,Female 85,,,,Freq bin,Conc bin,Syllable,
,,Target,the trampoline,target,216671602,,F2_Noun_phrase_3syll_91,M2_Noun_phrase_3syll_91,,,5,7,3,
,,P1,the aubergine,distant,227191732,,,,,,,,,
,,P2,the tambourine,distant,212664352,,,,,,,,,
,,P3,x,x,x,,,,,,,,,
,,S1,the spacehopper,coord,60209404,,,,,,,,,
,,S2,the sandpit,assoc,1337402,,,,,,,,,
,,Un,the drum,un,167129375,,,,,,,,,
,,Un,X,x,x,,,,,,,,,
,,,,,,,,,,,,,,
,sandcastle,,Linguistic unit,P type,Image ID,Male 85,Female 86,,,,Freq bin,Conc bin,Syllable,
,,Target,the sandcastle,target,287978147,,,M2_Noun_phrase_3syll_92,,,4,7,3,
,,P1,the castle,distant,90322378,,,,,,,,,
,,P2,the sand,distant,104151680,,,,,,,,,
,,P3,x,x,x,,,,,,,,,
,,S1,the spade and bucket,asoc,402112708,,,,,,,,,
,,S2,the icecream,assoc,285189374,,,,,,,,,
,,Un,the queen,un,40450855,,,,,,,,,
,,Un,x,x,x,,,,,,,,,
,,,,,,,,,,,,,,
,dandelion,,Linguistic unit,P type,Image ID,Male 86,Female 87,,,,Freq bin,Conc bin,Syllable,
,,Target,the dandelion,target,325421693,,,M2_Noun_phrase_3syll_93,,,4,7,3,
,,P1,the lion,distant,88705651,,,,,,,,,
,,P2,x,x,x,,,,,,,,,
,,P3,x,x,x,,,,,,,,,
,,S1,the buttercup,coord,271099379,,,,,,,,,
,,S2,the tulip,coord,4369120670,,,,,,,,,
,,Un,the burdock,un,331803848,,,,,,,,,
,,Un,the tiger,un,186530726,,,,,,,,,
,,,,,,,,,,,,,,
B,equipment,,Linguistic unit,P type,Image ID,Male 14,Female 15,,,,Freq bin,Conc bin,Syllable,
,,Target,The equipment,target,215455183,M1_Noun_phrase_3syll_19,,,,,7,7,3,
,,P1,The payment,distant,279091361,,,,,,,,,
,,P2,The mint,distant,217650220,,,,,,,,,
,,P3,The allotment,mp,115888423,,,,,,,,,
,,S1,The football player,assoc,202270033,,,,,,,,,
,,S2,The pitch,assoc,154603907,,,,,,,,,
,,Un,x,x,,,,,,,,,,
,,Un,x,x,,,,,,,,,,
,,,,,,,,,,,,,,
B,museum,,Linguistic unit,P type,Image ID,Male 16,Female 17,,,,Freq bin,Conc bin,Syllable,
,,Target,The museum,target,126935459,M1_Noun_phrase_3syll_21,,,,,7,7,3,1
,,P1,The music,close,132936830,,,,,,,,,
,,P2,The moose,un,248365183,,,,,,,,,
,,P3,x,x,,,,,,,,,,
,,S1,the skeleton (dinosaur),assoc,75686886857,,,,,,,,,
,,S2,the painting,assoc,13491913090,,,,,,,,,
,,Un,the guitar,un,39740801433,,,,,,,,,
,,Un,x,x,x,,,,,,,,,
