1,move,,Linguistic unit,P type,Image ID,Female 1,Male 2,Male 3,Female 2,Female 3,Freq bin,Conc bin,Syllable,
,,Target,the cow moves,target,138694658,F1_Verb_intransitive_1,,M3_Verb_intransitive_1,,,8,4,1,
,,P1,the cow moos,mp,138875060,,,,,,,,,
,,P2,x,x,x,,,,,,,,,
,,P3,x,x,x,,,,,,,,,
,,S1,the cow stands,assoc,226625173,,,,,,,,,
,,S2,the cow sniffs,un,4114507999,,,,,,,,,
,,Un,the cow rests,un,152862614,,,,,,,,,
,,Un,the cow grazes,un,13624052929,,,,,,,,,
,,,,,,,,,,,,,,
3,run,,Linguistic unit,P type,Image ID,Female 1,Male 2,Male 3,Female 2,Female 3,Freq bin,Conc bin,Syllable,
,,Target,the man runs,target,98478128,F1_Verb_intransitive_3,,M3_Verb_intransitive_3,,,8,6,1,
,,P1,the man drums,distant,278138576,,,,,,,,,
,,P2,the man strums,distant,252976438,,,,,,,,,
,,P3,the man rubs,mp,264260948,,,,,,,,,
,,S1,the man stretches,assoc,40277707,,,,,,,,,
,,S2,the man walks,coord,46941883,,,,,,,,,
,,Un,x,x,x,,,,,,,,,
,,Un,x,x,x,,,,,,,,,
,,,,,,,,,,,,,,
4,cycle,,Linguistic unit,P type,Image ID,Female 1,Male 2,Male 3,Female 2,Female 3,Freq bin,Conc bin,Syllable,
,,Target,the girl cycles,target,164236085,F1_Verb_intransitive_4,,M3_Verb_intransitive_4,,,4,7,2,
,,P1,the girl recycles,close,195090890,,,,,,,,,
,,P2,x,x,x,,,,,,,,,
,,P3,x,x,x,,,,,,,,,
,,S1,the girl skates,coord,161112296,,,,,,,,,
,,S2,the girl skateboards,coord,142829050,,,,,,,,,
,,Un,the girl swings,un,49071878,,,,,,,,,
,,Un,the girl drinks,un,26841648,,,,,,,,,
,,,,,,,,,,,,,,
5,recycle,,Linguistic unit,P type,Image ID,Female 1,Male 2,Male 3,Female 2,Female 3,Freq bin,Conc bin,Syllable,
,,Target,the girl recycles,target,195090890,F1_Verb_intransitive_5,,M3_Verb_intransitive_5,,,5,3,3,
,,P1,the girl cycles,close,164236085,,,,,,,,,
,,P2,x,x,x,,,,,,,,,
,,P3,x,x,x,,,,,,,,,
,,S1,the girl skates,un,161112296,,,,,,,,,
,,S2,the girl skateboards,un,142829050,,,,,,,,,
,,Un,the girl rakes,un,161480588,,,,,,,,,
,,Un,the girl cleans,un,244549678,,,,,,,,,
,,,,,,,,,,,,,,
7,fly,,Linguistic unit,P type,Image ID,Female 1,Male 2,Male 3,Female 2,Female 3,Freq bin,Conc bin,Syllable,
,,Target,the boy flies,target,323376614,F1_Verb_intransitive_7,,M3_Verb_intransitive_7,,,7,7,1,
,,P1,the boy cries,mp,332187713,,,,,,,,,
,,P2,the boy spies,mp,305250251,,,,,,,,,
,,P3,the boy fries,mp,7649269,,,,,,,,,
,,S1,the boy jumps,assoc,11720221,,,,,,,,,
,,S2,the boy dives,assoc,100328420,,,,,,,,,
,,Un,x,x,x,,,,,,,,,
,,Un,x,x,x,,,,,,,,,
,,,,,,,,,,,,,,
8,fall,,Linguistic unit,P type,Image ID,Female 1,Male 2,Male 3,Female 2,Female 3,Freq bin,Conc bin,Syllable,
,,Target,The boy falls,target,272486237,F1_Verb_intransitive_8,,M3_Verb_intransitive_8,,,8,6,1,
,,P1,The boy calls,mp,54665866,,,,,,,,,
,,P2,The boy crawls,mp,303112247,,,,,,,,,
,,P3,x,x,x,,,,,,,,,
,,S1,the boy flies,coord,323376614,,,,,,,,,
,,S2,x,x,x,,,,,,,,,
,,Un,the boy walks,un,45100279,,,,,,,,,
,,Un,the boy sits,un,45100270,,,,,,,,,
,,,,,,,,,,,,,,
11,look,,Linguistic unit,P type,Image ID,Female 1,Male 2,Male 3,Female 2,Female 3,Freq bin,Conc bin,Syllable,
,,Target,the woman looks,target,695458541,F1_Verb_intransitive_11,,M3_Verb_intransitive_11,,,8,3,1,
,,P1,the woman cooks,mp,38187136,,,,,,,,,
,,P2,the woman lurks,mp,11214703,,,,,,,,,
,,P3,the woman licks,mp,14525412,,,,,,,,,
,,S1,the woman listens,coord,295951889,,,,,,,,,
,,S2,the woman smells,coord,34918929,,,,,,,,,
,,Un,x,x,x,,,,,,,,,
,,Un,x,x,x,,,,,,,,,
,,,,,,,,,,,,,,
12,types,,Linguistic unit,P type,Image ID,Female 1,Male 2,Male 3,Female 2,Female 3,Freq bin,Conc bin,Syllable,
,,Target,The woman types,target,224987824,F1_Verb_intransitive_12,,M3_Verb_intransitive_12,,,4,4,1,
,,P1,The woman taps,mp,13423453,,,,,,,,,
,,P2,The woman wipes,mp,261359645,,,,,,,,,
,,P3,The woman ties,mp,321504251,,,,,,,,,
,,S1,The woman writes,coord,316776584,,,,,,,,,
,,S2,x,x,x,,,,,,,,,
,,Un,The woman sweeps,un,294469775,,,,,,,,,
,,Un,x,x,x,,,,,,,,,
,,,,,,,,,,,,,,
13,cleans,,Linguistic unit,P type,Image ID,Female 1,Male 2,Male 3,Female 2,Female 3,Freq bin,Conc bin,Syllable,
,,Target,The man cleans,target,152942717,F1_Verb_intransitive_13,,M3_Verb_intransitive_13,,,6,5,1,
,,P1,The man leans,mp,238138774,,,,,,,,,
,,P2,The man clears,mp,84571393,,,,,,,,,
,,P3,x,x,x,,,,,,,,,
,,S1,The man dries,coord,236457589,,,,,,,,,
,,S2,The man shaves,coord,45059092,,,,,,,,,
,,Un,The man climbs,un,243235708,,,,,,,,,
,,Un,x,x,x,,,,,,,,,
,,,,,,,,,,,,,,
14,lick,,Linguistic unit,P type,Image ID,Female 1,Male 2,Male 3,Female 2,Female 3,Freq bin,Conc bin,Syllable,
,,Target,the woman licks,target,14525412,F1_Verb_intransitive_15,,M3_Verb_intransitive_15,,,5,7,1,
,,P1,the woman kicks,mp,4710661,,,,,,,,,
,,P2,the woman clicks,mp,323986271,,,,,,,,,
,,P3,the woman lifts,mp,295626266,,,,,,,,,
,,S1,the woman eats,assoc,12212707,,,,,,,,,
,,S2,the woman drinks,assoc,42959693,,,,,,,,,
,,Un,x,x,x,,,,,,,,,
,,Un,x,x,x,,,,,,,,,
,,,,,,,,,,,,,,
15,knock,,Linguistic unit,P type,Image ID,Female 1,Male 2,Male 3,Female 2,Female 3,Freq bin,Conc bin,Syllable,
,,Target,the man knocks,target,30886078,,M2_Verb_intransitive_16,,F2_Verb_intransitive_16,,7,6,1,
,,P1,the man knots,mp,200609186,,,,,,,,,
,,P2,the man rocks,mp,26845054,,,,,,,,,
,,P3,the man mops,distant,37984563,,,,,,,,,
,,S1,the man rings,coord,26105294,,,,,,,,,
,,S2,x,x,x,,,,,,,,,
,,Un,the man reads,un,1373819,,,,,,,,,
,,Un,x,x,x,,,,,,,,,
,,,,,,,,,,,,,,
19,stand,,Linguistic unit,P type,Image ID,Female 1,Male 2,Male 3,Female 2,Female 3,Freq bin,Conc bin,Syllable,
,,Target,The boy stands,target,150658016,,M2_Verb_intransitive_20,,F2_Verb_intransitive_20,,8,6,1,
,,P1,the boy stacks,mp,114518089,,,,,,,,,
,,P2,The boy sands,mp,222272809,,,,,,,,,
,,P3,The boy stinks,distant,8041488,,,,,,,,,
,,S1,The boy sits,coord,40588738,,,,,,,,,
,,S2,The boy kneels,coord,90344116,,,,,,,,,
,,Un,x,x,x,,,,,,,,,
,,Un,x,x,x,,,,,,,,,
,,,,,,,,,,,,,,
22,sleep,,Linguistic unit,P type,Image ID,Female 1,Male 2,Male 3,Female 2,Female 3,Freq bin,Conc bin,Syllable,
,,Target,The man sleeps,target,50885688,,M2_Verb_intransitive_23,,F2_Verb_intransitive_23,,7,6,1,
,,P1,The man peeps,mp,49102078,,,,,,,,,
,,P2,The man weeps,mp,47099760,,,,,,,,,
,,P3,x,x,x,,,,,,,,,
,,S1,The man wakes,assoc,53507634,,,,,,,,,
,,S2,The man relaxes,assoc,18346476,,,,,,,,,
,,Un,The man cuts,un,10681814,,,,,,,,,
,,Un,x,x,x,,,,,,,,,
,,,,,,,,,,,,,,
23,write,,Linguistic unit,P type,Image ID,Female 1,Male 2,Male 3,Female 2,Female 3,Freq bin,Conc bin,Syllable,
,,Target,The boy writes,target,49095394,,M2_Verb_intransitive_24,,F2_Verb_intransitive_24,,7,6,1,
,,P1,The boy bites,mp,13873732,,,,,,,,,
,,P2,The boy rides,mp,34482521,,,,,,,,,
,,P3,x,x,x,,,,,,,,,
,,S1,The boy types,coord,28180400,,,,,,,,,
,,S2,The boy draws,assoc,40769832,,,,,,,,,
,,Un,The boy sleeps,un,51871363,,,,,,,,,
,,Un,x,x,x,,,,,,,,,
,,,,,,,,,,,,,,
24,sing,,Linguistic unit,P type,Image ID,Female 1,Male 2,Male 3,Female 2,Female 3,Freq bin,Conc bin,Syllable,
,,Target,The girl sings,target,917512,,M2_Verb_intransitive_25,,F2_Verb_intransitive_25,,7,6,1,
,,P1,The girl rings,mp,26515435,,,,,,,,,
,,P2,The girl swings,mp,49071878,,,,,,,,,
,,P3,x,x,x,,,,,,,,,
,,S1,The girl laughs,coord,45387273,,,,,,,,,
,,S2,The girl dances,assoc,40811971,,,,,,,,,
,,Un,The girl jumps,un,37824493,,,,,,,,,
,,Un,x,x,x,,,,,,,,,
,,,,,,,,,,,,,,
26,sift,,Linguistic unit,P type,Image ID,Female 1,Male 2,Male 3,Female 2,Female 3,Freq bin,Conc bin,Syllable,
,,Target,the man sifts,target,432902254,F1_Verb_intransitive_27,,M3_Verb_intransitive_27,,,4,5,1,
,,P1,the man lifts,mp,300754643,,,,,,,,,
,,P2,the man drifts,mp,143702194,,,,,,,,,
,,P3,the man sits,mp,29524396,,,,,,,,,
,,S1,the man bakes,assoc,49245224,,,,,,,,,
,,S2,the man mixes,assoc,244303159,,,,,,,,,
,,Un,x,x,x,,,,,,,,,
,,Un,x,x,x,,,,,,,,,
,,,,,,,,,,,,,,
27,drift,,Linguistic unit,P type,Image ID,Female 1,Male 2,Male 3,Female 2,Female 3,Freq bin,Conc bin,Syllable,
,,Target,the man drifts,target,143702194,F1_Verb_intransitive_28,,M3_Verb_intransitive_28,,,5,3,1,
,,P1,the man lifts,mp,300754643,,,,,,,,,
,,P2,the man drills,close,160490927,,,,,,,,,
,,P3,the man drinks,close,19031322,,,,,,,,,
,,S1,the man swims,assoc,142342759,,,,,,,,,
,,S2,x,x,x,,,,,,,,,
,,Un,the man sifts,un,432902254,,,,,,,,,
,,Un,x,x,x,,,,,,,,,
,,,,,,,,,,,,,,
28,drill,,Linguistic unit,P type,Image ID,Female 1,Male 2,Male 3,Female 2,Female 3,Freq bin,Conc bin,Syllable,
,,Target,the man drills,target,160490927,F1_Verb_intransitive_29,,M3_Verb_intransitive_29,,,4,6,1,
,,P1,the man grills,mp,136231922,,,,,,,,,
,,P2,the man drinks,close,19031322,,,,,,,,,
,,P3,the man spills,mp,187800929,,,,,,,,,
,,S1,the man sands,assoc,53703047,,,,,,,,,
,,S2,the man saws,assoc,112072841,,,,,,,,,
,,Un,x,x,x,,,,,,,,,
,,Un,x,x,x,,,,,,,,,
,,,,,,,,,,,,,,
29,sand,,Linguistic unit,P type,Image ID,Female 1,Male 2,Male 3,Female 2,Female 3,Freq bin,Conc bin,Syllable,
,,Target,The guy sands,target,222272809,F1_Verb_intransitive_30,,M3_Verb_intransitive_30,,,3,5,1,
,,P1,The guy stands,mp,223069852,,,,,,,,,
,,P2,The guy fans,close,226174534,,,,,,,,,
,,P3,The guy scans,close,3322510,,,,,,,,,
,,S1,The guy hammers,coord,315475769,,,,,,,,,
,,S2,The guy chisels,coord,267558782,,,,,,,,,
,,Un,x,x,x,,,,,,,,,
,,Un,x,x,x,,,,,,,,,
,,,,,,,,,,,,,,
30,fold,,Linguistic unit,P type,Image ID,Female 1,Male 2,Male 3,Female 2,Female 3,Freq bin,Conc bin,Syllable,
,,Target,The woman folds,target,144369628,F1_Verb_intransitive_31,,M3_Verb_intransitive_31,,,6,6,1,
,,P1,The woman scolds,mp,50486182,,,,,,,,,
,,P2,The woman holds,mp,207034693,,,,,,,,,
,,P3,x,x,x,,,,,,,,,
,,S1,The woman unfolds,coord,257067604,,,,,,,,,
,,S2,x,x,x,,,,,,,,,
,,Un,The woman irons,un,306279242,,,,,,,,,
,,Un,The woman washes,un,304169150,,,,,,,,,
,,,,,,,,,,,,,,
32,play,,Linguistic unit,P type,Image ID,Female 1,Male 2,Male 3,Female 2,Female 3,Freq bin,Conc bin,Syllable,
,,Target,The child plays,target,300259550,F1_Verb_intransitive_33,,M3_Verb_intransitive_33,,,8,4,1,
,,P1,The child pays,mp,127336061,,,,,,,,,
,,P2,The child prays,mp,143759767,,,,,,,,,
,,P3,The child lays,mp,217743628,,,,,,,,,
,,S1,The child paints,assoc,109715168,,,,,,,,,
,,S2,The child draws,assoc,40769832,,,,,,,,,
,,Un,x,x,x,,,,,,,,,
,,Un,x,x,x,,,,,,,,,
,,,,,,,,,,,,,,
34,pray,,Linguistic unit,P type,Image ID,Female 1,Male 2,Male 3,Female 2,Female 3,Freq bin,Conc bin,Syllable,
,,Target,The child prays,target,143759767,F1_Verb_intransitive_35,,M3_Verb_intransitive_35,,,6,4,1,
,,P1,The child pays,mp,127336061,,,,,,,,,
,,P2,The child plays,mp,300259550,,,,,,,,,
,,P3,The child lays,mp,217743628,,,,,,,,,
,,S1,x,x,x,,,,,,,,,
,,S2,x,x,x,,,,,,,,,
,,Un,The child sings,un,52632099,,,,,,,,,
,,Un,The child paints,un,109715168,,,,,,,,,
,,,,,,,,,,,,,,
37,clean,,Linguistic unit,P type,Image ID,Female 1,Male 2,Male 3,Female 2,Female 3,Freq bin,Conc bin,Syllable,
,,Target,The man cleans,target,152942717,F1_Verb_intransitive_38,,M3_Verb_intransitive_38,,,6,5,1,
,,P1,The man leans,mp,238138774,,,,,,,,,
,,P2,The man clears,mp,84571393,,,,,,,,,
,,P3,x,x,x,,,,,,,,,
,,S1,The man dries,coord,236457589,,,,,,,,,
,,S2,The man shaves,coord,45059092,,,,,,,,,
,,Un,The man climbs,un,243235708,,,,,,,,,
,,Un,x,x,x,,,,,,,,,
,,,,,,,,,,,,,,
38,gallops,,Linguistic unit,P type,Image ID,Female 1,Male 2,Male 3,Female 2,Female 3,Freq bin,Conc bin,Syllable,
,,Target,The horse gallops,target,296131085,F1_Verb_intransitive_39,,M3_Verb_intransitive_39,,,4,6,2,
,,P1,x,x,x,,,,,,,,,
,,P2,x,x,x,,,,,,,,,
,,P3,The horse sleeps,coord,269209058,,,,,,,,,
,,S1,The horse stands,coord,234108850,,,,,,,,,
,,S2,The horse walks,coord,310511342,,,,,,,,,
,,Un,The horse eats,un,84453310,,,,,,,,,
,,Un,The horse jumps,un,148809950,,,,,,,,,
,,,,,,,,,,,,,,
39,forages,,Linguistic unit,P type,Image ID,Female 1,Male 2,Male 3,Female 2,Female 3,Freq bin,Conc bin,Syllable,
,,Target,The man forages,target,220721464,F1_Verb_intransitive_40,,M3_Verb_intransitive_40,,,4,4,2,
,,P1,x,x,x,,,,,,,,,
,,P2,x,x,x,,,,,,,,,
,,P3,The man hunts,coord,80321242,,,,,,,,,
,,S1,The man shops,coord,92386033,,,,,,,,,
,,S2,The man cooks,coord,17343484,,,,,,,,,
,,Un,The man gardens,un,287707931,,,,,,,,,
,,Un,The man eats (porridge),un,328727594,,,,,,,,,
,,,,,,,,,,,,,,
40,leans,,Linguistic unit,P type,Image ID,Female 1,Male 2,Male 3,Female 2,Female 3,Freq bin,Conc bin,Syllable,
,,Target,The man leans,target,29524403,F1_Verb_intransitive_41,,M3_Verb_intransitive_41,,,5,4,1,
,,P1,The man preans,mp,37714207,,,,,,,,,
,,P2,The man cleans,mp,37984563,,,,,,,,,
,,P3,The man leads,mp,138717797,,,,,,,,,
,,S1,The man lies,coord,50885688,,,,,,,,,
,,S2,The man stands,coord,31871541,,,,,,,,,
,,Un,x,x,x,,,,,,,,,
,,Un,x,x,x,,,,,,,,,
,,,,,,,,,,,,,,
51,falls,,Linguistic unit,P type,Image ID,Female 1,Male 2,Male 3,Female 2,Female 3,Freq bin,Conc bin,Syllable,
,,Target,The man falls,target,35147362,,M2_Verb_intransitive_43,,F2_Verb_intransitive_43,,8,6,1,
,,P1,The man calls,mp,36971928,,,,,,,,,
,,P2,The man fills,mp,223069789,,,,,,,,,
,,P3,The man follows,x,270511217,,,,,,,,,
,,S1,The man jumps,coord,44123146,,,,,,,,,
,,S2,The man bumps (arm),coord,179665787,,,,,,,,,
,,Un,x,x,x,,,,,,,,,
,,Un,x,x,x,,,,,,,,,
,,,,,,,,,,,,,,
52,hear,,Linguistic unit,P type,Image ID,Female 1,Male 2,Male 3,Female 2,Female 3,Freq bin,Conc bin,Syllable,
,,Target,the woman hears,target,332946251,F1_Verb_intransitive_44,,M3_Verb_intransitive_44,,,8,5,1,
,,P1,the woman cheers,mp,256140502,,,,,,,,,
,,P2,the woman shears,mp,212099170,,,,,,,,,
,,P3,the woman steers,mp,274064687,,,,,,,,,
,,S1,the woman smells,coord,284183621,,,,,,,,,
,,S2,the woman looks,coord,695458541,,,,,,,,,
,,Un,x,x,x,,,,,,,,,
,,Un,x,x,x,,,,,,,,,
,,,,,,,,,,,,,,
53,kneels,,Linguistic unit,P type,Image ID,Female 1,Male 2,Male 3,Female 2,Female 3,Freq bin,Conc bin,Syllable,
,,Target,The adult kneels,target,1875828,F1_Verb_intransitive_45,,M3_Verb_intransitive_45,,,4,6,2,
,,P1,The adult deals,mp,8415454,,,,,,,,,
,,P2,The adult feels,mp,496404,,,,,,,,,
,,P3,The adult heals,mp,187871873,,,,,,,,,
,,S1,The adult sits,coord,29524396,,,,,,,,,
,,S2,The adult hops,coord,3233413,,,,,,,,,
,,Un,x,x,x,,,,,,,,,
,,Un,x,x,x,,,,,,,,,
,,,,,,,,,,,,,,
55,deal,,Linguistic unit,P type,Image ID,Female 1,Male 2,Male 3,Female 2,Female 3,Freq bin,Conc bin,Syllable,
,,Target,the man deals,target,8415454,F1_Verb_intransitive_47,,M3_Verb_intransitive_47,,,7,3,1,
,,P1,the man peels,mp,17991200,,,,,,,,,
,,P2,the man kneels,mp,271316276,,,,,,,,,
,,P3,the man feels,mp,257668813,,,,,,,,,
,,S1,the man rolls,assoc,256638031,,,,,,,,,
,,S2,the man plays,assoc,193607378,,,,,,,,,
,,Un,x,x,x,,,,,,,,,
,,Un,x,x,x,,,,,,,,,
,,,,,,,,,,,,,,
56,peek,,Linguistic unit,P type,Image ID,Female 1,Male 2,Male 3,Female 2,Female 3,Freq bin,Conc bin,Syllable,
,,Target,The boy peeks,target,26384143,F1_Verb_intransitive_48,,M3_Verb_intransitive_48,,,3,3,1,
,,P1,The boy speaks,mp,279289346,,,,,,,,,
,,P2,The boy sweeps,close,298044821,,,,,,,,,
,,P3,the boy reeks,mp,8041488,,,,,,,,,
,,S1,x,x,x,,,,,,,,,
,,S2,x,x,x,,,,,,,,,
,,Un,the boy spins,un,126039770,,,,,,,,,
,,Un,the boy reads,un,61875193,,,,,,,,,
,,,,,,,,,,,,,,
57,build,,Linguistic unit,P type,Image ID,Female 1,Male 2,Male 3,Female 2,Female 3,Freq bin,Conc bin,Syllable,
,,Target,the child builds,target,105983540,F1_Verb_intransitive_49,,M3_Verb_intransitive_49,,,8,5,1,
,,P1,the child drills,close,204591244,,,,,,,,,
,,P2,the child grills,close,189968267,,,,,,,,,
,,P3,the child beads,distant,334162937,,,,,,,,,
,,S1,x,x,x,,,,,,,,,
,,S2,x,x,x,,,,,,,,,
,,Un,the child drums,un,190730795,,,,,,,,,
,,Un,the child pours,un,153884597,,,,,,,,,
,,,,,,,,,,,,,,
59,watch,,Linguistic unit,P type,Image ID,Female 1,Male 2,Male 3,Female 2,Female 3,Freq bin,Conc bin,Syllable,
,,Target,the boy watches,target,305250251,F1_Verb_intransitive_51,,M3_Verb_intransitive_51,,,8,7,2,
,,P1,the boy washes,mp,29601772,,,,,,,,,
,,P2,the boy catches,close,115153567,,,,,,,,,
,,P3,the boy sketches,close,313953776,,,,,,,,,
,,S1,the boy listens,coord,292361672,,,,,,,,,
,,S2,the boy smells,coord,91061990,,,,,,,,,
,,Un,x,x,x,,,,,,,,,
,,Un,x,x,x,,,,,,,,,
,,,,,,,,,,,,,,
60,catch,,Linguistic unit,P type,Image ID,Female 1,Male 2,Male 3,Female 2,Female 3,Freq bin,Conc bin,Syllable,
,,Target,the boy catches,target,115153567,F1_Verb_intransitive_52,,M3_Verb_intransitive_52,,,8,6,2,
,,P1,the boy watches,close,305250251,,,,,,,,,
,,P2,the boy sketches,close,313953776,,,,,,,,,
,,P3,the boy kisses,distant,13502128,,,,,,,,,
,,S1,the boy throws,coord,11609345,,,,,,,,,
,,S2,the boy bats,coord,79358443,,,,,,,,,
,,Un,x,x,x,,,,,,,,,
,,Un,x,x,x,,,,,,,,,
,,,,,,,,,,,,,,
61,work,,Linguistic unit,P type,Image ID,Female 1,Male 2,Male 3,Female 2,Female 3,Freq bin,Conc bin,Syllable,
,,Target,The woman works,target,11474454,F1_Verb_intransitive_53,,M3_Verb_intransitive_53,,,8,4,1,
,,P1,The woman smirks,mp,381834148,,,,,,,,,
,,P2,The woman wakes,mp,51780655,,,,,,,,,
,,P3,The woman walks,close,469418832,,,,,,,,,
,,S1,The woman relaxes,assoc,311038037,,,,,,,,,
,,S2,x,x,x,,,,,,,,,
,,Un,The woman sleeps,un,233185360,,,,,,,,,
,,Un,x,x,x,,,,,,,,,
,,,,,,,,,,,,,,
63,bleed,,Linguistic unit,P type,Image ID,Female 1,Male 2,Male 3,Female 2,Female 3,Freq bin,Conc bin,Syllable,
,,Target,The man bleeds,target,313964276,F1_Verb_intransitive_55,,M3_Verb_intransitive_55,,,5,6,1,
,,P1,The man blends,close,38668822,,,,,,,,,
,,P2,The man kneads,mp,261246989,,,,,,,,,
,,P3,The man reads,mp,37118861,,,,,,,,,
,,S1,x,x,x,,,,,,,,,
,,S2,x,x,x,,,,,,,,,
,,Un,The man chops,un,10681814,,,,,,,,,
,,Un,The man irons,un,306279242,,,,,,,,,
,,,,,,,,,,,,,,
66,weed,,Linguistic unit,P type,Image ID,Female 1,Male 2,Male 3,Female 2,Female 3,Freq bin,Conc bin,Syllable,
,,Target,the man weeds,target,192369584,F1_Verb_intransitive_58,,M3_Verb_intransitive_58,,,3,4,1,
,,P1,the man reads,mp,37118861,,,,,,,,,
,,P2,the man bleeds,mp,313964276,,,,,,,,,
,,P3,the man kneads,mp,261246989,,,,,,,,,
,,S1,the man prunes,assoc,287707931,,,,,,,,,
,,S2,the man mows,assoc,35865163,,,,,,,,,
,,Un,x,x,x,,,,,,,,,
,,Un,x,x,x,,,,,,,,,
,,,,,,,,,,,,,,
68,dive,,Linguistic unit,P type,Image ID,Female 1,Male 2,Male 3,Female 2,Female 3,Freq bin,Conc bin,Syllable,
,,Target,The man dives,target,96072599,F1_Verb_intransitive_60,,M3_Verb_intransitive_60,,,4,6,1,
,,P1,The man drives,mp,331319549,,,,,,,,,
,,P2,The man dines,mp,145639915,,,,,,,,,
,,P3,The man dries,distant,236457589,,,,,,,,,
,,S1,The man swims,assoc,142342759,,,,,,,,,
,,S2,The man jumps,coord,74528317,,,,,,,,,
,,Un,x,x,x,,,,,,,,,
,,Un,x,x,x,,,,,,,,,
,,,,,,,,,,,,,,
71,mix,,Linguistic unit,P type,Image ID,Female 1,Male 2,Male 3,Female 2,Female 3,Freq bin,Conc bin,Syllable,
,,Target,the man mixes,target,335752910,F1_Verb_intransitive_63,,M3_Verb_intransitive_63,,,5,5,2,
,,P1,the man fixes,mp,94503190,,,,,,,,,
,,P2,the man misses,mp,150919676,,,,,,,,,
,,P3,x,x,x,,,,,,,,,
,,S1,the man pours,assoc,30150678,,,,,,,,,
,,S2,x,x,x,,,,,,,,,
,,Un,x,x,x,,,,,,,,,
,,Un,the man blends,un,38668822,,,,,,,,,
,,,,,,,,,,,,,,
72,relax,,Linguistic unit,P type,Image ID,Female 1,Male 2,Male 3,Female 2,Female 3,Freq bin,Conc bin,Syllable,
,,Target,the man relaxes,target,221420479,F1_Verb_intransitive_64,,M3_Verb_intransitive_64,,,7,3,3,
,,P1,the man wrestles,distant,87801520,,,,,,,,,
,,P2,the man researches,distant,45589390,,,,,,,,,
,,P3,x,x,x,,,,,,,,,
,,S1,the man works,coord,107447321,,,,,,,,,
,,S2,x,x,x,,,,,,,,,
,,Un,the man stretches,un,140211604,,,,,,,,,
,,Un,the man runs,un,208693156,,,,,,,,,
,,,,,,,,,,,,,,
75,wash,,Linguistic unit,P type,Image ID,Female 1,Male 2,Male 3,Female 2,Female 3,Freq bin,Conc bin,Syllable,
,,Target,the boy washes,target,29601772,F1_Verb_intransitive_67,,M3_Verb_intransitive_67,,,7,6,2,
,,P1,the boy watches,mp,305250251,,,,,,,,,
,,P2,the boy wishes,mp,59821090,,,,,,,,,
,,P3,the boy splashes,distant,229799401,,,,,,,,,
,,S1,the boy brushes (teeth),coord,104853320,,,,,,,,,
,,S2,the boy brushes (hair),coord,290631104,,,,,,,,,
,,Un,x,x,x,,,,,,,,,
,,Un,x,x,x,,,,,,,,,
,,,,,,,,,,,,,,
76,shower,,Linguistic unit,P type,Image ID,Female 1,Male 2,Male 3,Female 2,Female 3,Freq bin,Conc bin,Syllable,
,,Target,the person showers,target,283323347,F1_Verb_intransitive_68,,M3_Verb_intransitive_68,,,7,6,2,
,,P1,the person shivers,close,125317343,,,,,,,,,
,,P2,the person scours,distant,297466739,,,,,,,,,
,,P3,the person shelters,distant,34486207,,,,,,,,,
,,S1,the person shaves,coord,11813344,,,,,,,,,
,,S2,the person washes,assoc,302714480,,,,,,,,,
,,Un,x,x,x,,,,,,,,,
,,Un,x,x,x,,,,,,,,,
,,,,,,,,,,,,,,
,saw,,Linguistic unit,P type,Image ID,Female 1,Male 2,Male 3,Female 2,Female 3,Freq bin,Conc bin,Syllable,
,,Target,The workman saws,target,277040582,,M2_Verb_intransitive_73,,,F3_Verb_intransitive_73,3,6,1,
,,P1,x,x,x,,,,,,,,,
,,P2,x,x,x,,,,,,,,,
,,P3,the workman paints,coord,239813203,,,,,,,,,
,,S1,The workman hammers,coord,315475769,,,,,,,,,
,,S2,The workman sands,coord,222272809,,,,,,,,,
,,Un,x,x,x,,,,,,,,,
,,Un,x,x,x,,,,,,,,,
,,,,,,,,,,,,,,
78,stop,,Linguistic unit,P type,Image ID,Female 1,Male 2,Male 3,Female 2,Female 3,Freq bin,Conc bin,Syllable,
,,Target,the man stops,target,151801061,,M2_Verb_intransitive_71,,,F3_Verb_intransitive_71,8,5,1,
,,P1,the man mops,mp,342153458,,,,,,,,,
,,P2,the man chops,mp,299655560,,,,,,,,,
,,P3,the man shops,mp,92386033,,,,,,,,,
,,S1,x,x,x,,,,,,,,,
,,S2,x,x,x,,,,,,,,,
,,Un,the man runs,un,98478128,,,,,,,,,
,,Un,the man cycles,un,81869632,,,,,,,,,
,,,,,,,,,,,,,,
79,talk,,Linguistic unit,P type,Image ID,Female 1,Male 2,Male 3,Female 2,Female 3,Freq bin,Conc bin,Syllable,
,,Target,The lady talks,target,126153506,,M2_Verb_intransitive_72,,,F3_Verb_intransitive_72,8,6,1,
,,P1,The lady walks,mp,32278607,,,,,,,,,
,,P2,x,x,x,,,,,,,,,
,,S1,The lady shouts,coord,123302983,,,,,,,,,
,,S2,The lady sings,coord,32513182,,,,,,,,,
,,S3,The lady whispers,coord,249734869,,,,,,,,,
,,Un,x,x,x,,,,,,,,,
,,Un,The lady cleans,un,261359645,,,,,,,,,
,,,,,,,,,,,,,,
82,meet,,Linguistic unit,P type,Image ID,Female 1,Male 2,Male 3,Female 2,Female 3,Freq bin,Conc bin,Syllable,
,,Target,the couple meet,target,187720691,,M2_Verb_intransitive_75,,,F3_Verb_intransitive_75,8,4,1,
,,P1,the couple eat,mp,312916109,,,,,,,,,
,,P2,the couple read,distant,39808052,,,,,,,,,
,,P3,x,x,x,,,,,,,,,
,,S1,x,x,x,,,,,,,,,
,,S2,x,x,x,,,,,,,,,
,,Un,the couple drink,un,214080025,,,,,,,,,
,,Un,the couple wash-up,un,236457589,,,,,,,,,
,,,,,,,,,,,,,,
83,argue,,Linguistic unit,P type,Image ID,Female 1,Male 2,Male 3,Female 2,Female 3,Freq bin,Conc bin,Syllable,
,,Target,the couple argue,target,6708079,,M2_Verb_intransitive_76,,,F3_Verb_intransitive_76,6,3,2,
,,P1,the couple barbequeue,distant,136231922,,,,,,,,,
,,P2,the couple queue,distant,243225007,,,,,,,,,
,,P3,x,x,x,,,,,,,,,
,,S1,x,x,x,,,,,,,,,
,,S2,the couple agree,coord,195701600,,,,,,,,,
,,Un,the couple talk,un,108635621,,,,,,,,,
,,Un,the couple cycle,un,39595978,,,,,,,,,
,,,,,,,,,,,,,,
85,exercise,,Linguistic unit,P type,Image ID,Female 1,Male 2,Male 3,Female 2,Female 3,Freq bin,Conc bin,Syllable,
,,Target,the man exercises,target,40277707,,M2_Verb_intransitive_78,,,F3_Verb_intransitive_78,4,5,4,
,,P1,the man apologises,distant,2780241,,,,,,,,,
,,P2,the man capsizes,distant,77004673,,,,,,,,,
,,P3,the man organises,distant,230003053,,,,,,,,,
,,S1,the man supervises,distant,241295458,,,,,,,,,
,,S2,the man relaxes,coord,188539025,,,,,,,,,
,,Un,x,x,x,,,,,,,,,
,,Un,x,x,x,,,,,,,,,
,,,,,,,,,,,,,,
87,joke,,Linguistic unit,P type,Image ID,Female 1,Male 2,Male 3,Female 2,Female 3,Freq bin,Conc bin,Syllable,
,,Target,the man jokes,target,98507624,,M2_Verb_intransitive_80,,,F3_Verb_intransitive_80,6,3,1,
,,P1,the man smokes,mp,132957044,,,,,,,,,
,,P2,the man chokes,mp,101679601,,,,,,,,,
,,P3,the man jogs,distant,208693156,,,,,,,,,
,,S1,the man argues,coord,6708079,,,,,,,,,
,,S2,the man juggles,assoc,169753799,,,,,,,,,
,,Un,x,x,x,,,,,,,,,
,,Un,x,x,x,,,,,,,,,
,,,,,,,,,,,,,,
88,supervise,,Linguistic unit,P type,Image ID,Female 1,Male 2,Male 3,Female 2,Female 3,Freq bin,Conc bin,Syllable,
,,Target,the man supervises,target,241295458,,M2_Verb_intransitive_81,,,F3_Verb_intransitive_81,4,2,4,
,,P1,the man organises,distant,230003053,,,,,,,,,
,,P2,the man apologises,distant,2780241,,,,,,,,,
,,P3,the man exercises,distant,40277707,,,,,,,,,
,,S1,the man capsizes,distant,77004673,,,,,,,,,
,,S2,x,x,x,,,,,,,,,
,,Un,the man argues,un,6708079,,,,,,,,,
,,Un,x,x,x,,,,,,,,,
,,,,,,,,,,,,,,
92,answer,,Linguistic unit,P type,Image ID,Female 1,Male 2,Male 3,Female 2,Female 3,Freq bin,Conc bin,Syllable,
,,Target,the woman answers,target,237017809,,M2_Verb_intransitive_85,,,F3_Verb_intransitive_85,6,3,2,
,,P1,the woman enters,distant,266098043,,,,,,,,,
,,P2,the woman argues,distant,6708079,,,,,,,,,
,,P3,x,x,x,,,,,,,,,
,,S1,the woman ignores,coord,109530086,,,,,,,,,
,,S2,the woman photographs,assoc,42514584,,,,,,,,,
,,Un,x,x,x,,,,,,,,,
,,Un,the woman types,un,157422422,,,,,,,,,
,,,,,,,,,,,,,,
97,escape,,Linguistic unit,P type,Image ID,Female 1,Male 2,Male 3,Female 2,Female 3,Freq bin,Conc bin,Syllable,
,,Target,the person escapes,target,52650916,,M2_Verb_intransitive_90,,,F3_Verb_intransitive_90,7,4,2,
,,P1,the person skates,close,161112296,,,,,,,,,
,,P2,the person tapes,close,39233433,,,,,,,,,
,,P3,x,x,x,,,,,,,,,
,,S1,x,x,x,,,,,,,,,
,,S2,the person is chained,coord,311384531,,,,,,,,,
,,Un,the person prays,un,113084167,,,,,,,,,
,,Un,the person sits,un,121491379,,,,,,,,,
,,,,,,,,,,,,,,
104,mend,,Linguistic unit,P type,Image ID,Female 1,Male 2,Male 3,Female 2,Female 3,Freq bin,Conc bin,Syllable,
,,Target,the man mends,target,268502327,,M2_Verb_intransitive_97,,,F3_Verb_intransitive_97,5,5,1,
,,P1,the man bends,mp,104722715,,,,,,,,,
,,P2,the man blends,mp,38668822,,,,,,,,,
,,P3,the man spends,mp,279091361,,,,,,,,,
,,S1,x,x,x,,,,,,,,,
,,S2,x,x,x,,,,,,,,,
,,Un,the man begs,close,2780241,,,,,,,,,
,,Un,the man bets,mp,23419268,,,,,,,,,
,,,,,,,,,,,,,,
105,spend,,Linguistic unit,P type,Image ID,Female 1,Male 2,Male 3,Female 2,Female 3,Freq bin,Conc bin,Syllable,
,,Target,the man spends,target,279091361,,M2_Verb_intransitive_98,,,F3_Verb_intransitive_98,8,3,1,
,,P1,the man mends,mp,268502327,,,,,,,,,
,,P2,the man bends,mp,104722715,,,,,,,,,
,,P3,the man blends,mp,38668822,,,,,,,,,
,,S1,the man saves,coord,89047702,,,,,,,,,
,,S2,the man gambles,assoc,23419268,,,,,,,,,
,,Un,x,x,x,,,,,,,,,
,,Un,x,x,x,,,,,,,,,
,,,,,,,,,,,,,,
106,blend,,Linguistic unit,P type,Image ID,Female 1,Male 2,Male 3,Female 2,Female 3,Freq bin,Conc bin,Syllable,
,,Target,the man blends,target,38668822,,M2_Verb_intransitive_99,,,F3_Verb_intransitive_99,5,5,1,
,,P1,the man mends,mp,268502327,,,,,,,,,
,,P2,the man bends,mp,104722715,,,,,,,,,
,,P3,the man spends,mp,279091361,,,,,,,,,
,,S1,the man bleeds,close,313964276,,,,,,,,,
,,S2,x,x,x,,,,,,,,,
,,Un,the man begs,close,2780241,,,,,,,,,
,,Un,x,x,x,,,,,,,,,
,,,,,,,,,,,,,,
112,float,,Linguistic unit,P type,Image ID,Female 1,Male 2,Male 3,Female 2,Female 3,Freq bin,Conc bin,Syllable,
,,Target,The man floats,target,143702194,,M2_Verb_intransitive_105,,,F3_Verb_intransitive_105,5,6,1,
,,P1,the man boats,mp,331319549,,,,,,,,,
,,P2,the man flies,distant,30873232,,,,,,,,,
,,P3,x,x,x,,,,,,,,,
,,S1,The man dives,assoc,96072599,,,,,,,,,
,,S2,The man dries,assoc,236457589,,,,,,,,,
,,Un,x,x,x,,,,,,,,,
,,Un,the man swims,un,142342759,,,,,,,,,
,,,,,,,,,,,,,,
113,dream,,Linguistic unit,P type,Image ID,Female 1,Male 2,Male 3,Female 2,Female 3,Freq bin,Conc bin,Syllable,
,,Target,the man dreams,target,56412598,,M2_Verb_intransitive_119,,,F3_Verb_intransitive_119,6,2,1,
,,P1,the man drums,mp,278138576,,,,,,,,,
,,P2,the man screams,close,169470221,,,,,,,,,
,,P3,the man draws,distant,78545854,,,,,,,,,
,,S1,the man rests,assoc,217813717,,,,,,,,,
,,S2,x,x,x,,,,,,,,,
,,Un,x,x,x,,,,,,,,,
,,Un,the man dries,un,146830787,,,,,,,,,
,,,,,,,,,,,,,,
117,brake,,Linguistic unit,P type,Image ID,Female 1,Male 2,Male 3,Female 2,Female 3,Freq bin,Conc bin,Syllable,
,,Target,The person brakes,target,286954073,,M2_Verb_intransitive_110,,,F3_Verb_intransitive_110,4,4,1,
,,P1,The person bakes,mp,74529160,,,,,,,,,
,,P2,The person rakes,mp,161480588,,,,,,,,,
,,P3,The person wakes,mp,51780655,,,,,,,,,
,,S1,the person steers,assoc,274064687,,,,,,,,,
,,S2,x,x,x,,,,,,,,,
,,Un,x,x,x,,,,,,,,,
,,Un,The person chops,un,130753628,,,,,,,,,
,,,,,,,,,,,,,,
118,rake,,Linguistic unit,P type,Image ID,Female 1,Male 2,Male 3,Female 2,Female 3,Freq bin,Conc bin,Syllable,
,,Target,The person rakes,target,68683468,,M2_Verb_intransitive_111,,,F3_Verb_intransitive_111,4,7,1,
,,P1,The person brakes,mp,286954073,,,,,,,,,
,,P2,The person bakes,mp,74529160,,,,,,,,,
,,P3,The person wakes,mp,51780655,,,,,,,,,
,,S1,the person mows,coord,35865163,,,,,,,,,
,,S2,the person prunes,coord,287707931,,,,,,,,,
,,Un,x,x,x,,,,,,,,,
,,Un,x,x,x,,,,,,,,,
,,,,,,,,,,,,,,
121,row,,Linguistic unit,P type,Image ID,Female 1,Male 2,Male 3,Female 2,Female 3,Freq bin,Conc bin,Syllable,
,,Target,The person rows,target,16714942,,M2_Verb_intransitive_114,,,F3_Verb_intransitive_114,3,5,1,
,,P1,the person mows,mp,35865163,,,,,,,,,
,,P2,The person blows,mp,203609905,,,,,,,,,
,,P3,The person glows,mp,252371788,,,,,,,,,
,,S1,the person boats,assoc,331319549,,,,,,,,,
,,S2,the person floats,assoc,143702194,,,,,,,,,
,,Un,x,x,x,,,,,,,,,
,,Un,x,x,x,,,,,,,,,
,,,,,,,,,,,,,,
125,drum,,Linguistic unit,P type,Image ID,Female 1,Male 2,Male 3,Female 2,Female 3,Freq bin,Conc bin,Syllable,
,,Target,the man drums,target,278138576,,M2_Verb_intransitive_118,,,F3_Verb_intransitive_118,6,5,1,
,,P1,the man runs,distant,98478128,,,,,,,,,
,,P2,the man strums,distant,282933527,,,,,,,,,
,,P3,the man dreams,mp,56412598,,,,,,,,,
,,S1,the man composes,assoc,114099406,,,,,,,,,
,,S2,the man sings,assoc,13305066,,,,,,,,,
,,Un,x,x,x,,,,,,,,,
,,Un,x,x,x,,,,,,,,,
,,,,,,,,,,,,,,
129,hop,,Linguistic unit,P type,Image ID,Female 1,Male 2,Male 3,Female 2,Female 3,Freq bin,Conc bin,Syllable,
,,Target,the man hops,target,3233413,,M2_Verb_intransitive_122,,,F3_Verb_intransitive_122,5,5,1,
,,P1,the man shops,mp,92386033,,,,,,,,,
,,P2,the man chops,mp,41876749,,,,,,,,,
,,P3,the man mops,mp,342153458,,,,,,,,,
,,S1,The man jumps,coord,44123146,,,,,,,,,
,,S2,the man dives,coord,96072599,,,,,,,,,
,,Un,x,x,x,,,,,,,,,
,,Un,x,x,x,,,,,,,,,
,,,,,,,,,,,,,,
132,wait,,Linguistic unit,P type,Image ID,Female 1,Male 2,Male 3,Female 2,Female 3,Freq bin,Conc bin,Syllable,
,,Target,the man waits,target,371601097,,M2_Verb_intransitive_125,,F2_Verb_intransitive_125,,8,3,1,
,,P1,the man wails,distant,47099760,,,,,,,,,
,,P2,the man wakes,mp,53507634,,,,,,,,,
,,P3,the man waves,mp,282650507,,,,,,,,,
,,S1,the man runs,assoc,38215016,,,,,,,,,
,,S2,x,x,x,,,,,,,,,
,,Un,the man sleeps,un,52087934,,,,,,,,,
,,Un,x,x,x,,,,,,,,,
,,,,,,,,,,,,,,
133,explain,,Linguistic unit,P type,Image ID,Female 1,Male 2,Male 3,Female 2,Female 3,Freq bin,Conc bin,Syllable,
,,Target,The woman explains,target,398752612,,M2_Verb_intransitive_126,,F2_Verb_intransitive_126,,7,1,2,
,,P1,The woman exclaims,close,58154158,,,,,,,,,
,,P2,The woman escapes,distant,418135051,,,,,,,,,
,,P3,x,x,x,,,,,,,,,
,,S1,x,assoc,x,,,,,,,,,
,,S2,The woman shouts,assoc,123302983,,,,,,,,,
,,Un,The woman complains,un,6708079,,,,,,,,,
,,Un,The woman dreams,un,47609103,,,,,,,,,
,,,,,,,,,,,,,,
134,travel,,Linguistic unit,P type,Image ID,Female 1,Male 2,Male 3,Female 2,Female 3,Freq bin,Conc bin,Syllable,
,,Target,the man travels,target,21732732,,M2_Verb_intransitive_127,,F2_Verb_intransitive_127,,7,5,2,
,,P1,the man tramples,close,413768971,,,,,,,,,
,,P2,x,x,x,,,,,,,,,
,,P3,x,x,x,,,,,,,,,
,,S1,the man works,coord,5559412,,,,,,,,,
,,S2,the man rests,coord,284012081,,,,,,,,,
,,Un,the man sleeps,un,50885688,,,,,,,,,
,,Un,the man climbs,un,92857432,,,,,,,,,
,,,,,,,,,,,,,,
135,shoot,,Linguistic unit,P type,Image ID,Female 1,Male 2,Male 3,Female 2,Female 3,Freq bin,Conc bin,Syllable,
,,Target,the man shoots,target,33860562,,M2_Verb_intransitive_128,,F2_Verb_intransitive_128,,7,5,1,
,,P1,the man shouts,close,162360833,,,,,,,,,
,,P2,x,x,x,,,,,,,,,
,,P3,the man loots,mp,162195512,,,,,,,,,
,,S1,the man hits,coord,9871051,,,,,,,,,
,,S2,the man throws,coord,41055785,,,,,,,,,
,,Un,x,x,x,,,,,,,,,
,,Un,x,x,x,,,,,,,,,
,,,,,,,,,,,,,,
136,shake,,Linguistic unit,P type,Image ID,Female 1,Male 2,Male 3,Female 2,Female 3,Freq bin,Conc bin,Syllable,
,,Target,the girl shakes,target,127360277,,M2_Verb_intransitive_129,,F2_Verb_intransitive_129,,7,6,1,
,,P1,the girl bakes,mp,17188395,,,,,,,,,
,,P2,the girl rakes,mp,161480588,,,,,,,,,
,,P3,the girl wakes,mp,51780655,,,,,,,,,
,,S1,the girl stands,coord,26132972,,,,,,,,,
,,S2,the girl jumps,coord,368062022,,,,,,,,,
,,Un,x,x,x,,,,,,,,,
,,Un,x,x,x,,,,,,,,,
,,,,,,,,,,,,,,
137,roll,,Linguistic unit,P type,Image ID,Female 1,Male 2,Male 3,Female 2,Female 3,Freq bin,Conc bin,Syllable,
,,Target,The boy rolls,target,26309001,,M2_Verb_intransitive_130,,F2_Verb_intransitive_130,,7,6,1,
,,P1,The boy strolls,close,24917486,,,,,,,,,
,,P2,x,x,x,,,,,,,,,
,,P3,The boy crawls,close,303112247,,,,,,,,,
,,S1,The boy runs,coord,145688519,,,,,,,,,
,,S2,The boy climbs,assoc,26275540,,,,,,,,,
,,Un,x,x,x,,,,,,,,,
,,Un,x,x,x,,,,,,,,,
,,,,,,,,,,,,,,
138,smile,,Linguistic unit,P type,Image ID,Female 1,Male 2,Male 3,Female 2,Female 3,Freq bin,Conc bin,Syllable,
,,Target,the girl smiles,target,249462853,,M2_Verb_intransitive_131,,F2_Verb_intransitive_131,,6,5,2,
,,P1,the girl dials,close,165641432,,,,,,,,,
,,P2,the girl flies,close,31684154,,,,,,,,,
,,P3,x,x,x,,,,,,,,,
,,S1,the girl cries,assoc,297378290,,,,,,,,,
,,S2,x,x,x,,,,,,,,,
,,Un,the girl smells,un,15080103,,,,,,,,,
,,Un,the girl builds,un,61575769,,,,,,,,,
,,,,,,,,,,,,,,
139,dance,,Linguistic unit,P type,Image ID,Female 1,Male 2,Male 3,Female 2,Female 3,Freq bin,Conc bin,Syllable,
,,Target,The woman dances,target,25148808,,M2_Verb_intransitive_132,,F2_Verb_intransitive_132,,5,6,2,
,,P1,The woman glances,close,42293040,,,,,,,,,
,,P2,x,x,x,,,,,,,,,
,,P3,x,x,x,,,,,,,,,
,,S1,The woman stands,coord,116075209,,,,,,,,,
,,S2,The woman lies,un,252399535,,,,,,,,,
,,Un,The woman writes,un,129996914,,,,,,,,,
,,Un,The woman drinks,un,71586475,,,,,,,,,
,,,,,,,,,,,,,,
B,sit,,Linguistic unit,P type,Image ID,Female 1,Male 2,Male 3,Female 2,Female 3,Freq bin,Conc bin,Syllable,
,,Target,The boy sits,target,40588738,F1_Verb_intransitive_6,,M3_Verb_intransitive_6,,,8,7,1,1
,,P1,the boy shouts,close,36058579235,,,,,,,,,
,,P2,The boy spits,mp,106405814,,,,,,,,,
,,P3,x,x,x,,,,,,,,,
,,S1,The boy stands,coord,150658016,,,,,,,,,
,,S2,The boy kneels,coord,90344116,,,,,,,,,
,,Un,The boy jumps,un,56115133,,,,,,,,,
,,Un,x,x,x,,,,,,,,,
,,,,,,,,,,,,,,
B,kick,,Linguistic unit,P type,Image ID,Female 1,Male 2,Male 3,Female 2,Female 3,Freq bin,Conc bin,Syllable,
,,Target,the woman kicks,target,4710661,F1_Verb_intransitive_17,,M3_Verb_intransitive_17,,,6,6,1,1
,,P1,the woman clicks,mp,323986271,,,,,,,,,
,,P2,the woman licks,mp,14525412,,,,,,,,,
,,P3,x,x,x,,,,,,,,,
,,S1,the woman punches,coord,36440408,,,,,,,,,
,,S2,the woman balances,assoc,110354987,,,,,,,,,
,,Un,the woman eats,un,67344793351,,,,,,,,,
,,Un,x,x,x,,,,,,,,,
,,,,,,,,,,,,,,
B,knead,,Linguistic unit,P type,Image ID,Female 1,Male 2,Male 3,Female 2,Female 3,Freq bin,Conc bin,Syllable,
,,Target,The man kneads,target,261246989,F1_Verb_intransitive_57,,M3_Verb_intransitive_57,,,4,5,1,1
,,P1,The man bleeds,mp,313964276,,,,,,,,,
,,P2,x,x,x,,,,,,,,,
,,P3,The man weeds,mp,192369584,,,,,,,,,
,,S1,the man folds,assoc,24579049795,,,,,,,,,
,,S2,the man rolls,coord,17800023495,,,,,,,,,
,,Un,the man heals,un,69659670182,,,,,,,,,
,,Un,x,x,x,,,,,,,,,
,,,,,,,,,,,,,,
B,hit,,Linguistic unit,P type,Image ID,Female 1,Male 2,Male 3,Female 2,Female 3,Freq bin,Conc bin,Syllable,
,,Target,the boy hits,target,36140093,F1_Verb_intransitive_62,,M3_Verb_intransitive_62,,,8,6,1,1
,,P1,the boy sits,mp,236212696,,,,,,,,,
,,P2,the boy spits,mp,106405814,,,,,,,,,
,,P3,x,x,x,,,,,,,,,
,,S1,the boy kicks,coord,302937848,,,,,,,,,
,,S2,the boy slaps,coord,36367966142,,,,,,,,,
,,Un,the boy stands,un,65669258008,,,,,,,,,
,,Un,x,x,x,,,,,,,,,
,,,,,,,,,,,,,,
B,cry,,Linguistic unit,P type,Image ID,Female 1,Male 2,Male 3,Female 2,Female 3,Freq bin,Conc bin,Syllable,
,,Target,the boy cries,target,332187713,F1_Verb_intransitive_66,,M3_Verb_intransitive_66,,,7,6,1,1
,,P1,the boy flies,mp,323376614,,,,,,,,,
,,P2,x,x,x,,,,,,,,,
,,P3,the boy fries,mp,7649269,,,,,,,,,
,,S1,the boy daydreams,coord,272949311,,,,,,,,,
,,S2,the boy frowns,coord,24646684,,,,,,,,,
,,Un,the boy chops,un,54553148167,,,,,,,,,
,,Un,x,x,x,,,,,,,,,
,,,,,,,,,,,,,,
B,apologise,,Linguistic unit,P type,Image ID,Female 1,Male 2,Male 3,Female 2,Female 3,Freq bin,Conc bin,Syllable,
,,Target,the man apologises,target,2780241,,M2_Verb_intransitive_77,,,F3_Verb_intransitive_77,6,3,5,1
,,P1,the man exercises,distant,40277707,,,,,,,,,
,,P2,the man capsizes,distant,77004673,,,,,,,,,
,,P3,x,x,x,,,,,,,,,
,,S1,the man hugs,distant,84021106829,,,,,,,,,
,,S2,the man argues,coord,6708079,,,,,,,,,
,,Un,the man rows,un,58681693910,,,,,,,,,
,,Un,x,x,x,,,,,,,,,
,,,,,,,,,,,,,,
B,smoke,,Linguistic unit,P type,Image ID,Female 1,Male 2,Male 3,Female 2,Female 3,Freq bin,Conc bin,Syllable,
,,Target,the man smokes,target,132957044,,M2_Verb_intransitive_82,,,F3_Verb_intransitive_82,6,7,1,1
,,P1,the man jokes,mp,98507624,,,,,,,,,
,,P2,the man chokes,mp,101679601,,,,,,,,,
,,P3,x,x,x,,,,,,,,,
,,S1,the man breathes,assoc,70784150042,,,,,,,,,
,,S2,the man taking inhaler,assoc,35915187660,,,,,,,,,
,,Un,the man laughs,un,13216717359,,,,,,,,,
,,Un,x,x,x,,,,,,,,,
,,,,,,,,,,,,,,
B,bet,,Linguistic unit,P type,Image ID,Female 1,Male 2,Male 3,Female 2,Female 3,Freq bin,Conc bin,Syllable,
,,Target,the man bets,target,23419268,,M2_Verb_intransitive_89,,,F3_Verb_intransitive_89,7,4,2,1
,,P1,the man begs,mp,2780241,,,,,,,,,
,,P2,the man bites,mp,34474258,,,,,,,,,
,,P3,x,x,x,,,,,,,,,
,,S1,the man pays,assoc,141577285,,,,,,,,,
,,S2,the man steals,assoc,46044292466,,,,,,,,,
,,Un,the man eats,un,54402422851,,,,,,,,,
,,Un,x,x,x,,,,,,,,,
,,,,,,,,,,,,,,
B,ride,,Linguistic unit,P type,Image ID,Female 1,Male 2,Male 3,Female 2,Female 3,Freq bin,Conc bin,Syllable,
,,Target,the woman rides,target,232634692,,,M3_ACT_33,F2_ACT_33,,6,6,1,
,,P1,the woman hides,mp,34486207,,,,,,,,,
,,P2,the woman writes,mp,51024188241,,,,,,,,,
,,P3,x,x,x,,,,,,,,,
,,S1,the woman leads,assoc,36194356319,,,,,,,,,
,,S2,the woman steers,coord,85439946745,,,,,,,,,
,,Un,the woman works,un,11893298081,,,,,,,,,
,,Un,x,x,x,,,,,,,,,
,,,,,,,,,,,,,,
B,swing,,Linguistic unit,P type,Image ID,Female 1,Male 2,Male 3,Female 2,Female 3,Freq bin,Conc bin,Syllable,
,,Target,The girl swings,target,49071878,,M2_Verb_intransitive_101,,,F3_Verb_intransitive_101,5,7,1,1
,,P1,The girl sings,mp,917512,,,,,,,,,
,,P2,The girl rings,mp,26515435,,,,,,,,,
,,P3,x,x,x,,,,,,,,,
,,S1,The girl laughs,coord,45387273,,,,,,,,,
,,S2,The girl dances,assoc,40811971,,,,,,,,,
,,Un,x,x,x,,,,,,,,,
,,Un,the girl speaks,un,56493489619,,,,,,,,,
,,,,,,,,,,,,,,
B,chop,,Linguistic unit,P type,Image ID,Female 1,Male 2,Male 3,Female 2,Female 3,Freq bin,Conc bin,Syllable,
,,Target,the man chops,target,41876749,,M2_Verb_intransitive_120,,,F3_Verb_intransitive_120,6,5,1,1
,,P1,the man mops,mp,342153458,,,,,,,,,
,,P2,the man shops,mp,92386033,,,,,,,,,
,,P3,x,x,x,,,,,,,,,
,,S1,the man sifts,assoc,432902254,,,,,,,,,
,,S2,the man cuts,coord,338088602,,,,,,,,,
,,Un,the man pays,un,22777116688,,,,,,,,,
,,Un,x,x,x,,,,,,,,,
,,,,,,,,,,,,,,
B,shop,,Linguistic unit,P type,Image ID,Female 1,Male 2,Male 3,Female 2,Female 3,Freq bin,Conc bin,Syllable,
,,Target,the man shops,target,92386033,,M2_Verb_intransitive_121,,,F3_Verb_intransitive_121,3,4,1,1
,,P1,the man chops,mp,41876749,,,,,,,,,
,,P2,x,x,x,,,,,,,,,
,,P3,the man hops,mp,3233413,,,,,,,,,
,,S1,the man eats,assoc,293316503,,,,,,,,,
,,S2,the man drinks,assoc,181218104,,,,,,,,,
,,Un,the man trips,un,43108523754,,,,,,,,,
,,Un,x,x,x,,,,,,,,,
,,,,,,,,,,,,,,
B,blink,,Linguistic unit,P type,New images,Test images,Male 2,Male 3,Female 2,Female 3,Freq bin,Conc bin,Syllable,
,,Target,he blinks,target,41848733576,,,M3_ACT_38,F2_ACT_38,,3,6,1,1
,,P1,he drinks,mp,49906500211,,,,,,,,,
,,P2,he thinks,mp,57313198741,,,,,,,,,
,,P2,x,x,x,,,,,,,,,
,,S1,he smiles,coord,44251698884,,,,,,,,,
,,S2,he frowns,coord,54410017049,,,,,,,,,
,,Un,he eats,un,24128293790,,,,,,,,,
,,Un,x,x,x,,,,,,,,,
,,,,,,,,,,,,,,
B,fight,,Linguistic unit,P type,Image ID,Female 1,Male 2,Male 3,Female 2,Female 3,Freq bin,Conc bin,Syllable,
,,Target,The boy fights,target,47225510,,M2_Verb_intransitive_21,,F2_Verb_intransitive_21,,8,6,1,
,,P1,The boy writes,mp,49095394,,,,,,,,,
,,P2,The boy bites,mp,13873732,,,,,,,,,
,,P3,x,x,x,,,,,,,,,
,,S1,The boy hits,assoc,36140093,,,,,,,,,
,,S2,The boy wins,assoc,48924763,,,,,,,,,
,,Un,The boy cooks,un,28712468,,,,,,,,,
,,Un,x,x,x,,,,,,,,,
,,,,,,,,,,,,,,
B,walk,,Linguistic unit,P type,Image ID,Female 1,Male 2,Male 3,Female 2,Female 3,Freq bin,Conc bin,Syllable,
,,Target,The woman walks,target,469418832,,M2_Verb_intransitive_22,,F2_Verb_intransitive_22,,8,6,1,
,,P1,The woman talks,mp,5754415,,,,,,,,,
,,P2,The woman works,distant,8065081,,,,,,,,,
,,P3,x,x,x,,,,,,,,,
,,S1,The woman runs,coord,30599307,,,,,,,,,
,,S2,The woman stands,coord,33119890,,,,,,,,,
,,Un,The woman drinks,un,42959693,,,,,,,,,
,,Un,x,x,x,,,,,,,,,
,,,,,,,,,,,,,,
B,wake,,Linguistic unit,P type,Image ID,Female 1,Male 2,Male 3,Female 2,Female 3,Freq bin,Conc bin,Syllable,
,,Target,The person wakes,target,263967248,F1_Verb_intransitive_46,,M3_Verb_intransitive_46,,,7,4,1,
,,P1,The person bakes,mp,74529160,,,,,,,,,
,,P2,The person rakes,mp,161480588,,,,,,,,,
,,P3,The person brakes,mp,286954073,,,,,,,,,
,,S1,the person sleeps,assoc,233185360,,,,,,,,,
,,S2,x,x,x,,,,,,,,,
,,Un,x,x,x,,,,,,,,,
,,Un,The person showers,un,196507322,,,,,,,,,
,,,,,,,,,,,,,,
B,feed,,Linguistic unit,P type,Image ID,Female 1,Male 2,Male 3,Female 2,Female 3,Freq bin,Conc bin,Syllable,
,,Target,He feeds,target,273334064,F1_Verb_intransitive_54,,M3_Verb_intransitive_54,,,7,6,1,
,,P1,He bleeds,mp,313964276,,,,,,,,,
,,P2,He kneads,mp,261246989,,,,,,,,,
,,P3,He reads,mp,37118861,,,,,,,,,
,,S1,He drinks,coord,175510841,,,,,,,,,
,,S2,He chews,assoc,291462158,,,,,,,,,
,,Un,x,x,x,,,,,,,,,
,,Un,x,x,x,,,,,,,,,
,,,,,,,,,,,,,,
B,read,,Linguistic unit,P type,Image ID,Female 1,Male 2,Male 3,Female 2,Female 3,Freq bin,Conc bin,Syllable,
,,Target,the man reads,target,37118861,F1_Verb_intransitive_56,,M3_Verb_intransitive_56,,,8,5,1,
,,P1,the man weeds,mp,192369584,,,,,,,,,
,,P2,the man bleeds,mp,313964276,,,,,,,,,
,,P3,the man kneads,mp,261246989,,,,,,,,,
,,S1,the man writes,assoc,13298068,,,,,,,,,
,,S2,the man types,assoc,27573228,,,,,,,,,
,,Un,x,x,x,,,,,,,,,
,,Un,x,x,x,,,,,,,,,
,,,,,,,,,,,,,,
B,drive,,Linguistic unit,P type,Image ID,Female 1,Male 2,Male 3,Female 2,Female 3,Freq bin,Conc bin,Syllable,
,,Target,The man drives,target,331319549,F1_Verb_intransitive_59,,M3_Verb_intransitive_59,,,8,5,1,
,,P1,The man dives,mp,96072599,,,,,,,,,
,,P2,The man arrives,close,30886078,,,,,,,,,
,,P3,The man dries,mp,236457589,,,,,,,,,
,,S1,The man floats,coord,143702194,,,,,,,,,
,,S2,the man commutes,assoc,53222853,,,,,,,,,
,,Un,x,x,x,,,,,,,,,
,,Un,x,x,x,,,,,,,,,
,,,,,,,,,,,,,,
B,blow,,Linguistic unit,P type,Image ID,Female 1,Male 2,Male 3,Female 2,Female 3,Freq bin,Conc bin,Syllable,
,,Target,The person blows,target,203609905,F1_Verb_intransitive_70,,M3_Verb_intransitive_70,,,7,5,1,
,,P1,The person throws,mp,11609345,,,,,,,,,
,,P2,The person rows,mp,16714942,,,,,,,,,
,,P3,The person glows,mp,252371788,,,,,,,,,
,,S1,the person eats,assoc,13873732,,,,,,,,,
,,S2,the person spits,assoc,106405814,,,,,,,,,
,,Un,x,x,x,,,,,,,,,
,,Un,x,x,x,,,,,,,,,
,,,,,,,,,,,,,,
B,peel,,Linguistic unit,P type,Image ID,Female 1,Male 2,Male 3,Female 2,Female 3,Freq bin,Conc bin,Syllable,
,,Target,the man peels,target,17991200,,M2_Verb_intransitive_74,,,F3_Verb_intransitive_74,6,7,2,
,,P1,the man steals,mp,283020137,,,,,,,,,
,,P2,x,x,x,,,,,,,,,
,,P3,x,x,x,,,,,,,,,
,,S1,the man cuts,coord,5140446,,,,,,,,,
,,S2,the man slices,coord,304093832,,,,,,,,,
,,S3,the man saws,un,590037,,,,,,,,,
,,Un,the man eats,un,34474258,,,,,,,,,
,,,,,,,,,,,,,,
B,leave,,Linguistic unit,P type,Image ID,Female 1,Male 2,Male 3,Female 2,Female 3,Freq bin,Conc bin,Syllable,
,,Target,the person leaves,target,244933846,,M2_Verb_intransitive_84,,,F3_Verb_intransitive_84,6,3,2,
,,P1,the person thieves,mp,283020137,,,,,,,,,
,,P2,the person weaves,mp,286412933,,,,,,,,,
,,P3,x,x,x,,,,,,,,,
,,S1,the person arrives,coord,30886078,,,,,,,,,
,,S2,x,x,x,,,,,,,,,
,,Un,the person donates,un,94115491,,,,,,,,,
,,Un,the person vandalises,un,97619606,,,,,,,,,
,,,,,,,,,,,,,,
B,grow,,Linguistic unit,P type,Image ID,Female 1,Male 2,Male 3,Female 2,Female 3,Freq bin,Conc bin,Syllable,
,,Target,the person grows,target,212743915,,M2_Verb_intransitive_87,,,F3_Verb_intransitive_87,7,4,1,
,,P1,the person blows,mp,30403961,,,,,,,,,
,,P2,the person mows,mp,35865163,,,,,,,,,
,,P3,the person sews,mp,268502327,,,,,,,,,
,,S1,the person glows,mp,252371788,,,,,,,,,
,,S2,the person shrinks,coord,56180620,,,,,,,,,
,,Un,x,x,x,,,,,,,,,
,,Un,x,x,x,,,,,,,,,
,,,,,,,,,,,,,,
B,slide,,Linguistic unit,P type,Image ID,Female 1,Male 2,Male 3,Female 2,Female 3,Freq bin,Conc bin,Syllable,
,,Target,the person slides,target,277042469,,M2_Verb_intransitive_94,,,F3_Verb_intransitive_94,5,6,1,
,,P1,the person rides,mp,221148517,,,,,,,,,
,,P2,the person hides,mp,34486207,,,,,,,,,
,,P3,the person spies,distant,305250251,,,,,,,,,
,,S1,the person swings,coord,49071878,,,,,,,,,
,,S2,the person spins,coord,126039770,,,,,,,,,
,,Un,x,x,x,,,,,,,,,
,,Un,x,x,x,,,,,,,,,
,,,,,,,,,,,,,,
B,beg,,Linguistic unit,P type,Image ID,Female 1,Male 2,Male 3,Female 2,Female 3,Freq bin,Conc bin,Syllable,
,,Target,the man begs,target,2780241,,M2_Verb_intransitive_95,,,F3_Verb_intransitive_95,6,3,1,
,,P1,the man bends,close,104722715,,,,,,,,,
,,P2,the man bets,mp,23419268,,,,,,,,,
,,P3,the man bikes,distant,1280937,,,,,,,,,
,,S1,x,x,x,,,,,,,,,
,,S2,x,x,x,,,,,,,,,
,,Un,the man bites,un,34474258,,,,,,,,,
,,Un,the man cooks,un,247260085,,,,,,,,,
,,,,,,,,,,,,,,
B,lay,,Linguistic unit,P type,Image ID,Female 1,Male 2,Male 3,Female 2,Female 3,Freq bin,Conc bin,Syllable,
,,Target,The child lays,target,217743628,,M2_Verb_intransitive_103,,,F3_Verb_intransitive_103,7,5,1,
,,P1,The child pays,mp,127336061,,,,,,,,,
,,P2,The child plays,mp,300259550,,,,,,,,,
,,P3,The child prays,mp,143759767,,,,,,,,,
,,S1,the child sits,coord,236212696,,,,,,,,,
,,S2,the child stands,coord,40214306,,,,,,,,,
,,Un,x,x,x,,,,,,,,,
,,Un,x,x,x,,,,,,,,,
,,,,,,,,,,,,,,
B,steer,,Linguistic unit,P type,Image ID,Female 1,Male 2,Male 3,Female 2,Female 3,Freq bin,Conc bin,Syllable,
,,Target,the woman steers,target,274064687,,M2_Verb_intransitive_109,,,F3_Verb_intransitive_109,5,6,1,
,,P1,the woman hears,mp,332946251,,,,,,,,,
,,P2,the woman cheers,mp,256140502,,,,,,,,,
,,P3,the woman shears,mp,212099170,,,,,,,,,
,,S1,the woman brakes,assoc,28690005,,,,,,,,,
,,S2,x,x,x,,,,,,,,,
,,Un,x,x,x,,,,,,,,,
,,Un,the woman stares,mp,695458541,,,,,,,,,
,,,,,,,,,,,,,,
B,mow,,Linguistic unit,P type,Image ID,Female 1,Male 2,Male 3,Female 2,Female 3,Freq bin,Conc bin,Syllable,
,,Target,the person mows,target,35865163,,M2_Verb_intransitive_112,,,F3_Verb_intransitive_112,4,6,1,
,,P1,The person blows,mp,203609905,,,,,,,,,
,,P2,The person rows,mp,16714942,,,,,,,,,
,,P3,The person glows,mp,252371788,,,,,,,,,
,,S1,the person weeds,coord,192369584,,,,,,,,,
,,S2,the person rakes,coord,68683468,,,,,,,,,
,,Un,x,x,x,,,,,,,,,
,,Un,x,x,x,,,,,,,,,
,,,,,,,,,,,,,,
B,wrap,,Linguistic unit,P type,Image ID,Female 1,Male 2,Male 3,Female 2,Female 3,Freq bin,Conc bin,Syllable,
,,Target,The man wraps,target,233961094,,M2_Verb_intransitive_116,,,F3_Verb_intransitive_116,6,6,1,
,,P1,The man reads,distant,31635691,,,,,,,,,
,,P2,the man rips,mp,18917902,,,,,,,,,
,,P3,the man ropes,mp,169831109,,,,,,,,,
,,S1,the man unwraps,coord,166808165,,,,,,,,,
,,S2,the man tapes,assoc,39233433,,,,,,,,,
,,Un,x,x,x,,,,,,,,,
,,Un,x,x,x,,,,,,,,,
,,,,,,,,,,,,,,
B,rip,,Linguistic unit,P type,Image ID,Female 1,Male 2,Male 3,Female 2,Female 3,Freq bin,Conc bin,Syllable,
,,Target,the man rips,target,18917902,,M2_Verb_intransitive_117,,,F3_Verb_intransitive_117,6,5,1,
,,P1,the man whips,mp,133592138,,,,,,,,,
,,P2,the man sips,mp,141131041,,,,,,,,,
,,P3,the man zips,mp,319160759,,,,,,,,,
,,S1,the man cuts,coord,173084678,,,,,,,,,
,,S2,x,x,x,,,,,,,,,
,,Un,x,x,x,,,,,,,,,
,,Un,the man writes,un,233235589,,,,,,,,,
,,,,,,,,,,,,,,
B,peck,,Linguistic unit,P type,Image ID,Female 1,Male 2,Male 3,Female 2,Female 3,Freq bin,Conc bin,Syllable,
,,Target,he pecks,target,233818054,,M2_Verb_intransitive_123,,,F3_Verb_intransitive_123,4,5,1,
,,P1,he peeks,mp,49102078,,,,,,,,,
,,P2,he packs,mp,39233433,,,,,,,,,
,,P3,he pays,distant,279091361,,,,,,,,,
,,S1,x,x,x,,,,,,,,,
,,S2,x,x,x,,,,,,,,,
,,Un,he sands,un,222272809,,,,,,,,,
,,Un,he saws,un,112072841,,,,,,,,,
