1,move,,Linguistic unit,P type,Image ID,Female 1,Male 2,Male 3,Female 2,,Freq bin,Conc bin,Syllable,
,,Target,the cow moves in the field,target,138694658,F1_Verb_IntransitivePP_1,,M3_Verb_IntransitivePP_1,,,8,4,1,
,,P1,the cow moos in the field,mp,138875060,,,,,,,,,
,,P2,x,x,x,,,,,,,,,
,,P3,x,x,x,,,,,,,,,
,,S1,the cow stands in the field,assoc,375813928,,,,,,,,,
,,S2,the cow sniffs in the field,un,4114507999,,,,,,,,,
,,Un,the cow rests in the field,un,152862614,,,,,,,,,
,,Un,the cow grazes in the field,un,13624052929,,,,,,,,,
,,,,,,,,,,,,,,
3,run,,Linguistic unit,P type,Image ID,Female 1,Male 2,Male 3,Female 2,,Freq bin,Conc bin,Syllable,
,,Target,the man runs in the sunshine,target,98478128,F1_Verb_IntransitivePP_3,,M3_Verb_IntransitivePP_3,,,8,6,1,
,,P1,the man drums in the sunshine,distant,278138576,,,,,,,,,
,,P2,the man strums in the sunshine,distant,252976438,,,,,,,,,
,,P3,x,x,x,,,,,,,,,
,,S1,the man stretches in the sunshine,coord,40277707,,,,,,,,,
,,S2,the man walks in the sunshine,coord,46941883,,,,,,,,,
,,Un,x,x,x,,,,,,,,,
,,Un,the man cycles in the sunshine,un,1280937,,,,,,,,,
,,,,,,,,,,,,,,
4,cycle,,Linguistic unit,P type,Image ID,Female 1,Male 2,Male 3,Female 2,,Freq bin,Conc bin,Syllable,
,,Target,the girl cycles in the park,target,301827464,F1_Verb_IntransitivePP_4,,M3_Verb_IntransitivePP_4,,,4,7,2,
,,P1,the girl recycles in the park,close,195090890,,,,,,,,,
,,P2,x,x,x,,,,,,,,,
,,P3,x,x,x,,,,,,,,,
,,S1,the girl skates in the park,coord,161112296,,,,,,,,,
,,S2,the girl skateboards in the park,coord,142829050,,,,,,,,,
,,Un,the girl swings in the park,un,49071878,,,,,,,,,
,,Un,x,x,x,,,,,,,,,
,,,,,,,,,,,,,,
6,fall,,Linguistic unit,P type,Image ID,Female 1,Male 2,Male 3,Female 2,,Freq bin,Conc bin,Syllable,
,,Target,the boy falls on the stairs,target,272486237,F1_Verb_IntransitivePP_6,,M3_Verb_IntransitivePP_6,,,8,6,1,
,,P1,the boy calls on the stairs,mp,45100267,,,,,,,,,
,,P2,the boy crawls on the stairs,mp,303112247,,,,,,,,,
,,P3,x,x,x,,,,,,,,,
,,S1,x,x,x,,,,,,,,,
,,S2,x,x,x,,,,,,,,,
,,Un,the boy walks on the stairs,un,45100279,,,,,,,,,
,,Un,the boy sits on the stairs,un,45100270,,,,,,,,,
,,,,,,,,,,,,,,
7,talk,,Linguistic unit,P type,Image ID,Female 1,Male 2,Male 3,Female 2,,Freq bin,Conc bin,Syllable,
,,Target,the woman talks on the mountain,target,291673490,F1_Verb_IntransitivePP_7,,M3_Verb_IntransitivePP_7,,,8,6,1,
,,P1,the woman walks on the mountain,mp,469418832,,,,,,,,,
,,P2,x,x,x,,,,,,,,,
,,P3,x,x,x,,,,,,,,,
,,S1,the woman shouts on the mountain,coord,262257218,,,,,,,,,
,,S2,x,x,x,,,,,,,,,
,,Un,the woman cycles on the mountain,un,85200544,,,,,,,,,
,,Un,the woman camps on the mountain,un,169194527,,,,,,,,,
,,,,,,,,,,,,,,
9,look,,Linguistic unit,P type,Image ID,Female 1,Male 2,Male 3,Female 2,,Freq bin,Conc bin,Syllable,
,,Target,the lady looks in the garden,target,80557378,F1_Verb_IntransitivePP_9,,M3_Verb_IntransitivePP_9,,,8,3,1,
,,P1,the lady cooks in the garden,mp,38187136,,,,,,,,,
,,P2,x,x,x,,,,,,,,,
,,P3,x,x,x,,,,,,,,,
,,S1,the lady listens in the garden,coord,311038037,,,,,,,,,
,,S2,the lady smells in the garden,coord,284183621,,,,,,,,,
,,Un,the lady weeds in the garden,un,318814274,,,,,,,,,
,,Un,x,x,x,,,,,,,,,
,,,,,,,,,,,,,,
14,sift,,Linguistic unit,P type,Image ID,Female 1,Male 2,Male 3,Female 2,,Freq bin,Conc bin,Syllable,
,,Target,the man sifts outside,target,13626274,F1_Verb_IntransitivePP_14,,M3_Verb_IntransitivePP_14,,,4,5,1,
,,P1,the man drifts outside,mp,143702194,,,,,,,,,
,,P2,the man lifts outside,mp,300754643,,,,,,,,,
,,P3,the man sits outside,mp,110622308,,,,,,,,,
,,S1,the man sings outside,distant,298779329,,,,,,,,,
,,S2,x,x,x,,,,,,,,,
,,Un,the man chops outside,un,299655560,,,,,,,,,
,,Un,x,x,x,,,,,,,,,
,,,,,,,,,,,,,,
15,drift,,Linguistic unit,P type,Image ID,Female 1,Male 2,Male 3,Female 2,,Freq bin,Conc bin,Syllable,
,,Target,the man drifts outside,target,143702194,F1_Verb_IntransitivePP_15,,M3_Verb_IntransitivePP_15,,,5,3,1,
,,P1,the man lifts outside,mp,300754643,,,,,,,,,
,,P2,the man drills outside,close,160490927,,,,,,,,,
,,P3,the man drinks outside,close,164756279,,,,,,,,,
,,S1,the man swims outside,assoc,209479369,,,,,,,,,
,,S2,x,x,x,,,,,,,,,
,,Un,the man sifts outside,un,13626274,,,,,,,,,
,,Un,x,x,x,,,,,,,,,
,,,,,,,,,,,,,,
16,drill,,Linguistic unit,P type,Image ID,Female 1,Male 2,Male 3,Female 2,,Freq bin,Conc bin,Syllable,
,,Target,the man drills on the deck,target,160490927,F1_Verb_IntransitivePP_16,,M3_Verb_IntransitivePP_16,,,4,6,1,
,,P1,the man grills on the deck,mp,136231922,,,,,,,,,
,,P2,the man drinks on the deck,close,210760174,,,,,,,,,
,,P3,x,x,x,,,,,,,,,
,,S1,x,x,x,,,,,,,,,
,,S2,x,x,x,,,,,,,,,
,,Un,the man hoses on the deck,un,191824013,,,,,,,,,
,,Un,the man sits on the deck,un,210760105,,,,,,,,,
,,,,,,,,,,,,,,
17,sand,,Linguistic unit,P type,Image ID,Female 1,Male 2,Male 3,Female 2,,Freq bin,Conc bin,Syllable,
,,Target,The guy sands at work,target,222272809,F1_Verb_IntransitivePP_17,,M3_Verb_IntransitivePP_17,,,3,5,1,
,,P1,The guy stands at work,mp,223069852,,,,,,,,,
,,P2,The guy scans at work,close,3322510,,,,,,,,,
,,P3,The guy fans at work,close,15009268,,,,,,,,,
,,S1,The guy chisels at work,coord,267558782,,,,,,,,,
,,S2,The guy hammers at work,coord,315475769,,,,,,,,,
,,Un,x,x,x,,,,,,,,,
,,Un,x,x,x,,,,,,,,,
,,,,,,,,,,,,,,
18,stand,,Linguistic unit,P type,Image ID,Female 1,Male 2,Male 3,Female 2,,Freq bin,Conc bin,Syllable,
,,Target,The guy stands in the garage,target,223069852,F1_Verb_IntransitivePP_18,,M3_Verb_IntransitivePP_18,,,8,6,1,
,,P1,The guy sands in the garage,mp,222272809,,,,,,,,,
,,P2,x,x,x,,,,,,,,,
,,P3,x,x,x,,,,,,,,,
,,S1,The guy lies in the garage,coord,249727981,,,,,,,,,
,,S2,The guy squats in the garage,coord,249434689,,,,,,,,,
,,Un,The guy sits in the garage,coord,216098971,,,,,,,,,
,,Un,The guy chisels in the garage,un,267558782,,,,,,,,,
,,,,,,,,,,,,,,
20,play,,Linguistic unit,P type,Image ID,Female 1,Male 2,Male 3,Female 2,,Freq bin,Conc bin,Syllable,
,,Target,The boy plays with his family,target,284522891,F1_Verb_IntransitivePP_20,,M3_Verb_IntransitivePP_20,,,8,4,1,
,,P1,The boy pays with his family,mp,127336061,,,,,,,,,
,,P2,The boy prays with his family,mp,295211936,,,,,,,,,
,,P3,The boy lays with his family,mp,186947729,,,,,,,,,
,,S1,x,x,x,,,,,,,,,
,,S2,x,x,x,,,,,,,,,
,,Un,The boy reads with his family,un,205039681,,,,,,,,,
,,Un,The boy eats with his family,un,207786421,,,,,,,,,
,,,,,,,,,,,,,,
22,pray,,Linguistic unit,P type,Image ID,Female 1,Male 2,Male 3,Female 2,,Freq bin,Conc bin,Syllable,
,,Target,The boy prays with his family,target,295211936,F1_Verb_IntransitivePP_22,,M3_Verb_IntransitivePP_22,,,6,4,1,
,,P1,The boy pays with his family,mp,127336061,,,,,,,,,
,,P2,The boy plays with his family,mp,284522891,,,,,,,,,
,,P3,The boy lays with his family,mp,186947729,,,,,,,,,
,,S1,x,x,x,,,,,,,,,
,,S2,x,x,x,,,,,,,,,
,,Un,The boy shops with his family,un,84276046,,,,,,,,,
,,Un,The boy eats with his family,un,207786421,,,,,,,,,
,,,,,,,,,,,,,,
24,clean,,Linguistic unit,P type,Image ID,Female 1,Male 2,Male 3,Female 2,,Freq bin,Conc bin,Syllable,
,,Target,The man cleans in the kitchen,target,152942717,F1_Verb_IntransitivePP_24,,M3_Verb_IntransitivePP_24,,,6,5,1,
,,P1,The man leans in the kitchen,mp,238138774,,,,,,,,,
,,P2,The man clears in the kitchen,mp,84571393,,,,,,,,,
,,P3,x,x,x,,,,,,,,,
,,S1,The man dries in the kitchen,coord,236457589,,,,,,,,,
,,S2,The man cooks in the kitchen,coord,45491364,,,,,,,,,
,,Un,The man works in the kitchen,un,5559412,,,,,,,,,
,,Un,x,x,x,,,,,,,,,
,,,,,,,,,,,,,,
25,lean,,Linguistic unit,P type,Image ID,Female 1,Male 2,Male 3,Female 2,,Freq bin,Conc bin,Syllable,
,,Target,The man leans on the chair,target,29524403,F1_Verb_IntransitivePP_25,,M3_Verb_IntransitivePP_25,,,5,4,1,
,,P1,x,x,x,,,,,,,,,
,,P2,The man cleans on the chair,mp,169932134,,,,,,,,,
,,P3,x,x,x,,,,,,,,,
,,S1,The man lies on the chair,coord,194875598,,,,,,,,,
,,S2,The man stands on the chair,coord,180409850,,,,,,,,,
,,Un,The man sits on the chair,coord,29524396,,,,,,,,,
,,Un,The mna streches on the chair,un,3259218,,,,,,,,,
,,,,,,,,,,,,,,
27,gallop,,Linguistic unit,P type,Image ID,Female 1,Male 2,Male 3,Female 2,,Freq bin,Conc bin,Syllable,
,,Target,The horse gallops in the field,target,296131085,F1_Verb_IntransitivePP_27,,M3_Verb_IntransitivePP_27,,,4,6,2,
,,P1,x,x,x,,,,,,,,,
,,P2,x,x,x,,,,,,,,,
,,P3,The horse sleeps in the field,coord,269209058,,,,,,,,,
,,S1,The horse stands in the field,coord,234108850,,,,,,,,,
,,S2,The horse walks in the field,coord,310511342,,,,,,,,,
,,Un,The horse eats in the field,un,84453310,,,,,,,,,
,,Un,The horse jumps in the field,un,148809950,,,,,,,,,
,,,,,,,,,,,,,,
30,kneel,,Linguistic unit,P type,Image ID,Female 1,Male 2,Male 3,Female 2,,Freq bin,Conc bin,Syllable,
,,Target,The adult kneels on the floor,target,271316276,F1_Verb_IntransitivePP_30,,M3_Verb_IntransitivePP_30,,,4,6,1,
,,P1,The adult deals on the floor,mp,110111678,,,,,,,,,
,,P2,x,x,x,,,,,,,,,
,,P3,The adult heals on the floor,mp,275135921,,,,,,,,,
,,S1,The adult sits on the floor,coord,313263626,,,,,,,,,
,,S2,The adult jumps on the floor,coord,185622278,,,,,,,,,
,,Un,The adult lies on the floor,coord,246792211,,,,,,,,,
,,Un,x,x,x,,,,,,,,,
,,,,,,,,,,,,,,
33,peek,,Linguistic unit,P type,Image ID,Female 1,Male 2,Male 3,Female 2,,Freq bin,Conc bin,Syllable,
,,Target,the boy peeks in the park,target,26384143,F1_Verb_IntransitivePP_33,,M3_Verb_IntransitivePP_33,,,3,3,1,
,,P1,the boy speaks in the park,mp,202292431,,,,,,,,,
,,P2,the boy sneaks in the park,mp,204205264,,,,,,,,,
,,P3,the boy sweeps in the park,distant,247438306,,,,,,,,,
,,S1,x,x,x,,,,,,,,,
,,S2,x,x,x,,,,,,,,,
,,Un,the boy plays in the park,un,126039770,,,,,,,,,
,,Un,x,x,x,,,,,,,,,
,,,,,,,,,,,,,,
34,build,,Linguistic unit,P type,Image ID,Female 1,Male 2,Male 3,Female 2,,Freq bin,Conc bin,Syllable,
,,Target,the child builds during play time,target,105983540,F1_Verb_IntransitivePP_34,,M3_Verb_IntransitivePP_34,,,8,5,1,
,,P1,the child drills during play time,close,204591244,,,,,,,,,
,,P2,the child grills during play time,close,189968267,,,,,,,,,
,,P3,the child beads during play time,distant,334162937,,,,,,,,,
,,S1,x,x,x,,,,,,,,,
,,S2,x,x,x,,,,,,,,,
,,Un,the child drums during play time,un,190730795,,,,,,,,,
,,Un,the child pours during play time,un,153884597,,,,,,,,,
,,,,,,,,,,,,,,
36,work,,Linguistic unit,P type,Image ID,Female 1,Male 2,Male 3,Female 2,,Freq bin,Conc bin,Syllable,
,,Target,The man works on the beach,target,107447321,F1_Verb_IntransitivePP_36,,M3_Verb_IntransitivePP_36,,,8,4,1,
,,P1,The man walks on the beach,close,116973553,,,,,,,,,
,,P2,x,x,x,,,,,,,,,
,,P3,x,x,x,,,,,,,,,
,,S1,The man relaxes on the beach,coord,221420479,,,,,,,,,
,,S2,x,x,x,,,,,,,,,
,,Un,The man runs on the beach,un,208693156,,,,,,,,,
,,Un,The man stretches on the beach,un,140211604,,,,,,,,,
,,,,,,,,,,,,,,
38,bleed,,Linguistic unit,P type,Image ID,Female 1,Male 2,Male 3,Female 2,,Freq bin,Conc bin,Syllable,
,,Target,The man bleeds in the kitchen,target,313964276,F1_Verb_IntransitivePP_38,,M3_Verb_IntransitivePP_38,,,5,6,1,
,,P1,The man blends in the kitchen,close,38668822,,,,,,,,,
,,P2,The man kneads in the kitchen,mp,261246989,,,,,,,,,
,,P3,The man reads in the kitchen,mp,151267166,,,,,,,,,
,,S1,x,x,x,,,,,,,,,
,,S2,x,x,x,,,,,,,,,
,,Un,The man chops in the kitchen,un,10681814,,,,,,,,,
,,Un,The man irons in the kitchen,un,306279242,,,,,,,,,
,,,,,,,,,,,,,,
41,weed,,Linguistic unit,P type,Image ID,Female 1,Male 2,Male 3,Female 2,,Freq bin,Conc bin,Syllable,
,,Target,The woman weeds in her garden,target,318814274,F1_Verb_IntransitivePP_41,,M3_Verb_IntransitivePP_41,,,3,4,1,
,,P1,The woman reads in her garden,mp,155613134,,,,,,,,,
,,P2,x,x,x,,,,,,,,,
,,P3,The woman weaves in her garden,mp,286412933,,,,,,,,,
,,S1,x,x,x,,,,,,,,,
,,S2,The woman prunes in her garden,coord,32425432,,,,,,,,,
,,Un,The woman smells in her garden,un,284183621,,,,,,,,,
,,Un,The woman relaxes in her garden,un,311038037,,,,,,,,,
,,,,,,,,,,,,,,
43,dive,,Linguistic unit,P type,Image ID,Female 1,Male 2,Male 3,Female 2,,Freq bin,Conc bin,Syllable,
,,Target,The man dives in the water,target,96072599,F1_Verb_IntransitivePP_43,,M3_Verb_IntransitivePP_43,,,4,6,1,
,,P1,The man drives in the water,mp,331319549,,,,,,,,,
,,P2,The man dries in the water,mp,146830787,,,,,,,,,
,,P3,x,x,x,,,,,,,,,
,,S1,The man swims in the water,assoc,142342759,,,,,,,,,
,,S2,The man jumps in the water,coord,74528317,,,,,,,,,
,,Un,The man floats in the water,un,143702194,,,,,,,,,
,,Un,x,x,x,,,,,,,,,
,,,,,,,,,,,,,,
44,recycle,,Linguistic unit,P type,Image ID,Female 1,Male 2,Male 3,Female 2,,Freq bin,Conc bin,Syllable,
,,Target,the girl recycles in the park,target,195090890,F1_Verb_IntransitivePP_44,,M3_Verb_IntransitivePP_44,,,5,3,3,
,,P1,the girl cycles in the park,close,301827464,,,,,,,,,
,,P2,the girl rakes in the park,distant,161480588,,,,,,,,,
,,P3,the girl recovers in the park,distant,321158423,,,,,,,,,
,,S1,x,x,x,,,,,,,,,
,,S2,x,x,x,,,,,,,,,
,,Un,the girl skates in the park,un,161112296,,,,,,,,,
,,Un,the girl skateboards in the park,un,142829050,,,,,,,,,
,,,,,,,,,,,,,,
48,relax,,Linguistic unit,P type,Image ID,Female 1,Male 2,Male 3,Female 2,,Freq bin,Conc bin,Syllable,
,,Target,the man relaxes on the beach,target,221420479,F1_Verb_IntransitivePP_48,,M3_Verb_IntransitivePP_48,,,7,3,3,
,,P1,the man boxes on the beach,distant,107697251,,,,,,,,,
,,P2,the man researches on the beach,distant,45589390,,,,,,,,,
,,P3,x,x,x,,,,,,,,,
,,S1,the man works on the beach,coord,107447321,,,,,,,,,
,,S2,x,x,x,,,,,,,,,
,,Un,the man stretches on the beach,un,140211604,,,,,,,,,
,,Un,the man runs on the beach,un,208693156,,,,,,,,,
,,,,,,,,,,,,,,
49,write,,Linguistic unit,P type,Image ID,Female 1,Male 2,Male 3,Female 2,,Freq bin,Conc bin,Syllable,
,,Target,The woman writes in her garden,target,296196317,F1_Verb_IntransitivePP_49,,M3_Verb_IntransitivePP_49,,,7,6,1,
,,P1,the woman bites in her garden,mp,12212707,,,,,,,,,
,,P2,the woman types in her garden,distant,157422422,,,,,,,,,
,,P3,x,x,x,,,,,,,,,
,,S1,The woman reads in her garden,coord,155613134,,,,,,,,,
,,S2,the woman paints in her garden,coord,73113829,,,,,,,,,
,,Un,x,x,x,,,,,,,,,
,,Un,The woman weeds in her garden,un,318814274,,,,,,,,,
,,,,,,,,,,,,,,
51,wash,,Linguistic unit,P type,Image ID,Female 1,Male 2,Male 3,Female 2,,Freq bin,Conc bin,Syllable,
,,Target,the boy washes on his birthday,target,29601772,F1_Verb_IntransitivePP_51,,M3_Verb_IntransitivePP_51,,,7,6,2,
,,P1,the boy watches on his birthday,mp,305250251,,,,,,,,,
,,P2,the boy wishes on his birthday,mp,59821090,,,,,,,,,
,,P3,the boy splashes on his birthday,distant,229799401,,,,,,,,,
,,S1,the boy brushes on his birthday (teeth),coord,104853320,,,,,,,,,
,,S2,the boy brushes on his birthday (hair),coord,290631104,,,,,,,,,
,,Un,x,x,x,,,,,,,,,
,,Un,x,x,x,,,,,,,,,
,,,,,,,,,,,,,,
52,shower,,Linguistic unit,P type,Image ID,Female 1,Male 2,Male 3,Female 2,,Freq bin,Conc bin,Syllable,
,,Target,the person showers in the forest,target,283323347,F1_Verb_IntransitivePP_52,,M3_Verb_IntransitivePP_52,,,7,6,2,
,,P1,the person shivers in the forest,close,125317343,,,,,,,,,
,,P2,the person scours in the forest,distant,297466739,,,,,,,,,
,,P3,the person shelters in the forest,distant,34486207,,,,,,,,,
,,S1,the person shaves in the forest,coord,11813344,,,,,,,,,
,,S2,the person washes in the forest,assoc,302714480,,,,,,,,,
,,Un,x,x,x,,,,,,,,,
,,Un,x,x,x,,,,,,,,,
,,,,,,,,,,,,,,
53,stop,,Linguistic unit,P type,Image ID,Female 1,Male 2,Male 3,Female 2,,Freq bin,Conc bin,Syllable,
,,Target,he stops outside,target,151801061,,M2_Verb_IntransitivePP_53,,F2_Verb_IntransitivePP_53,,8,5,1,
,,P1,he chops outside,mp,299655560,,,,,,,,,
,,P2,he mops outside,mp,200227550,,,,,,,,,
,,P3,he shops outside,mp,256122922,,,,,,,,,
,,S1,x,x,x,,,,,,,,,
,,S2,x,x,x,,,,,,,,,
,,Un,he runs outside,un,98478128,,,,,,,,,
,,Un,he cycles outside,un,81869632,,,,,,,,,
,,,,,,,,,,,,,,
54,meet,,Linguistic unit,P type,Image ID,Female 1,Male 2,Male 3,Female 2,,Freq bin,Conc bin,Syllable,
,,Target,the couple meet at the restaurant,target,187720691,,M2_Verb_IntransitivePP_54,,F2_Verb_IntransitivePP_54,,8,4,1,
,,P1,the couple eat at the restaurant,mp,312916109,,,,,,,,,
,,P2,the couple read at the restaurant,distant,39808052,,,,,,,,,
,,P3,x,x,x,,,,,,,,,
,,S1,x,x,x,,,,,,,,,
,,S2,x,x,x,,,,,,,,,
,,Un,the couple drink at the restaurant,un,214080025,,,,,,,,,
,,Un,the couple order at the restaurant,un,31696184,,,,,,,,,
,,,,,,,,,,,,,,
55,forage,,Linguistic unit,P type,Image ID,Female 1,Male 2,Male 3,Female 2,,Freq bin,Conc bin,Syllable,
,,Target,The man forages in the forest,target,102603500,,M2_Verb_IntransitivePP_55,,F2_Verb_IntransitivePP_55,,4,4,2,
,,P1,x,x,x,,,,,,,,,
,,P2,x,x,x,,,,,,,,,
,,S1,The man hunts in the forest,coord,246542533,,,,,,,,,
,,S2,The man shops in the forest,coord,223179652,,,,,,,,,
,,S3,The man cooks in the forest,coord,289126034,,,,,,,,,
,,Un,The man sleeps in the forest,un,217813717,,,,,,,,,
,,Un,The man eats in the forest,un,27308077,,,,,,,,,
,,,,,,,,,,,,,,
57,argue,,Linguistic unit,P type,Image ID,Female 1,Male 2,Male 3,Female 2,,Freq bin,Conc bin,Syllable,
,,Target,the couple argue at the weekend,target,6708079,,M2_Verb_IntransitivePP_57,,F2_Verb_IntransitivePP_57,,6,3,2,
,,P1,the couple barbequeue at the weekend,distant,136231922,,,,,,,,,
,,P2,the couple queue at the weekend,distant,243225007,,,,,,,,,
,,P3,x,x,x,,,,,,,,,
,,S1,x,x,x,,,,,,,,,
,,S2,the couple agree at the weekend,coord,195701600,,,,,,,,,
,,Un,the couple cycle at the weekend,un,189683198,,,,,,,,,
,,Un,the couple walk at the weekend,un,39595978,,,,,,,,,
,,,,,,,,,,,,,,
59,exercise,,Linguistic unit,P type,Image ID,Female 1,Male 2,Male 3,Female 2,,Freq bin,Conc bin,Syllable,
,,Target,the man exercises at work,target,40277707,,M2_Verb_IntransitivePP_59,,F2_Verb_IntransitivePP_59,,4,5,4,
,,P1,the man apologises at work,distant,2780241,,,,,,,,,
,,P2,the man organises at work,distant,230003053,,,,,,,,,
,,P3,the man supervises at work,distant,241295458,,,,,,,,,
,,S1,x,x,x,,,,,,,,,
,,S2,the man relaxes at work,coord,175052972,,,,,,,,,
,,Un,the man cools at work,un,15009268,,,,,,,,,
,,Un,x,x,x,,,,,,,,,
,,,,,,,,,,,,,,
61,joke,,Linguistic unit,P type,Image ID,Female 1,Male 2,Male 3,Female 2,,Freq bin,Conc bin,Syllable,
,,Target,the man jokes with the woman,target,98507624,,M2_Verb_IntransitivePP_61,,F2_Verb_IntransitivePP_61,,6,3,1,
,,P1,the man smokes with the woman,mp,130137089,,,,,,,,,
,,P2,the man jogs with the woman,distant,63870574,,,,,,,,,
,,P3,x,x,x,,,,,,,,,
,,S1,the man argues with the woman,coord,6708079,,,,,,,,,
,,S2,the man juggles with the woman,assoc,284973269,,,,,,,,,
,,Un,x,x,x,,,,,,,,,
,,Un,the man cooks with the woman,un,35421964,,,,,,,,,
,,,,,,,,,,,,,,
62,supervise,,Linguistic unit,P type,Image ID,Female 1,Male 2,Male 3,Female 2,,Freq bin,Conc bin,Syllable,
,,Target,the man supervises at work,target,241295458,,M2_Verb_IntransitivePP_62,,F2_Verb_IntransitivePP_62,,4,2,4,
,,P1,the man organises at work,distant,230003053,,,,,,,,,
,,P2,the man apologises at work,distant,2780241,,,,,,,,,
,,P3,the man exercises at work,distant,144364795,,,,,,,,,
,,S1,x,x,x,,,,,,,,,
,,S2,x,x,x,,,,,,,,,
,,Un,the man argues at work,un,6708079,,,,,,,,,
,,Un,the man cools at work,un,15009268,,,,,,,,,
,,,,,,,,,,,,,,
70,escape,,Linguistic unit,P type,Image ID,Female 1,Male 2,Male 3,Female 2,,Freq bin,Conc bin,Syllable,
,,Target,the person escapes in the morning,target,52650916,,M2_Verb_IntransitivePP_70,,F2_Verb_IntransitivePP_70,,7,4,2,
,,P1,the person skates in the morning,close,161112296,,,,,,,,,
,,P2,the person tapes in the morning,close,39233433,,,,,,,,,
,,P3,x,x,x,,,,,,,,,
,,S1,x,x,x,,,,,,,,,
,,S2,the person is chained in the mornng,coord,311384531,,,,,,,,,
,,Un,the person prays in the morning,un,113084167,,,,,,,,,
,,Un,the person sits in the morning,un,121491379,,,,,,,,,
,,,,,,,,,,,,,,
71,dream,,Linguistic unit,P type,Image ID,Female 1,Male 2,Male 3,Female 2,,Freq bin,Conc bin,Syllable,
,,Target,the man dreams in his free time,target,56412598,,M2_Verb_IntransitivePP_98,,F2_Verb_IntransitivePP_98,,6,2,1,
,,P1,the man drums in his free time,mp,278138576,,,,,,,,,
,,P2,the man screams in his free time,close,169470221,,,,,,,,,
,,P3,the man draws in his free time,distant,78545854,,,,,,,,,
,,S1,the man rests in his free time,assoc,217813717,,,,,,,,,
,,S2,x,x,x,,,,,,,,,
,,Un,x,x,x,,,,,,,,,
,,Un,the man dries in his free time,un,146830787,,,,,,,,,
,,,,,,,,,,,,,,
77,mend,,Linguistic unit,P type,Image ID,Female 1,Male 2,Male 3,Female 2,,Freq bin,Conc bin,Syllable,
,,Target,the man mends at the weekend,target,268502327,,M2_Verb_IntransitivePP_77,,F2_Verb_IntransitivePP_77,,5,5,1,
,,P1,the man bends at the weekend,mp,104722715,,,,,,,,,
,,P2,the man blends at the weekend,mp,38668822,,,,,,,,,
,,P3,the man spends at the weekend,mp,279091361,,,,,,,,,
,,S1,x,x,x,,,,,,,,,
,,S2,x,x,x,,,,,,,,,
,,Un,the man begs at the weekend,un,2780241,,,,,,,,,
,,Un,the man bets at the weekend,un,23419268,,,,,,,,,
,,,,,,,,,,,,,,
78,spend,,Linguistic unit,P type,Image ID,Female 1,Male 2,Male 3,Female 2,,Freq bin,Conc bin,Syllable,
,,Target,the man spends at the weekend,target,279091361,,M2_Verb_IntransitivePP_78,,F2_Verb_IntransitivePP_78,,8,3,1,
,,P1,the man mends at the weekend,mp,268502327,,,,,,,,,
,,P2,the man bends at the weekend,mp,104722715,,,,,,,,,
,,P3,the man blends at the weekend,mp,38668822,,,,,,,,,
,,S1,the man saves at the weekend,coord,89047702,,,,,,,,,
,,S2,the man gambles at the weekend,assoc,23419268,,,,,,,,,
,,Un,x,x,x,,,,,,,,,
,,Un,x,x,x,,,,,,,,,
,,,,,,,,,,,,,,
79,blend,,Linguistic unit,P type,Image ID,Female 1,Male 2,Male 3,Female 2,,Freq bin,Conc bin,Syllable,
,,Target,the man blends at the weekend,target,38668822,,M2_Verb_IntransitivePP_79,,F2_Verb_IntransitivePP_79,,5,5,1,
,,P1,the man mends at the weekend,mp,268502327,,,,,,,,,
,,P2,the man bends at the weekend,mp,104722715,,,,,,,,,
,,P3,the man spends at the weekend,mp,279091361,,,,,,,,,
,,S1,the man bleeds at the weekend,close,313964276,,,,,,,,,
,,S2,x,x,x,,,,,,,,,
,,Un,the man begs at the weekend,un,2780241,,,,,,,,,
,,Un,x,x,x,,,,,,,,,
,,,,,,,,,,,,,,
82,sing,,Linguistic unit,P type,Image ID,Female 1,Male 2,Male 3,Female 2,,Freq bin,Conc bin,Syllable,
,,Target,The girl sings by herself,target,917512,,M2_Verb_IntransitivePP_82,,F2_Verb_IntransitivePP_82,,7,6,1,
,,P1,The girl swings by herself,mp,49071878,,,,,,,,,
,,P2,The girl rings by herself,mp,26515435,,,,,,,,,
,,P3,x,x,x,,,,,,,,,
,,S1,The girl laughs by herself,coord,45387273,,,,,,,,,
,,S2,The girl dances by herself,assoc,40811971,,,,,,,,,
,,Un,x,x,x,,,,,,,,,
,,Un,The girl jumps by herself,un,37824493,,,,,,,,,
,,,,,,,,,,,,,,
86,float,,Linguistic unit,P type,Image ID,Female 1,Male 2,Male 3,Female 2,,Freq bin,Conc bin,Syllable,
,,Target,The man floats on his own,target,143702194,,M2_Verb_IntransitivePP_86,,F2_Verb_IntransitivePP_86,,5,6,1,
,,P1,the man boats on his own,mp,331319549,,,,,,,,,
,,P2,the man flies on his own,distant,30873232,,,,,,,,,
,,P3,x,x,x,,,,,,,,,
,,S1,The man dives on his own,assoc,96072599,,,,,,,,,
,,S2,The man dries on his own,assoc,236457589,,,,,,,,,
,,Un,x,x,x,,,,,,,,,
,,Un,the man swims on his own,un,142342759,,,,,,,,,
,,,,,,,,,,,,,,
90,brake,,Linguistic unit,P type,Image ID,Female 1,Male 2,Male 3,Female 2,,Freq bin,Conc bin,Syllable,
,,Target,The person brakes with their hand,target,286954073,,M2_Verb_IntransitivePP_90,,F2_Verb_IntransitivePP_90,,4,4,1,
,,P1,x,x,x,,,,,,,,,
,,P2,The person rakes with their hand,mp,161480588,,,,,,,,,
,,P3,x,x,x,,,,,,,,,
,,S1,the person steers with their hand,assoc,274064687,,,,,,,,,
,,S2,x,x,x,,,,,,,,,
,,Un,x,x,x,,,,,,,,,
,,Un,The person chops with their hand,un,130753628,,,,,,,,,
,,,,,,,,,,,,,,
91,rake,,Linguistic unit,P type,Image ID,Female 1,Male 2,Male 3,Female 2,,Freq bin,Conc bin,Syllable,
,,Target,The person rakes in the morning,target,68683468,,M2_Verb_IntransitivePP_91,,F2_Verb_IntransitivePP_91,,4,7,1,
,,P1,The person brakes in the morning,mp,286954073,,,,,,,,,
,,P2,The person wakes in the morning,mp,51780655,,,,,,,,,
,,P3,The person bakes in the morning,mp,74529160,,,,,,,,,
,,S1,the person mows in the morning,coord,35865163,,,,,,,,,
,,S2,the person prunes in the mornng,coord,287707931,,,,,,,,,
,,Un,x,x,x,,,,,,,,,
,,Un,x,x,x,,,,,,,,,
,,,,,,,,,,,,,,
94,row,,Linguistic unit,P type,Image ID,Female 1,Male 2,Male 3,Female 2,,Freq bin,Conc bin,Syllable,
,,Target,the person rows outdoors,target,16714942,,M2_Verb_IntransitivePP_94,,F2_Verb_IntransitivePP_94,,3,5,1,
,,P1,the person mows outdoors,mp,35865163,,,,,,,,,
,,P2,the person throws outdoors,mp,203609905,,,,,,,,,
,,P3,the person glows outdoors,mp,252371788,,,,,,,,,
,,S1,the person boats outdoors,assoc,331319549,,,,,,,,,
,,S2,the person floats outdoors,assoc,143702194,,,,,,,,,
,,Un,x,x,x,,,,,,,,,
,,Un,x,x,x,,,,,,,,,
,,,,,,,,,,,,,,
97,drum,,Linguistic unit,P type,Image ID,Female 1,Male 2,Male 3,Female 2,,Freq bin,Conc bin,Syllable,
,,Target,the man drums in his free time,target,278138576,,M2_Verb_IntransitivePP_97,,F2_Verb_IntransitivePP_97,,6,5,1,
,,P1,the man runs in his free time,distant,98478128,,,,,,,,,
,,P2,the man strums in his free time,distant,282933527,,,,,,,,,
,,P3,the man dreams in his free time,mp,56412598,,,,,,,,,
,,S1,the man composes in his free time,assoc,114099406,,,,,,,,,
,,S2,the man sings in his free time,assoc,13305066,,,,,,,,,
,,Un,x,x,x,,,,,,,,,
,,Un,x,x,x,,,,,,,,,
,,,,,,,,,,,,,,
101,hop,,Linguistic unit,P type,Image ID,Female 1,Male 2,Male 3,Female 2,,Freq bin,Conc bin,Syllable,
,,Target,the man hops alone,target,3233413,,M2_Verb_IntransitivePP_101,,F2_Verb_IntransitivePP_101,,5,5,1,
,,P1,the man shops alone,mp,92386033,,,,,,,,,
,,P2,the man chops alone,mp,41876749,,,,,,,,,
,,P3,the man mops alone,mp,342153458,,,,,,,,,
,,S1,The man jumps alone,coord,44123146,,,,,,,,,
,,S2,the man dives alone,coord,96072599,,,,,,,,,
,,Un,x,x,x,,,,,,,,,
,,Un,x,x,x,,,,,,,,,
,,,,,,,,,,,,,,
105,gallops,,Linguistic unit,P type,Image ID,Female 1,Male 2,Male 3,Female 2,,Freq bin,Conc bin,Syllable,
,,Target,The horse gallops in the farm,target,296131085,,M2_Verb_IntransitivePP_105,,F2_Verb_IntransitivePP_105,,4,6,2,
,,P1,x,x,x,,,,,,,,,
,,P2,x,x,x,,,,,,,,,
,,S1,The horse sleeps in the farm,coord,269209058,,,,,,,,,
,,S2,The horse stands in the farm,coord,234108850,,,,,,,,,
,,S3,The horse walks in the farm,coord,310511342,,,,,,,,,
,,Un,The horse eats in the farm,unrel,84453310,,,,,,,,,
,,Un,The horse jumps in the farm,unrel,148809950,,,,,,,,,
,,,,,,,,,,,,,,
109,falls,,Linguistic unit,P type,Image ID,Female 1,Male 2,Male 3,Female 2,,Freq bin,Conc bin,Syllable,
,,Target,The man falls on the floor,target,180984590,,M2_Verb_IntransitivePP_109,,F2_Verb_IntransitivePP_109,,8,6,1,
,,P1,The man calls on the floor,mp,313263626,,,,,,,,,
,,P2,x,x,x,,,,,,,,,
,,P3,the man kneels on the floor,coord,271316276,,,,,,,,,
,,S1,The man jumps on the floor,coord,185622278,,,,,,,,,
,,S2,x,x,x,,,,,,,,,
,,S3,The man follows on the floor,un,270511217,,,,,,,,,
,,Un,The man talks on the floor,un,16912576,,,,,,,,,
,,,,,,,,,,,,,,
B,blow,,Linguistic unit,P type,Image ID,Female 1,Male 2,Male 3,Female 2,,Freq bin,Conc bin,Syllable,
,,Target,The person blows in the dark,target,203609905,F1_Verb_IntransitivePP_10,,M3_Verb_IntransitivePP_10,,,7,5,1,1
,,P1,x,x,x,,,,,,,,,
,,P2,The person rows in the dark,mp,16714942,,,,,,,,,
,,P3,The person glows in the dark,mp,252371788,,,,,,,,,
,,S1,the person yawns in the dark,assoc,87887581434,,,,,,,,,
,,S2,the person screams in the dark,assoc,33332337576,,,,,,,,,
,,Un,the person paddles in the dark,un,45224929586,,,,,,,,,
,,Un,x,x,x,,,,,,,,,
,,,,,,,,,,,,,,
B,wake,,Linguistic unit,P type,Image ID,Female 1,Male 2,Male 3,Female 2,,Freq bin,Conc bin,Syllable,
,,Target,The person wakes in the morning,target,263967248,F1_Verb_IntransitivePP_29,,M3_Verb_IntransitivePP_29,,,7,4,1,1
,,P1,The person bakes in the morning,mp,74529160,,,,,,,,,
,,P2,The person rakes in the morning,mp,161480588,,,,,,,,,
,,P3,x,x,x,,,,,,,,,
,,S1,the person sleeps in the morning,assoc,233185360,,,,,,,,,
,,S2,the person dreams in the morning,assoc,50835217941,,,,,,,,,
,,Un,the person cooks in the morning,un,11570523587,,,,,,,,,
,,Un,x,x,x,,,,,,,,,
,,,,,,,,,,,,,,
B,read,,Linguistic unit,P type,Image ID,Female 1,Male 2,Male 3,Female 2,,Freq bin,Conc bin,Syllable,
,,Target,The woman reads in her garden,target,155613134,F1_Verb_IntransitivePP_39,,M3_Verb_IntransitivePP_39,,,8,5,1,1
,,P1,The woman bleeds in her garden,mp,29303608036,,,,,,,,,
,,P2,the woman rides in her garden,close,14328217227,,,,,,,,,
,,P3,x,x,x,,,,,,,,,
,,S1,The woman writes in her garden,assoc,296196317,,,,,,,,,
,,S2,the woman types in her garden,assoc,157422422,,,,,,,,,
,,Un,the woman cries in her garden,un,34670618616,,,,,,,,,
,,Un,x,x,x,,,,,,,,,
,,,,,,,,,,,,,,
B,walk,,Linguistic unit,P type,Image ID,Female 1,Male 2,Male 3,Female 2,,Freq bin,Conc bin,Syllable,
,,Target,the woman walks on the mountain,target,469418832,F1_Verb_IntransitivePP_47,,M3_Verb_IntransitivePP_47,,,8,6,1,1
,,P1,the woman talks on the mountain,mp,291673490,,,,,,,,,
,,P2,the woman wakes on the mountain,close,263967248,,,,,,,,,
,,P3,x,x,x,,,,,,,,,
,,S1,the woman runs on the mountain,coord,100144160,,,,,,,,,
,,S2,the woman cycles on the mountain,coord,85200544,,,,,,,,,
,,Un,the woman sleeps on the mountain,un,15341882382,,,,,,,,,
,,Un,x,x,x,,,,,,,,,
,,,,,,,,,,,,,,
B,slide,,Linguistic unit,P type,Image ID,Female 1,Male 2,Male 3,Female 2,,Freq bin,Conc bin,Syllable,
,,Target,the person slides in the outdoors,target,277042469,,M2_Verb_IntransitivePP_74,,F2_Verb_IntransitivePP_74,,5,6,1,1
,,P1,the person rides in the outdoors,mp,221148517,,,,,,,,,
,,P2,x,x,x,,,,,,,,,
,,P3,the person spies in the outdoors,assoc,305250251,,,,,,,,,
,,S1,the person swings in the outdoors,coord,49071878,,,,,,,,,
,,S2,the person spins in the outdoors,coord,126039770,,,,,,,,,
,,Un,the person cycles in the outdoors,un,10202505743,,,,,,,,,
,,Un,x,x,x,,,,,,,,,
,,,,,,,,,,,,,,
B,mow,,Linguistic unit,P type,Image ID,Female 1,Male 2,Male 3,Female 2,,Freq bin,Conc bin,Syllable,
,,Target,the person mows outdoors,target,35865163,,M2_Verb_IntransitivePP_92,,F2_Verb_IntransitivePP_92,,4,6,1,1
,,P1,the person throws outdoors,mp,292171979,,,,,,,,,
,,P2,the person rows outdoors,distant,80741992530,,,,,,,,,
,,P3,x,x,x,,,,,,,,,
,,S1,the person weeds outdoors,coord,192369584,,,,,,,,,
,,S2,the person rakes outdoors,coord,68683468,,,,,,,,,
,,Un,the person catches (something) outdoors,un,37102207465,,,,,,,,,
,,Un,x,x,x,,,,,,,,,
,,,,,,,,,,,,,,
B,sob,,Linguistic unit,P type,New images,Male 2,Female 3,Female 2,Male 1,,Freq bin,Conc bin,Syllable,
,,Target,the man sobs by himself,target,20681868227,M3_ACT_40,F2_ACT_40,,,,4,4,1,1
,,P1,the man robs by himself,mp,50809789101,,,,,,,,,
,,P2,the man sits by himself,distant,25585006409,,,,,,,,,
,,P3,x,x,x,,,,,,,,,
,,S1,the man laughs by himself,coord,84291417847,,,,,,,,,
,,S2,the man pouts by himself,assoc,29474819725,,,,,,,,,
,,Un,the man pays by himself,un,17227311800,,,,,,,,,
,,Un,x,x,x,,,,,,,,,
,,,,,,,,,,,,,,
B,sit,,Linguistic unit,P type,Image ID,Female 1,Male 2,Male 3,Female 2,,Freq bin,Conc bin,Syllable,
,,Target,The boy sits in the pool,target,444242,F1_Verb_IntransitivePP_5,,M3_Verb_IntransitivePP_5,,,8,7,1,
,,P1,The boy spits in the pool,mp,106405814,,,,,,,,,
,,P2,The boy sips in the pool,mp,271141130,,,,,,,,,
,,P3,x,x,x,,,,,,,,,
,,S1,x,x,x,,,,,,,,,
,,S2,The boy stands in the pool,coord,150658016,,,,,,,,,
,,Un,The boy floats in the pool,un,161276261,,,,,,,,,
,,Un,the boy jumps in the pool,un,56115133,,,,,,,,,
,,,,,,,,,,,,,,
B,kick,,Linguistic unit,P type,Image ID,Female 1,Male 2,Male 3,Female 2,,Freq bin,Conc bin,Syllable,
,,Target,the woman kicks in the garden,target,4710661,F1_Verb_IntransitivePP_12,,M3_Verb_IntransitivePP_12,,,6,6,1,
,,P1,the woman cooks in the garden,mp,38187136,,,,,,,,,
,,P2,the woman kips in the garden,mp,308565029,,,,,,,,,
,,P3,x,x,x,,,,,,,,,
,,S1,x,x,x,,,,,,,,,
,,S2,the woman punches in the garden,assoc,4711474,,,,,,,,,
,,Un,the woman drinks in the garden,un,282178793,,,,,,,,,
,,Un,the woman weeds in the garden,un,318814274,,,,,,,,,
,,,,,,,,,,,,,,
B,feed,,Linguistic unit,P type,Image ID,Female 1,Male 2,Male 3,Female 2,,Freq bin,Conc bin,Syllable,
,,Target,He feeds in the kitchen,target,273334064,F1_Verb_IntransitivePP_37,,M3_Verb_IntransitivePP_37,,,7,6,1,
,,P1,He bleeds in the kitchen,mp,313964276,,,,,,,,,
,,P2,He kneads in the kitchen,mp,261246989,,,,,,,,,
,,P3,He reads in the kitchen,mp,151267166,,,,,,,,,
,,S1,He drinks in the kitchen,coord,175510841,,,,,,,,,
,,S2,He chews in the kitchen,assoc,291462158,,,,,,,,,
,,Un,x,x,x,,,,,,,,,
,,Un,x,x,x,,,,,,,,,
,,,,,,,,,,,,,,
B,knead,,Linguistic unit,P type,Image ID,Female 1,Male 2,Male 3,Female 2,,Freq bin,Conc bin,Syllable,
,,Target,The man kneads in the kitchen,target,261246989,F1_Verb_IntransitivePP_40,,M3_Verb_IntransitivePP_40,,,4,5,1,
,,P1,The man bleeds in the kitchen,mp,313964276,,,,,,,,,
,,P2,The man reads in the kitchen,mp,151267166,,,,,,,,,
,,P3,The man eats in the kitchen,distant,183077327,,,,,,,,,
,,S1,x,x,x,,,,,,,,,
,,S2,x,x,x,,,,,,,,,
,,Un,The man chops in the kitchen,un,10681814,,,,,,,,,
,,Un,The man irons in the kitchen,un,306279242,,,,,,,,,
,,,,,,,,,,,,,,
B,drive,,Linguistic unit,P type,Image ID,Female 1,Male 2,Male 3,Female 2,,Freq bin,Conc bin,Syllable,
,,Target,The man drives in the water,target,331319549,F1_Verb_IntransitivePP_42,,M3_Verb_IntransitivePP_42,,,8,5,1,
,,P1,The man dives in the water,mp,96072599,,,,,,,,,
,,P2,The man dries in the water,mp,146830787,,,,,,,,,
,,P3,x,x,x,,,,,,,,,
,,S1,The man cycles in the water,assoc,145417978,,,,,,,,,
,,S2,x,x,x,,,,,,,,,
,,Un,The man swims in the water,un,142342759,,,,,,,,,
,,Un,The man floats in the water,un,143702194,,,,,,,,,
,,,,,,,,,,,,,,
B,hit,,Linguistic unit,P type,Image ID,Female 1,Male 2,Male 3,Female 2,,Freq bin,Conc bin,Syllable,
,,Target,the boy hits in the pool,target,229799401,F1_Verb_IntransitivePP_46,,M3_Verb_IntransitivePP_46,,,8,6,1,
,,P1,The boy sits in the pool,mp,444242,,,,,,,,,
,,P2,The boy spits in the pool,mp,106405814,,,,,,,,,
,,P3,The boy sips in the pool,distant,271141130,,,,,,,,,
,,S1,x,x,x,,,,,,,,,
,,S2,x,x,x,,,,,,,,,
,,Un,The boy floats in the pool,un,161276261,,,,,,,,,
,,Un,the boy jumps in the pool,un,56115133,,,,,,,,,
,,,,,,,,,,,,,,
B,cry,,Linguistic unit,P type,Image ID,Female 1,Male 2,Male 3,Female 2,,Freq bin,Conc bin,Syllable,
,,Target,the boy cries by himself,target,332187713,F1_Verb_IntransitivePP_50,,M3_Verb_IntransitivePP_50,,,7,6,1,
,,P1,the boy flies by himself,mp,323376614,,,,,,,,,
,,P2,the boy spies by himself,mp,305250251,,,,,,,,,
,,P3,the boy fries by himself,mp,7649269,,,,,,,,,
,,S1,the boy daydreams by himself,coord,272949311,,,,,,,,,
,,S2,the boy frowns by himself,coord,24646684,,,,,,,,,
,,Un,x,x,x,,,,,,,,,
,,Un,x,x,x,,,,,,,,,
,,,,,,,,,,,,,,
B,peel,,Linguistic unit,P type,Image ID,Female 1,Male 2,Male 3,Female 2,,Freq bin,Conc bin,Syllable,
,,Target,the man peels at the table,target,17991200,,M2_Verb_IntransitivePP_56,,F2_Verb_IntransitivePP_56,,6,7,2,
,,P1,x,x,x,,,,,,,,,
,,P2,x,x,x,,,,,,,,,
,,P3,the man slices at the table,coord,304093832,,,,,,,,,
,,S1,the man cuts at the table,coord,257104510,,,,,,,,,
,,S2,the man chops at the table,coord,10681814,,,,,,,,,
,,Un,x,x,x,,,,,,,,,
,,Un,the man works at the table,un,5559412,,,,,,,,,
,,,,,,,,,,,,,,
B,apologise,,Linguistic unit,P type,Image ID,Female 1,Male 2,Male 3,Female 2,,Freq bin,Conc bin,Syllable,
,,Target,the man apologises often,target,2780241,,M2_Verb_IntransitivePP_58,,F2_Verb_IntransitivePP_58,,6,3,5,
,,P1,the man exercises often,distant,40277707,,,,,,,,,
,,P2,the man capsizes often,distant,77004673,,,,,,,,,
,,P3,the man organises often,distant,230003053,,,,,,,,,
,,S1,the man supervises often,distant,241295458,,,,,,,,,
,,S2,the man argues often often,coord,6708079,,,,,,,,,
,,Un,x,x,x,,,,,,,,,
,,Un,x,x,x,,,,,,,,,
,,,,,,,,,,,,,,
B,smoke,,Linguistic unit,P type,Image ID,Female 1,Male 2,Male 3,Female 2,,Freq bin,Conc bin,Syllable,
,,Target,the man smokes with the woman,target,130137089,,M2_Verb_IntransitivePP_63,,F2_Verb_IntransitivePP_63,,6,7,1,
,,P1,the man jokes with the woman,mp,98507624,,,,,,,,,
,,P2,x,x,x,,,,,,,,,
,,P3,x,x,x,,,,,,,,,
,,S1,the man argues with the woman,un,6708079,,,,,,,,,
,,S2,the man juggles with the woman,un,284973269,,,,,,,,,
,,Un,the man jogs with the woman,un,63870574,,,,,,,,,
,,Un,the man cooks with the woman,un,35421964,,,,,,,,,
,,,,,,,,,,,,,,
B,leave,,Linguistic unit,P type,Image ID,Female 1,Male 2,Male 3,Female 2,,Freq bin,Conc bin,Syllable,
,,Target,the person leaves some money,target,140400013,,M2_Verb_IntransitivePP_65,,F2_Verb_IntransitivePP_65,,6,3,2,
,,P1,the person thieves some money,mp,283020137,,,,,,,,,
,,P2,the person receives some money,x,82427092,,,,,,,,,
,,P3,x,x,x,,,,,,,,,
,,S1,the person gives some money,coord,141577285,,,,,,,,,
,,S2,x,x,x,,,,,,,,,
,,Un,the person counts some money,un,141173497,,,,,,,,,
,,Un,the person burns some money,un,127785641,,,,,,,,,
,,,,,,,,,,,,,,
B,grow,,Linguistic unit,P type,Image ID,Female 1,Male 2,Male 3,Female 2,,Freq bin,Conc bin,Syllable,
,,Target,the person grows every year,target,212743915,,M2_Verb_IntransitivePP_67,,F2_Verb_IntransitivePP_67,,7,4,1,
,,P1,the person blows every year,mp,30403961,,,,,,,,,
,,P2,the person mows every year,mp,35865163,,,,,,,,,
,,P3,the person sews every year,mp,10320684,,,,,,,,,
,,S1,the person glows every year,mp,252371788,,,,,,,,,
,,S2,the person shrinks every year,coord,56180620,,,,,,,,,
,,Un,x,x,x,,,,,,,,,
,,Un,x,x,x,,,,,,,,,
,,,,,,,,,,,,,,
B,bet,,Linguistic unit,P type,Image ID,Female 1,Male 2,Male 3,Female 2,,Freq bin,Conc bin,Syllable,
,,Target,the man bets for his job,target,23419268,,M2_Verb_IntransitivePP_69,,F2_Verb_IntransitivePP_69,,7,4,2,
,,P1,the man begs for his job,mp,2780241,,,,,,,,,
,,P2,the man bites for his job,mp,34474258,,,,,,,,,
,,P3,the man bends for his job,close,104722715,,,,,,,,,
,,S1,the man pays for his job,assoc,141577285,,,,,,,,,
,,S2,x,x,x,,,,,,,,,
,,Un,x,x,x,,,,,,,,,
,,Un,the man drives for his job,un,331319549,,,,,,,,,
,,,,,,,,,,,,,,
B,beg,,Linguistic unit,P type,Image ID,Female 1,Male 2,Male 3,Female 2,,Freq bin,Conc bin,Syllable,
,,Target,the man begs for his job,target,2780241,,M2_Verb_IntransitivePP_75,,F2_Verb_IntransitivePP_75,,6,3,1,
,,P1,the man bets for his job,mp,23419268,,,,,,,,,
,,P2,the man bikes for his job,distant,1280937,,,,,,,,,
,,P3,the man bends for his job,close,104722715,,,,,,,,,
,,S1,x,x,x,,,,,,,,,
,,S2,x,x,x,,,,,,,,,
,,Un,the man boxes for his job,un,146016314,,,,,,,,,
,,Un,the man cooks for his job,un,247260085,,,,,,,,,
,,,,,,,,,,,,,,
B,swing,,Linguistic unit,P type,Image ID,Female 1,Male 2,Male 3,Female 2,,Freq bin,Conc bin,Syllable,
,,Target,The girl swings by herself,target,49071878,,M2_Verb_IntransitivePP_81,,F2_Verb_IntransitivePP_81,,5,7,1,
,,P1,The girl sings by herself,mp,917512,,,,,,,,,
,,P2,The girl rings by herself,mp,26515435,,,,,,,,,
,,P3,x,x,x,,,,,,,,,
,,S1,The girl laughs by herself,coord,45387273,,,,,,,,,
,,S2,The girl dances by herself,assoc,40811971,,,,,,,,,
,,Un,x,x,x,,,,,,,,,
,,Un,The girl jumps by herself,un,37824493,,,,,,,,,
,,,,,,,,,,,,,,
B,lay,,Linguistic unit,P type,Image ID,Female 1,Male 2,Male 3,Female 2,,Freq bin,Conc bin,Syllable,
,,Target,The boy lays with his family,target,186947729,,M2_Verb_IntransitivePP_84,,F2_Verb_IntransitivePP_84,,7,5,1,
,,P1,The boy plays with his family,mp,284522891,,,,,,,,,
,,P2,The boy pays with his family,mp,127336061,,,,,,,,,
,,P3,The boy prays with his family,mp,295211936,,,,,,,,,
,,S1,the boy sits with the family,coord,21402747,,,,,,,,,
,,S2,x,x,x,,,,,,,,,
,,Un,The boy reads with his family,un,205039681,,,,,,,,,
,,Un,x,x,x,,,,,,,,,
,,,,,,,,,,,,,,
B,fight,,Linguistic unit,P type,Image ID,Female 1,Male 2,Male 3,Female 2,,Freq bin,Conc bin,Syllable,
,,Target,the woman fights in her garden,target,91846862,,M2_Verb_IntransitivePP_88,,F2_Verb_IntransitivePP_88,,8,6,1,
,,P1,the woman bites in her garden,mp,12212707,,,,,,,,,
,,P2,The woman writes in her garden,mp,296196317,,,,,,,,,
,,P3,the woman types in her garden,close,157422422,,,,,,,,,
,,S1,x,x,x,,,,,,,,,
,,S2,the woman kisses in her garden,un,31857694,,,,,,,,,
,,Un,The woman reads in her garden,un,155613134,,,,,,,,,
,,Un,The woman weeds in her garden,un,318814274,,,,,,,,,
,,,,,,,,,,,,,,
B,steer,,Linguistic unit,P type,Image ID,Female 1,Male 2,Male 3,Female 2,,Freq bin,Conc bin,Syllable,
,,Target,the woman steers on her own,target,274064687,,M2_Verb_IntransitivePP_89,,F2_Verb_IntransitivePP_89,,5,6,1,
,,P1,the woman hears on her own,mp,332946251,,,,,,,,,
,,P2,the woman cheers on her own,mp,129115139,,,,,,,,,
,,P3,the woman shears on her own,mp,212099170,,,,,,,,,
,,S1,the woman brakes on her own,assoc,28690005,,,,,,,,,
,,S2,x,x,x,,,,,,,,,
,,Un,x,x,x,,,,,,,,,
,,Un,the woman stares on her own,un,695458541,,,,,,,,,
,,,,,,,,,,,,,,
B,wrap,,Linguistic unit,P type,Image ID,Female 1,Male 2,Male 3,Female 2,,Freq bin,Conc bin,Syllable,
,,Target,The man wraps by himself,target,233961094,,M2_Verb_IntransitivePP_96,,F2_Verb_IntransitivePP_96,,6,6,1,
,,P1,The man reads by himself,distant,31635691,,,,,,,,,
,,P2,the man rips by himself,mp,18917902,,,,,,,,,
,,P3,the man ropes by himself,mp,169831109,,,,,,,,,
,,S1,the man unwraps by himself,coord,166808165,,,,,,,,,
,,S2,the man tapes by himself,assoc,267137366,,,,,,,,,
,,Un,x,x,x,,,,,,,,,
,,Un,x,x,x,,,,,,,,,
,,,,,,,,,,,,,,
B,chop,,Linguistic unit,P type,Image ID,Female 1,Male 2,Male 3,Female 2,,Freq bin,Conc bin,Syllable,
,,Target,the man chops in the kitchen,target,41876749,,M2_Verb_IntransitivePP_99,,F2_Verb_IntransitivePP_99,,6,5,1,
,,P1,the man mops in the kitchen,mp,342153458,,,,,,,,,
,,P2,x,x,x,,,,,,,,,
,,P3,the man peels in the kitchen,coord,17991200,,,,,,,,,
,,S1,the man irons in the kitchen,coord,306279242,,,,,,,,,
,,S2,the man blends in the kitchen,assoc,38668822,,,,,,,,,
,,Un,x,x,x,,,,,,,,,
,,Un,the man sweeps in the kitchen,un,257586442,,,,,,,,,
,,,,,,,,,,,,,,
B,peck,,Linguistic unit,P type,Image ID,Female 1,Male 2,Male 3,Female 2,,Freq bin,Conc bin,Syllable,
,,Target,he pecks in the morning,target,233818054,,M2_Verb_IntransitivePP_102,,F2_Verb_IntransitivePP_102,,4,5,1,
,,P1,he peeks in the morning,mp,49102078,,,,,,,,,
,,P2,he packs in the morning,mp,39233433,,,,,,,,,
,,P3,he pays in the morning,distant,279091361,,,,,,,,,
,,S1,x,x,x,,,,,,,,,
,,S2,x,x,x,,,,,,,,,
,,Un,he sands in the morning,un,222272809,,,,,,,,,
,,Un,he saws in the morning,un,112072841,,,,,,,,,
,,,,,,,,,,,,,,
B,peels,,Linguistic unit,P type,Image ID,Female 1,Male 2,Male 3,Female 2,,Freq bin,Conc bin,Syllable,
,,Target,the man peels at the table,target,17991200,,M2_Verb_IntransitivePP_111,,F2_Verb_IntransitivePP_111,,6,7,2,
,,P1,x,x,x,,,,,,,,,
,,P2,x,x,x,,,,,,,,,
,,P3,x,x,x,,,,,,,,,
,,S1,the man cuts at the table,coord,35421964,,,,,,,,,
,,S2,the man eats at the table,coord,328727594,,,,,,,,,
,,S3,the man saws at the table,un,590037,,,,,,,,,
,,Un,the man plays at the table,un,13184488,,,,,,,,,
,,,,,,,,,,,,,,
B,ride,,Linguistic unit,P type,Image ID,Female 1,Male 2,Male 3,Female 2,,Freq bin,Conc bin,Syllable,
,,Target,the person rides in the outdoors,target,221148517,,M2_Verb_IntransitivePP_73,,F2_Verb_IntransitivePP_73,,6,6,1,
,,P1,the person hides in the outdoors,mp,34486207,,,,,,,,,
,,P2,the person hikes in the outdoors,mp,46941998,,,,,,,,,
,,P3,the person slides in the outdoors,mp,277042469,,,,,,,,,
,,S1,the person spies in the outdoors,assoc,305250251,,,,,,,,,
,,S2,the person watches in the outdoors,assoc,80557378,,,,,,,,,
,,Un,x,x,x,,,,,,,,,
,,Un,x,x,x,,,,,,,,,
