1,in,,Linguistic unit,P type,Image ID,Female 2,Male 1,Male 3,,,Freq bin,Conc bin,Syllable,
,,Target,the dog is in the blanket,target,10203010,F2_Preposition_sentence_1,,M3_Preposition_sentence_1,,,5,1,1,0
,,Foil 1,on the blanket,foil 1,30182797,,,,,,,,,
,,Foil 2,under the blanket,foil 2,35281393,,,,,,,,,
,,Foil 3,by the blanket,foil 3,69546235,,,,,,,,,
,,Other,blanket,other,30970388,,,,,,,,,
,,Other,dog,other,17161279,,,,,,,,,
,,,,,,,,,,,,,,
,,,,,,,,,,,,,,
,,,,,,,,,,,,,,
2,in,,Linguistic unit,P type,Image ID,Female 2,Male 1,Male 3,,,Freq bin,Conc bin,Syllable,
,,Target,the dog is in the bed,target,23267043,F2_Preposition_sentence_2,,,,,5,1,1,
,,Foil 1,on the bed,foil 1,24813255,,,,,,,,,
,,Foil 2,under the bed,foil 2,42172919,,,,,,,,,
,,Foil 3,by the bed,foil 3,94578602,,,,,,,,,
,,Other,dog,other,17161279,,,,,,,,,
,,Other,bed,other,33724414,,,,,,,,,
,,,,,,,,,,,,,,
,,,,,,,,,,,,,,
,,,,,,,,,,,,,,
3,in,,Linguistic unit,P type,Image ID,Female 2,Male 1,Male 3,,,Freq bin,Conc bin,Syllable,
,,Target,the bird is in the tree,target,92161054,F2_Preposition_sentence_3,,M3_Preposition_sentence_3,,,5,1,1,
,,Foil 1,between the trees,foil 1,659865421,,,,,,,,,
,,Foil 2,on the tree,foil 2,36970893,,,,,,,,,
,,Foil 3,under the tree,foil 3,29762175,,,,,,,,,
,,Other,bird,other,33965083,,,,,,,,,
,,Other,tree,other,69106532,,,,,,,,,
,,,,,,,,,,,,,,
,,,,,,,,,,,,,,
,,,,,,,,,,,,,,
4,in,,Linguistic unit,P type,Image ID,Female 2,Male 1,Male 3,,,Freq bin,Conc bin,Syllable,
,,Target,the man is in the bed,target,52087934,F2_Preposition_sentence_4,,,,,5,1,1,
,,Foil 1,on the bed,foil 1,53507634,,,,,,,,,
,,Foil 2,under the bed,foil 2,51622749,,,,,,,,,
,,Foil 3,by the bed,foil 3,44123146,,,,,,,,,
,,Other,man,other,36971928,,,,,,,,,
,,Other,bed,other,33724414,,,,,,,,,
,,,,,,,,,,,,,,
,,,,,,,,,,,,,,
,,,,,,,,,,,,,,
5,in,,Linguistic unit,P type,Image ID,Female 2,Male 1,Male 3,,,Freq bin,Conc bin,Syllable,
,,Target,the baby is in the blanket,target,228668269,F2_Preposition_sentence_5,,M3_Preposition_sentence_5,,,5,1,1,
,,Foil 1,on the blanket,foil 1,72004771,,,,,,,,,
,,Foil 2,under the blanket,foil 2,37433095,,,,,,,,,
,,Foil 3,x,x,x,,,,,,,,,
,,Other,baby,other,130223957,,,,,,,,,
,,Other,blanket,other,215048935,,,,,,,,,
,,,,,,,,,,,,,,
,,,,,,,,,,,,,,
,,,,,,,,,,,,,,
6,in,,Linguistic unit,P type,Image ID,Female 2,Male 1,Male 3,,,Freq bin,Conc bin,Syllable,
,,Target,the dog is in the box,target,207075325,F2_Preposition_sentence_6,,M3_Preposition_sentence_6,,,5,1,1,
,,Foil 1,by the box,foil 1,275646770,,,,,,,,,
,,Foil 2,on the box,foil 2,152951474,,,,,,,,,
,,Foil 3,x,x,x,,,,,,,,,
,,Other,dog,other,38095165,,,,,,,,,
,,Other,box,other,20645333,,,,,,,,,
,,,,,,,,,,,,,,
,,,,,,,,,,,,,,
,,,,,,,,,,,,,,
7,in,,Linguistic unit,P type,Image ID,Female 2,Male 1,Male 3,,,Freq bin,Conc bin,Syllable,
,,Target,the bird is in the feeder,target,138011693,F2_Preposition_sentence_7,,M3_Preposition_sentence_7,,,5,1,1,
,,Foil 1,by the feeder,foil 1,288763802,,,,,,,,,
,,Foil 2,under the feeder,foil 2,47824540,,,,,,,,,
,,Foil 3,x,foil 3,345908708,,,,,,,,,
,,Other,bird,other,33965083,,,,,,,,,
,,Other,feeder,other,229248175,,,,,,,,,
,,,,,,,,,,,,,,
,,,,,,,,,,,,,,
,,,,,,,,,,,,,,
8,in,,Linguistic unit,P type,Image ID,Female 2,Male 1,Male 3,,,Freq bin,Conc bin,Syllable,
,,Target,the mouse is in the crop,target,88928725,F2_Preposition_sentence_8,,M3_Preposition_sentence_8,,,5,1,1,
,,Foil 1,between the crop,foil 1,286191647,,,,,,,,,
,,Foil 2,under the crop,foil 2,34487284,,,,,,,,,
,,Foil 3,on the crop,foil 3,294080735,,,,,,,,,
,,Other,mouse,other,38857743,,,,,,,,,
,,Other,crop,other,86288593,,,,,,,,,
,,,,,,,,,,,,,,
,,,,,,,,,,,,,,
,,,,,,,,,,,,,,
9,in,,Linguistic unit,P type,Image ID,Female 2,Male 1,Male 3,,,Freq bin,Conc bin,Syllable,
,,Target,the child is in the furniture,target,123163021,F2_Preposition_sentence_9,,M3_Preposition_sentence_9,,,5,1,1,
,,Foil 1,under the furniture,foil 1,310485866,,,,,,,,,
,,Foil 2,above the furniture,foil 2,168286901,,,,,,,,,
,,Foil 3,x,x,x,,,,,,,,,
,,Other,child,other,40214306,,,,,,,,,
,,Other,furniture,other,33723657,,,,,,,,,
,,,,,,,,,,,,,,
,,,,,,,,,,,,,,
,,,,,,,,,,,,,,
10,in,,Linguistic unit,P type,Image ID,Female 2,Male 1,Male 3,,,Freq bin,Conc bin,Syllable,
,,Target,the plane is in the clouds,target,78773065,F2_Preposition_sentence_10,,M3_Preposition_sentence_10,,,5,1,1,
,,Foil 1,under the clouds,foil 1,330795188,,,,,,,,,
,,Foil 2,above the clouds,foil 2,42196282,,,,,,,,,
,,Foil 3,x,x,x,,,,,,,,,
,,Other,plane,other,119845582,,,,,,,,,
,,Other,cloud,other,34993927,,,,,,,,,
,,,,,,,,,,,,,,
,,,,,,,,,,,,,,
,,,,,,,,,,,,,,
11,in,,Linguistic unit,P type,Image ID,Female 2,Male 1,Male 3,,,Freq bin,Conc bin,Syllable,
,,Target,the cat is in the bag,target,12114250,,M1_Preposition_sentence_55,,,,5,1,1,
,,Foil 1,the cat is on the bag,foil 1,203096440,,,,,,,,,
,,Foil 2,the cat is between the bags,foil 2,269070035,,,,,,,,,
,,Foil 3,the cat is beside the bag,foil 3,12114247,,,,,,,,,
,,Other,the cat is above the bag,other,154116686,,,,,,,,,
,,Other,the cat is under the bag,other,138372416,,,,,,,,,
,,,,,,,,,,,,,,
,,,,,,,,,,,,,,
,,,,,,,,,,,,,,
12,in,,Linguistic unit,P type,Image ID,Female 2,Male 1,Male 3,,,Freq bin,Conc bin,Syllable,
,,Target,the cat is in the bowl,target,3313081,,M1_Preposition_sentence_56,,,,5,1,1,
,,Foil 1,the cat is by the bowl,foil 1,3172869,,,,,,,,,
,,Foil 2,the cat is on the bowl,foil 2,260805896,,,,,,,,,
,,Foil 3,the cat is behind the bowl,foil 3,105952298,,,,,,,,,
,,Other,the cats is over the bowl,other,37408315,,,,,,,,,
,,Other,the cat is between the bowls,other,6385728295,,,,,,,,,
,,,,,,,,,,,,,,
,,,,,,,,,,,,,,
,,,,,,,,,,,,,,
1,on,,Linguistic unit,P type,Image ID,Female 2,Male 1,Male 3,,,Freq bin,Conc bin,Syllable,
,,Target,the dog is on the blanket,target,30182797,F2_Preposition_sentence_11,,M3_Preposition_sentence_11,,,5,2,1,
,,Foil 1,in the blanket,foil 1,10203010,,,,,,,,,
,,Foil 2,under the blanket,foil 2,35281393,,,,,,,,,
,,Foil 3,by the blanket,foil 3,69546235,,,,,,,,,
,,Other,blanket,other,30970388,,,,,,,,,
,,Other,dog,other,17161279,,,,,,,,,
,,,,,,,,,,,,,,
,,,,,,,,,,,,,,
,,,,,,,,,,,,,,
2,on,,Linguistic unit,P type,Image ID,Female 2,Male 1,Male 3,,,Freq bin,Conc bin,Syllable,
,,Target,the dog is on the bed,target,24813255,F2_Preposition_sentence_12,,,,,5,2,1,
,,Foil 1,in the bed,foil 1,23267043,,,,,,,,,
,,Foil 2,under the bed,foil 2,42172919,,,,,,,,,
,,Foil 3,by the bed,foil 3,94578602,,,,,,,,,
,,Other,dog,other,17161279,,,,,,,,,
,,Other,bed,other,33724414,,,,,,,,,
,,,,,,,,,,,,,,
,,,,,,,,,,,,,,
,,,,,,,,,,,,,,
3,on,,Linguistic unit,P type,Image ID,Female 2,Male 1,Male 3,,,Freq bin,Conc bin,Syllable,
,,Target,the bird is on the tree,target,36970893,F2_Preposition_sentence_13,,M3_Preposition_sentence_13,,,5,2,1,
,,Foil 1,in the tree,foil 1,92161054,,,,,,,,,
,,Foil 2,between the trees,foil 2,659865421,,,,,,,,,
,,Foil 3,under the tree,foil 3,29762175,,,,,,,,,
,,Other,bird,other,33965083,,,,,,,,,
,,Other,tree,other,69106532,,,,,,,,,
,,,,,,,,,,,,,,
,,,,,,,,,,,,,,
,,,,,,,,,,,,,,
4,on,,Linguistic unit,P type,Image ID,Female 2,Male 1,Male 3,,,Freq bin,Conc bin,Syllable,
,,Target,the cat is on the chair,target,2328749,F2_Preposition_sentence_14,,M3_Preposition_sentence_14,,,5,2,1,
,,Foil 1,under the chair,foil 1,46209588,,,,,,,,,
,,Foil 2,between the chairs,foil 2,69405214,,,,,,,,,
,,Foil 3,by the chair,foil 3,89102154,,,,,,,,,
,,Other,cat,other,16409109,,,,,,,,,
,,Other,chair,other,69784520,,,,,,,,,
,,,,,,,,,,,,,,
,,,,,,,,,,,,,,
,,,,,,,,,,,,,,
5,on,,Linguistic unit,P type,Image ID,Female 2,Male 1,Male 3,,,Freq bin,Conc bin,Syllable,
,,Target,the dog is on the bed,target,24813255,F2_Preposition_sentence_15,,M3_Preposition_sentence_15,,,5,2,1,
,,Foil 1,in the bed,foil 1,52087934,,,,,,,,,
,,Foil 2,under the bed,foil 2,51622749,,,,,,,,,
,,Foil 3,by the bed,foil 3,44123146,,,,,,,,,
,,Other,dog,other,36971928,,,,,,,,,
,,Other,bed,other,33724414,,,,,,,,,
,,,,,,,,,,,,,,
,,,,,,,,,,,,,,
,,,,,,,,,,,,,,
6,on,,Linguistic unit,P type,Image ID,Female 2,Male 1,Male 3,,,Freq bin,Conc bin,Syllable,
,,Target,the baby is on the blanket,target,72004771,F2_Preposition_sentence_16,,M3_Preposition_sentence_16,,,5,2,1,
,,Foil 1,in the blanket,foil 1,228668269,,,,,,,,,
,,Foil 2,under the blanket,foil 2,37433095,,,,,,,,,
,,Foil 3,x,x,x,,,,,,,,,
,,Other,baby,other,130223957,,,,,,,,,
,,Other,blanket,other,215048935,,,,,,,,,
,,,,,,,,,,,,,,
,,,,,,,,,,,,,,
,,,,,,,,,,,,,,
7,on,,Linguistic unit,P type,Image ID,Female 2,Male 1,Male 3,,,Freq bin,Conc bin,Syllable,
,,Target,the dog is on the box,target,152951474,F2_Preposition_sentence_17,,M3_Preposition_sentence_17,,,5,2,1,
,,Foil 1,in the box,foil 1,207075325,,,,,,,,,
,,Foil 2,by the box,foil 2,275646770,,,,,,,,,
,,Foil 3,x,x,x,,,,,,,,,
,,Other,dog,other,38095165,,,,,,,,,
,,Other,box,other,20645333,,,,,,,,,
,,,,,,,,,,,,,,
,,,,,,,,,,,,,,
,,,,,,,,,,,,,,
8,on,,Linguistic unit,P type,Image ID,Female 2,Male 1,Male 3,,,Freq bin,Conc bin,Syllable,
,,Target,the mouse is on the crop,target,294080735,F2_Preposition_sentence_18,,M3_Preposition_sentence_18,,,5,2,1,
,,Foil 1,in the crop,foil 1,88928725,,,,,,,,,
,,Foil 2,between the crop,foil 2,286191647,,,,,,,,,
,,Foil 3,under the crop,foil 3,34487284,,,,,,,,,
,,Other,mouse,other,38857743,,,,,,,,,
,,Other,crop,other,86288593,,,,,,,,,
,,,,,,,,,,,,,,
,,,,,,,,,,,,,,
,,,,,,,,,,,,,,
9,on,,Linguistic unit,P type,Image ID,Female 2,Male 1,Male 3,,,Freq bin,Conc bin,Syllable,
,,Target,the cat is on the books,target,295547183,F2_Preposition_sentence_19,,M3_Preposition_sentence_19,,,5,2,1,
,,Foil 1,between the books,foil 1,315380783,,,,,,,,,
,,Foil 2,by the books,foil 2,294937787,,,,,,,,,
,,Foil 3,behind the books,foil 3,183086432,,,,,,,,,
,,Other,under the books,other,219746533,,,,,,,,,
,,Other,cat,other,16409109,,,,,,,,,
,,,,,,,,,,,,,,
,,,,,,,,,,,,,,
,,,,,,,,,,,,,,
10,on,,Linguistic unit,P type,Image ID,Female 2,Male 1,Male 3,,,Freq bin,Conc bin,Syllable,
,,Target,the cat is on the bag,target,203096440,,M1_Preposition_sentence_60,,,,5,2,1,
,,Foil 1,the cat is between the bags,foil 1,269070035,,,,,,,,,
,,Foil 2,the cat is beside the bag,foil 2,12114247,,,,,,,,,
,,Foil 3,the cat is above the bag,foil 3,154116686,,,,,,,,,
,,Other,the cat is under the bag,other,138372416,,,,,,,,,
,,Other,the cat is in the bag,other,12114250,,,,,,,,,
,,,,,,,,,,,,,,
,,,,,,,,,,,,,,
,,,,,,,,,,,,,,
11,on,,Linguistic unit,P type,Image ID,Female 2,Male 1,Male 3,,,Freq bin,Conc bin,Syllable,
,,Target,the person is on the sofa,target,251250307,,M1_Preposition_sentence_61,,,,5,2,1,
,,Foil 1,the person is above the sofa,foil 1,168286901,,,,,,,,,
,,Foil 2,the person is by the sofa,foil 2,269726894,,,,,,,,,
,,Foil 3,the person is behind the sofa,foil 3,350362565,,,,,,,,,
,,Other,sofa,other,166462706,,,,,,,,,
,,Other,sofa,other,14352447,,,,,,,,,
,,,,,,,,,,,,,,
,,,,,,,,,,,,,,
,,,,,,,,,,,,,,
12,on,,Linguistic unit,P type,Image ID,Female 2,Male 1,Male 3,,,Freq bin,Conc bin,Syllable,
,,Target,the cat is on the dog,target,200514218,,M1_Preposition_sentence_62,,,,5,2,1,
,,Foil 1,the cat is under the dog,foil 1,132126536,,,,,,,,,
,,Foil 2,the cat is beside the dog,foil 2,78196291,,,,,,,,,
,,Foil 3,the cat is between the dogs,foil 3,34195045,,,,,,,,,
,,Other,dogs,other,195612003,,,,,,,,,
,,Other,cats,other,781967421,,,,,,,,,
,,,,,,,,,,,,,,
,,,,,,,,,,,,,,
,,,,,,,,,,,,,,
13,on,,Linguistic unit,P type,Image ID,Female 2,Male 1,Male 3,,,Freq bin,Conc bin,Syllable,
,,Target,the cat is on the bowl,target,260805896,,M1_Preposition_sentence_63,,,,5,2,1,
,,Foil 1,the cat is inside the bowl,foil 1,3313081,,,,,,,,,
,,Foil 2,the cat is by the bowl,foil 2,3172869,,,,,,,,,
,,Foil 3,the cat is behind the bowl,foil 3,105952298,,,,,,,,,
,,Other,the cats is over the bowl,other,37408315,,,,,,,,,
,,Other,the cat is between the bowls,other,6385728295,,,,,,,,,
,,,,,,,,,,,,,,
,,,,,,,,,,,,,,
,,,,,,,,,,,,,,
14,on,,Linguistic unit,P type,Image ID,Female 2,Male 1,Male 3,,,Freq bin,Conc bin,Syllable,
,,Target,the girl is on the dog,target,125585768,,M1_Preposition_sentence_64,,,,5,2,1,
,,Foil 1,the girl is by the dog,foil 1,152951474,,,,,,,,,
,,Foil 2,the girl is behind the dog,foil 2,284147363,,,,,,,,,
,,Foil 3,the girl is under the dog,foil 3,322437035,,,,,,,,,
,,Other,the girl is by the dog,other,242797159,,,,,,,,,
,,Other,the girl is by the dog,other,88335778,,,,,,,,,
,,,,,,,,,,,,,,
,,,,,,,,,,,,,,
,,,,,,,,,,,,,,
1,under,,Linguistic unit,P type,Image ID,Female 2,Male 1,Male 3,,,Freq bin,Conc bin,Syllable,
,,Target,the dog is under the blanket,target,35281393,F2_Preposition_sentence_20,,M3_Preposition_sentence_20,,,5,2,2,
,,Foil 1,on the blanket,foil 1,30182797,,,,,,,,,
,,Foil 2,in the blanket,foil 2,10203010,,,,,,,,,
,,Foil 3,by the blanket,foil 3,69546235,,,,,,,,,
,,Other,blanket,other,30970388,,,,,,,,,
,,Other,dog,other,17161279,,,,,,,,,
,,,,,,,,,,,,,,
,,,,,,,,,,,,,,
,,,,,,,,,,,,,,
2,under,,Linguistic unit,P type,Image ID,Female 2,Male 1,Male 3,,,Freq bin,Conc bin,Syllable,
,,Target,the dog is under the bed,target,42172919,F2_Preposition_sentence_21,,M3_Preposition_sentence_21,,,5,2,2,
,,Foil 1,in the bed,foil 1,23267043,,,,,,,,,
,,Foil 2,on the bed,foil 2,24813255,,,,,,,,,
,,Foil 3,by the bed,foil 3,94578602,,,,,,,,,
,,Other,dog,other,17161279,,,,,,,,,
,,Other,bed,other,33724414,,,,,,,,,
,,,,,,,,,,,,,,
,,,,,,,,,,,,,,
,,,,,,,,,,,,,,
3,under,,Linguistic unit,P type,Image ID,Female 2,Male 1,Male 3,,,Freq bin,Conc bin,Syllable,
,,Target,the bird is under the tree,target,29762175,F2_Preposition_sentence_22,,M3_Preposition_sentence_22,,,5,2,2,
,,Foil 1,on the tree,foil 1,36970893,,,,,,,,,
,,Foil 2,in the tree,foil 2,92161054,,,,,,,,,
,,Foil 3,between the trees,foil 3,659865421,,,,,,,,,
,,Other,bird,other,33965083,,,,,,,,,
,,Other,tree,other,69106532,,,,,,,,,
,,,,,,,,,,,,,,
,,,,,,,,,,,,,,
,,,,,,,,,,,,,,
4,under,,Linguistic unit,P type,Image ID,Female 2,Male 1,Male 3,,,Freq bin,Conc bin,Syllable,
,,Target,the cat is under the chair,target,46209588,F2_Preposition_sentence_23,,M3_Preposition_sentence_23,,,5,2,2,
,,Foil 1,on the chair,foil 1,2328749,,,,,,,,,
,,Foil 2,by the chair,foil 2,89102154,,,,,,,,,
,,Foil 3,between the chairs,foil 3,69405214,,,,,,,,,
,,Other,cat,other,16409109,,,,,,,,,
,,Other,chair,other,69784520,,,,,,,,,
,,,,,,,,,,,,,,
,,,,,,,,,,,,,,
,,,,,,,,,,,,,,
5,under,,Linguistic unit,P type,Image ID,Female 2,Male 1,Male 3,,,Freq bin,Conc bin,Syllable,
,,Target,the dog is under the bed,target,42172919,F2_Preposition_sentence_24,,M3_Preposition_sentence_24,,,5,2,2,
,,Foil 1,in the bed,foil 1,23267043,,,,,,,,,
,,Foil 2,on the bed,foil 2,24813255,,,,,,,,,
,,Foil 3,by the bed,foil 3,94578602,,,,,,,,,
,,Other,dog,other,38095165,,,,,,,,,
,,Other,bed,other,33724414,,,,,,,,,
,,,,,,,,,,,,,,
,,,,,,,,,,,,,,
,,,,,,,,,,,,,,
6,under,,Linguistic unit,P type,Image ID,Female 2,Male 1,Male 3,,,Freq bin,Conc bin,Syllable,
,,Target,the baby is under the blanket,target,37433095,F2_Preposition_sentence_25,,M3_Preposition_sentence_25,,,5,2,2,
,,Foil 1,in the blanket,foil 1,228668269,,,,,,,,,
,,Foil 2,on the blanket,foil 2,72004771,,,,,,,,,
,,Foil 3,x,x,x,,,,,,,,,
,,Other,baby,other,130223957,,,,,,,,,
,,Other,blanket,other,215048935,,,,,,,,,
,,,,,,,,,,,,,,
,,,,,,,,,,,,,,
,,,,,,,,,,,,,,
7,under,,Linguistic unit,P type,Image ID,Female 2,Male 1,Male 3,,,Freq bin,Conc bin,Syllable,
,,Target,the bird is under the feeder,target,47824540,F2_Preposition_sentence_26,,M3_Preposition_sentence_26,,,5,2,2,
,,Foil 1,in the feeder,foil 1,138011693,,,,,,,,,
,,Foil 2,by the feeder,foil 2,288763802,,,,,,,,,
,,Foil 3,x,x,x,,,,,,,,,
,,Other,bird,other,33965083,,,,,,,,,
,,Other,feeder,other,229248175,,,,,,,,,
,,,,,,,,,,,,,,
,,,,,,,,,,,,,,
,,,,,,,,,,,,,,
8,under,,Linguistic unit,P type,Image ID,Female 2,Male 1,Male 3,,,Freq bin,Conc bin,Syllable,
,,Target,the mouse is under the crop,target,34487284,F2_Preposition_sentence_27,,M3_Preposition_sentence_27,,,5,2,2,
,,Foil 1,in the crop,foil 1,88928725,,,,,,,,,
,,Foil 2,between the crop,foil 2,286191647,,,,,,,,,
,,Foil 3,on the crop,foil 3,294080735,,,,,,,,,
,,Other,mouse,other,38857743,,,,,,,,,
,,Other,crop,other,86288593,,,,,,,,,
,,,,,,,,,,,,,,
,,,,,,,,,,,,,,
,,,,,,,,,,,,,,
9,under,,Linguistic unit,P type,Image ID,Female 2,Male 1,Male 3,,,Freq bin,Conc bin,Syllable,
,,Target,the child is under the furniture,target,310485866,F2_Preposition_sentence_28,,M3_Preposition_sentence_28,,,5,2,2,
,,Foil 1,in the furniture,foil 1,123163021,,,,,,,,,
,,Foil 2,above the furniture,foil 2,168286901,,,,,,,,,
,,Foil 3,x,x,x,,,,,,,,,
,,Other,child,other,40214306,,,,,,,,,
,,Other,furniture,other,33723657,,,,,,,,,
,,,,,,,,,,,,,,
,,,,,,,,,,,,,,
,,,,,,,,,,,,,,
10,under,,Linguistic unit,P type,Image ID,Female 2,Male 1,Male 3,,,Freq bin,Conc bin,Syllable,
,,Target,the plane is under the clouds,target,330795188,F2_Preposition_sentence_29,,M3_Preposition_sentence_29,,,5,2,2,
,,Foil 1,in the clouds,foil 1,78773065,,,,,,,,,
,,Foil 2,above the clouds,foil 2,42196282,,,,,,,,,
,,Foil 3,x,x,x,,,,,,,,,
,,Other,plane,other,119845582,,,,,,,,,
,,Other,cloud,other,34993927,,,,,,,,,
,,,,,,,,,,,,,,
,,,,,,,,,,,,,,
,,,,,,,,,,,,,,
11,under,,Linguistic unit,P type,Image ID,Female 2,Male 1,Male 3,,,Freq bin,Conc bin,Syllable,
,,Target,the dolphin is under the water,target,203027560,F2_Preposition_sentence_30,,M3_Preposition_sentence_30,,,5,2,2,
,,Foil 1,by the water,foil 1,201146726,,,,,,,,,
,,Foil 2,over the water,foil 2,252402220,,,,,,,,,
,,Foil 3,x,x,x,,,,,,,,,
,,Other,ocean,other,341825012,,,,,,,,,
,,Other,x,x,x,,,,,,,,,
,,,,,,,,,,,,,,
,,,,,,,,,,,,,,
,,,,,,,,,,,,,,
12,under,,Linguistic unit,P type,Image ID,Female 2,Male 1,Male 3,,,Freq bin,Conc bin,Syllable,
,,Target,the cat is under the books,target,219746533,F2_Preposition_sentence_31,,M3_Preposition_sentence_31,,,5,2,2,
,,Foil 1,by the books,foil 1,294937787,,,,,,,,,
,,Foil 2,on the books,foil 2,295547183,,,,,,,,,
,,Foil 3,between the books,foil 3,315380783,,,,,,,,,
,,Other,behind the books,other,183086432,,,,,,,,,
,,Other,cat,other,16409109,,,,,,,,,
,,,,,,,,,,,,,,
,,,,,,,,,,,,,,
,,,,,,,,,,,,,,
13,under,,Linguistic unit,P type,Image ID,Female 2,Male 1,Male 3,,,Freq bin,Conc bin,Syllable,
,,Target,the cat is under the bag,target,138372416,,M1_Preposition_sentence_65,,,,5,2,2,
,,Foil 1,the cat is on the bag,foil 1,203096440,,,,,,,,,
,,Foil 2,the cat is between the bags,foil 2,269070035,,,,,,,,,
,,Foil 3,the cat is beside the bag,foil 3,12114247,,,,,,,,,
,,Other,the cat is above the bag,other,154116686,,,,,,,,,
,,Other,the cat is in the bag,other,12114250,,,,,,,,,
,,,,,,,,,,,,,,
,,,,,,,,,,,,,,
,,,,,,,,,,,,,,
14,under,,Linguistic unit,P type,Image ID,Female 2,Male 1,Male 3,,,Freq bin,Conc bin,Syllable,
,,Target,the cat is under the dog,target,132126536,,M1_Preposition_sentence_66,,,,5,2,2,
,,Foil 1,the cat is on the dog,foil 1,200514218,,,,,,,,,
,,Foil 2,the cat is beside the dog,foil 2,78196291,,,,,,,,,
,,Foil 3,the cat is between the dogs,foil 3,34195045,,,,,,,,,
,,Other,dogs,other,195612003,,,,,,,,,
,,Other,cats,other,781967421,,,,,,,,,
,,,,,,,,,,,,,,
,,,,,,,,,,,,,,
,,,,,,,,,,,,,,
15,under,,Linguistic unit,P type,Image ID,Female 2,Male 1,Male 3,,,Freq bin,Conc bin,Syllable,
,,Target,the girl is under the dog,target,322437035,,M1_Preposition_sentence_67,,,,5,2,2,
,,Foil 1,the girl is on the dog,foil 1,125585768,,,,,,,,,
,,Foil 2,the girl is by the dog,foil 2,152951474,,,,,,,,,
,,Foil 3,the girl is behind the dog,foil 3,284147363,,,,,,,,,
,,Other,the girl is by the dog,other,242797159,,,,,,,,,
,,Other,the girl is by the dog,other,88335778,,,,,,,,,
,,,,,,,,,,,,,,
,,,,,,,,,,,,,,
,,,,,,,,,,,,,,
1,between,,Linguistic unit,P type,Image ID,Female 2,Male 1,Male 3,,,Freq bin,Conc bin,Syllable,
,,Target,the cat is between the chairs,target,69405214,F2_Preposition_sentence_32,,M3_Preposition_sentence_32,,,5,1,2,
,,Foil 1,on the chair,foil 1,2328749,,,,,,,,,
,,Foil 2,under the chair,foil 2,46209588,,,,,,,,,
,,Foil 3,by the chair,foil 3,89102154,,,,,,,,,
,,Other,cat,other,16409109,,,,,,,,,
,,Other,chair,other,69784520,,,,,,,,,
,,,,,,,,,,,,,,
,,,,,,,,,,,,,,
,,,,,,,,,,,,,,
2,between,,Linguistic unit,P type,Image ID,Female 2,Male 1,Male 3,,,Freq bin,Conc bin,Syllable,
,,Target,the bird is between the trees,target,659865421,F2_Preposition_sentence_33,,M3_Preposition_sentence_33,,,5,1,2,
,,Foil 1,in the tree,foil 1,92161054,,,,,,,,,
,,Foil 2,on the tree,foil 2,36970893,,,,,,,,,
,,Foil 3,under the tree,foil 3,29762175,,,,,,,,,
,,Other,bird,other,33965083,,,,,,,,,
,,Other,tree,other,69106532,,,,,,,,,
,,,,,,,,,,,,,,
,,,,,,,,,,,,,,
,,,,,,,,,,,,,,
3,between,,Linguistic unit,P type,Image ID,Female 2,Male 1,Male 3,,,Freq bin,Conc bin,Syllable,
,,Target,the mouse is between the crop,target,286191647,F2_Preposition_sentence_34,,M3_Preposition_sentence_34,,,5,1,2,
,,Foil 1,in the crop,foil 1,88928725,,,,,,,,,
,,Foil 2,under the crop,foil 2,34487284,,,,,,,,,
,,Foil 3,on the crop,foil 3,294080735,,,,,,,,,
,,Other,mouse,other,38857743,,,,,,,,,
,,Other,crop,other,86288593,,,,,,,,,
,,,,,,,,,,,,,,
,,,,,,,,,,,,,,
,,,,,,,,,,,,,,
4,between,,Linguistic unit,P type,Image ID,Female 2,Male 1,Male 3,,,Freq bin,Conc bin,Syllable,
,,Target,the cat is between the books,target,315380783,F2_Preposition_sentence_35,,M3_Preposition_sentence_35,,,5,1,2,
,,Foil 1,on the books,foil 1,295547183,,,,,,,,,
,,Foil 2,by the books,foil 2,294937787,,,,,,,,,
,,Foil 3,behind the books,foil 3,183086432,,,,,,,,,
,,Other,under the books,other,219746533,,,,,,,,,
,,Other,cat,other,16409109,,,,,,,,,
,,,,,,,,,,,,,,
,,,,,,,,,,,,,,
,,,,,,,,,,,,,,
5,between,,Linguistic unit,P type,Image ID,Female 2,Male 1,Male 3,,,Freq bin,Conc bin,Syllable,
,,Target,the cat is between the bags,target,269070035,,M1_Preposition_sentence_68,,,,5,1,2,
,,Foil 1,the cat is beside the bag,foil 1,12114247,,,,,,,,,
,,Foil 2,the cat is above the bag,foil 2,154116686,,,,,,,,,
,,Foil 3,the cat is in the bag,foil 3,12114250,,,,,,,,,
,,Other,the cat is under the bag,other,138372416,,,,,,,,,
,,Other,the cat is on the bag,other,203096440,,,,,,,,,
,,,,,,,,,,,,,,
,,,,,,,,,,,,,,
,,,,,,,,,,,,,,
6,between,,Linguistic unit,P type,Image ID,Female 2,Male 1,Male 3,,,Freq bin,Conc bin,Syllable,
,,Target,the cat is between the dogs,target,34195045,,M1_Preposition_sentence_69,,,,5,1,2,
,,Foil 1,the cat is under the dog,foil 1,132126536,,,,,,,,,
,,Foil 2,the cat is on the dog,foil 2,200514218,,,,,,,,,
,,Foil 3,the cat is beside the dog,foil 3,78196291,,,,,,,,,
,,Other,dogs,other,195612003,,,,,,,,,
,,Other,cats,other,781967421,,,,,,,,,
,,,,,,,,,,,,,,
,,,,,,,,,,,,,,
,,,,,,,,,,,,,,
7,between,,Linguistic unit,P type,Image ID,Female 2,Male 1,Male 3,,,Freq bin,Conc bin,Syllable,
,,Target,the cat is between the bowls,target,6385728295,,M1_Preposition_sentence_70,,,,5,1,2,
,,Foil 1,the cat is in the bowl,foil 1,3313081,,,,,,,,,
,,Foil 2,the cat is by the bowl,foil 2,3172869,,,,,,,,,
,,Foil 3,the cat is on the bowl,foil 3,260805896,,,,,,,,,
,,Other,the cat is behind the bowl,other,105952298,,,,,,,,,
,,Other,the cats is over the bowl,other,37408315,,,,,,,,,
,,,,,,,,,,,,,,
,,,,,,,,,,,,,,
,,,,,,,,,,,,,,
8,between,,Linguistic unit,P type,Image ID,Female 2,Male 1,Male 3,,,Freq bin,Conc bin,Syllable,
,,Target,the dog is between the girls,target,25118204,,M1_Preposition_sentence_71,,,,5,1,2,
,,Foil 1,the dog is above the girl,foil 1,322437035,,,,,,,,,
,,Foil 2,the dog is under the girl,foil 2,125585768,,,,,,,,,
,,Foil 3,the dog is beside the girl,foil 3,152951474,,,,,,,,,
,,Other,the dog is in front of the girl,other,284147363,,,,,,,,,
,,Other,the dog is by the girl,other,88335778,,,,,,,,,
,,,,,,,,,,,,,,
,,,,,,,,,,,,,,
,,,,,,,,,,,,,,
1,by,,Linguistic unit,P type,Image ID,Female 2,Male 1,Male 3,,,Freq bin,Conc bin,Syllable,
,,Target,the dog is by the blanket,target,69546235,F2_Preposition_sentence_36,,M3_Preposition_sentence_36,,,5,1,1,
,,Foil 1,under the blanket,foil 1,35281393,,,,,,,,,
,,Foil 2,on the blanket,foil 2,30182797,,,,,,,,,
,,Foil 3,in the blanket,foil 3,10203010,,,,,,,,,
,,Other,blanket,other,30970388,,,,,,,,,
,,Other,dog,other,17161279,,,,,,,,,
,,,,,,,,,,,,,,
,,,,,,,,,,,,,,
,,,,,,,,,,,,,,
2,by,,Linguistic unit,P type,Image ID,Female 2,Male 1,Male 3,,,Freq bin,Conc bin,Syllable,
,,Target,the dog is by the bed,target,94578602,F2_Preposition_sentence_37,,M3_Preposition_sentence_37,,,5,1,1,
,,Foil 1,under the bed,foil 1,42172919,,,,,,,,,
,,Foil 2,in the bed,foil 2,23267043,,,,,,,,,
,,Foil 3,on the bed,foil 3,24813255,,,,,,,,,
,,Other,dog,other,17161279,,,,,,,,,
,,Other,bed,other,33724414,,,,,,,,,
,,,,,,,,,,,,,,
,,,,,,,,,,,,,,
,,,,,,,,,,,,,,
3,by,,Linguistic unit,P type,Image ID,Female 2,Male 1,Male 3,,,Freq bin,Conc bin,Syllable,
,,Target,the cat is by the chair,target,89102154,F2_Preposition_sentence_38,,M3_Preposition_sentence_38,,,5,1,1,
,,Foil 1,between the chairs,foil 1,69405214,,,,,,,,,
,,Foil 2,on the chair,foil 2,2328749,,,,,,,,,
,,Foil 3,under the chair,foil 3,46209588,,,,,,,,,
,,Other,cat,other,16409109,,,,,,,,,
,,Other,chair,other,69784520,,,,,,,,,
,,,,,,,,,,,,,,
,,,,,,,,,,,,,,
,,,,,,,,,,,,,,
5,by,,Linguistic unit,P type,Image ID,Female 2,Male 1,Male 3,,,Freq bin,Conc bin,Syllable,
,,Target,the man is by the bed,target,51622749,F2_Preposition_sentence_40,,,,,5,1,1,
,,Foil 1,the man is above the bed,foil 1,44123146,,,,,,,,,
,,Foil 2,the man is in the bed,foil 2,52087934,,,,,,,,,
,,Foil 3,the man is on the bed,foil 3,53507634,,,,,,,,,
,,Other,man,other,30175942,,,,,,,,,
,,Other,bed,other,33724414,,,,,,,,,
,,,,,,,,,,,,,,
,,,,,,,,,,,,,,
,,,,,,,,,,,,,,
6,by,,Linguistic unit,P type,Image ID,Female 2,Male 1,Male 3,,,Freq bin,Conc bin,Syllable,
,,Target,the dog is by the box,target,275646770,F2_Preposition_sentence_41,,M3_Preposition_sentence_41,,,5,1,1,
,,Foil 1,in the box,foil 1,207075325,,,,,,,,,
,,Foil 2,on the box,foil 2,152951474,,,,,,,,,
,,Foil 3,x,x,x,,,,,,,,,
,,Other,dog,other,38095165,,,,,,,,,
,,Other,box,other,20645333,,,,,,,,,
,,,,,,,,,,,,,,
,,,,,,,,,,,,,,
,,,,,,,,,,,,,,
7,by,,Linguistic unit,P type,Image ID,Female 2,Male 1,Male 3,,,Freq bin,Conc bin,Syllable,
,,Target,the bird is by the feeder,target,288763802,F2_Preposition_sentence_42,,M3_Preposition_sentence_42,,,5,1,1,
,,Foil 1,in the feeder,foil 1,138011693,,,,,,,,,
,,Foil 2,under the feeder,foil 2,345908708,,,,,,,,,
,,Foil 3,x,x,x,,,,,,,,,
,,Other,bird,other,33965083,,,,,,,,,
,,Other,feeder,other,229248175,,,,,,,,,
,,,,,,,,,,,,,,
,,,,,,,,,,,,,,
,,,,,,,,,,,,,,
8,by,,Linguistic unit,P type,Image ID,Female 2,Male 1,Male 3,,,Freq bin,Conc bin,Syllable,
,,Target,the dolphin is by water,target,201146726,F2_Preposition_sentence_43,,M3_Preposition_sentence_43,,,5,1,1,
,,Foil 1,over the water,foil 1,252402220,,,,,,,,,
,,Foil 2,under the water,foil 2,203027560,,,,,,,,,
,,Foil 3,x,x,x,,,,,,,,,
,,Other,x,x,x,,,,,,,,,
,,Other,ocean,other,341825012,,,,,,,,,
,,,,,,,,,,,,,,
,,,,,,,,,,,,,,
,,,,,,,,,,,,,,
9,by,,Linguistic unit,P type,Image ID,Female 2,Male 1,Male 3,,,Freq bin,Conc bin,Syllable,
,,Target,the cat is by the books,target,294937787,F2_Preposition_sentence_44,,M3_Preposition_sentence_44,,,5,1,1,
,,Foil 1,on the books,foil 1,295547183,,,,,,,,,
,,Foil 2,between the books,foil 2,315380783,,,,,,,,,
,,Foil 3,behind the books,foil 3,183086432,,,,,,,,,
,,Other,under the books,other,219746533,,,,,,,,,
,,Other,cat,other,16409109,,,,,,,,,
,,,,,,,,,,,,,,
,,,,,,,,,,,,,,
,,,,,,,,,,,,,,
10,by,,Linguistic unit,P type,Image ID,Female 2,Male 1,Male 3,,,Freq bin,Conc bin,Syllable,
,,Target,the cat is by the bag,target,12114247,,M1_Preposition_sentence_72,,,,5,1,1,
,,Foil 1,the cat is above the bag,foil 1,154116686,,,,,,,,,
,,Foil 2,the cat is in the bag,foil 2,12114250,,,,,,,,,
,,Foil 3,the cat is under the bag,foil 3,138372416,,,,,,,,,
,,Other,the cat is on the bag,other,203096440,,,,,,,,,
,,Other,the cat is between the bags,other,269070035,,,,,,,,,
,,,,,,,,,,,,,,
,,,,,,,,,,,,,,
,,,,,,,,,,,,,,
11,by,,Linguistic unit,P type,Image ID,Female 2,Male 1,Male 3,,,Freq bin,Conc bin,Syllable,
,,Target,the person is by the sofa,target,269726894,,M1_Preposition_sentence_73,,,,5,1,1,
,,Foil 1,the person is behind the sofa,foil 1,350362565,,,,,,,,,
,,Foil 2,the person is above the sofa,foil 2,168286901,,,,,,,,,
,,Foil 3,the person is on the sofa,foil 3,251250307,,,,,,,,,
,,Other,sofa,other,166462706,,,,,,,,,
,,Other,sofa,other,14352447,,,,,,,,,
,,,,,,,,,,,,,,
,,,,,,,,,,,,,,
,,,,,,,,,,,,,,
12,by,,Linguistic unit,P type,Image ID,Female 2,Male 1,Male 3,,,Freq bin,Conc bin,Syllable,
,,Target,the cat is by the dog,target,78196291,,M1_Preposition_sentence_74,,,,5,1,1,
,,Foil 1,the cat is between the dogs,foil 1,34195045,,,,,,,,,
,,Foil 2,the cat is under the dog,foil 2,132126536,,,,,,,,,
,,Foil 3,the cat is on the dog,foil 3,200514218,,,,,,,,,
,,Other,dogs,other,195612003,,,,,,,,,
,,Other,cats,other,781967421,,,,,,,,,
,,,,,,,,,,,,,,
,,,,,,,,,,,,,,
,,,,,,,,,,,,,,
13,by,,Linguistic unit,P type,Image ID,Female 2,Male 1,Male 3,,,Freq bin,Conc bin,Syllable,
,,Target,the cat is by the bowl,target,3172869,,M1_Preposition_sentence_75,,,,5,1,1,
,,Foil 1,the cat is inside the bowl,foil 1,3313081,,,,,,,,,
,,Foil 2,the cat is on the bowl,foil 2,260805896,,,,,,,,,
,,Foil 3,the cat is behind the bowl,foil 3,105952298,,,,,,,,,
,,Other,the cats is over the bowl,other,37408315,,,,,,,,,
,,Other,the cat is between the bowls,other,6385728295,,,,,,,,,
,,,,,,,,,,,,,,
,,,,,,,,,,,,,,
,,,,,,,,,,,,,,
14,by,,Linguistic unit,P type,Image ID,Female 2,Male 1,Male 3,,,Freq bin,Conc bin,Syllable,
,,Target,the girl is by the dog,target,88335778,,M1_Preposition_sentence_76,,,,5,1,1,
,,Foil 1,the girl is under the dog,foil 1,322437035,,,,,,,,,
,,Foil 2,the girl is on the dog,foil 2,125585768,,,,,,,,,
,,Foil 3,the girl is behind the dog,foil 3,284147363,,,,,,,,,
,,Other,the dog is between the girls,other,25118204,,,,,,,,,
,,Other,x,x,x,,,,,,,,,
,,,,,,,,,,,,,,
,,,,,,,,,,,,,,
,,,,,,,,,,,,,,
1,below,,Linguistic unit,P type,Image ID,Female 2,Male 1,Male 3,,,Freq bin,Conc bin,Syllable,
,,Target,the bird is below the tree,target,29762175,F2_Preposition_sentence_45,,M3_Preposition_sentence_45,,,4,2,2,
,,Foil 1,above the tree,foil 1,48414316,,,,,,,,,
,,Foil 2,in the tree,foil 2,92161054,,,,,,,,,
,,Foil 3,bird,foil 3,33965083,,,,,,,,,
,,Other,tree,other,34873670,,,,,,,,,
,,Other,x,x,x,,,,,,,,,
,,,,,,,,,,,,,,
,,,,,,,,,,,,,,
,,,,,,,,,,,,,,
2,below,,Linguistic unit,P type,Image ID,Female 2,Male 1,Male 3,,,Freq bin,Conc bin,Syllable,
,,Target,the dog is below the bed,target,42172919,F2_Preposition_sentence_46,,M3_Preposition_sentence_46,,,4,2,2,
,,Foil 1,on the bed,foil 1,24813255,,,,,,,,,
,,Foil 2,in the bed,foil 2,23267043,,,,,,,,,
,,Foil 3,by the bed,foil 3,94578602,,,,,,,,,
,,Other,dog,other,17161279,,,,,,,,,
,,Other,bed,other,33724414,,,,,,,,,
,,,,,,,,,,,,,,
,,,,,,,,,,,,,,
,,,,,,,,,,,,,,
3,below,,Linguistic unit,P type,Image ID,Female 2,Male 1,Male 3,,,Freq bin,Conc bin,Syllable,
,,Target,the dog is below the blanket,target,35281393,F2_Preposition_sentence_47,,M3_Preposition_sentence_47,,,4,2,2,
,,Foil 1,by the blanket,foil 1,69546235,,,,,,,,,
,,Foil 2,in the blanket,foil 2,10203010,,,,,,,,,
,,Foil 3,on the blanket,foil 3,30182797,,,,,,,,,
,,Other,blanket,other,30970388,,,,,,,,,
,,Other,dog,other,17161279,,,,,,,,,
,,,,,,,,,,,,,,
,,,,,,,,,,,,,,
,,,,,,,,,,,,,,
4,below,,Linguistic unit,P type,Image ID,Female 2,Male 1,Male 3,,,Freq bin,Conc bin,Syllable,
,,Target,the dog is below the bed,target,42172919,F2_Preposition_sentence_48,,,,,4,2,2,
,,Foil 1,on the bed,foil 1,24813255,,,,,,,,,
,,Foil 2,in the bed,foil 2,23267043,,,,,,,,,
,,Foil 3,by the bed,foil 3,94578602,,,,,,,,,
,,Other,dog,other,38095165,,,,,,,,,
,,Other,bed,other,33724414,,,,,,,,,
,,,,,,,,,,,,,,
,,,,,,,,,,,,,,
,,,,,,,,,,,,,,
5,below,,Linguistic unit,P type,Image ID,Female 2,Male 1,Male 3,,,Freq bin,Conc bin,Syllable,
,,Target,the cat is below the bag,target,138372416,,M1_Preposition_sentence_91,,,,4,2,2,
,,Foil 1,the cat is on the bag,foil 1,203096440,,,,,,,,,
,,Foil 2,the cat is between the bags,foil 2,269070035,,,,,,,,,
,,Foil 3,the cat is by the bag,foil 3,12114247,,,,,,,,,
,,Other,the cat is above the bag,other,154116686,,,,,,,,,
,,Other,the cat is in the bag,other,12114250,,,,,,,,,
,,,,,,,,,,,,,,
,,,,,,,,,,,,,,
,,,,,,,,,,,,,,
1,above,,Linguistic unit,P type,Image ID,Female 2,Male 1,Male 3,,,Freq bin,Conc bin,Syllable,
,,Target,the bird is above the tree,target,48414316,F2_Preposition_sentence_49,,M3_Preposition_sentence_49,,,4,2,2,
,,Foil 1,below the tree,foil 1,29762175,,,,,,,,,
,,Foil 2,in the tree,foil 2,92161054,,,,,,,,,
,,Foil 3,bird,foil 3,33965083,,,,,,,,,
,,Other,tree,other,34873670,,,,,,,,,
,,Other,x,x,x,,,,,,,,,
,,,,,,,,,,,,,,
,,,,,,,,,,,,,,
,,,,,,,,,,,,,,
2,above,,Linguistic unit,P type,Image ID,Female 2,Male 1,Male 3,,,Freq bin,Conc bin,Syllable,
,,Target,the child is above the furniture,target,168286901,F2_Preposition_sentence_50,,M3_Preposition_sentence_50,,,4,2,2,
,,Foil 1,in the furniture,foil 1,123163021,,,,,,,,,
,,Foil 2,under the furniture,foil 2,310485866,,,,,,,,,
,,Foil 3,x,x,x,,,,,,,,,
,,Other,child,other,40214306,,,,,,,,,
,,Other,furniture,other,33723657,,,,,,,,,
,,,,,,,,,,,,,,
,,,,,,,,,,,,,,
,,,,,,,,,,,,,,
3,above,,Linguistic unit,P type,Image ID,Female 2,Male 1,Male 3,,,Freq bin,Conc bin,Syllable,
,,Target,the plane is above the clouds,target,42196282,F2_Preposition_sentence_51,,M3_Preposition_sentence_51,,,4,2,2,
,,Foil 1,in the clouds,foil 1,78773065,,,,,,,,,
,,Foil 2,under the clouds,foil 2,330795188,,,,,,,,,
,,Foil 3,x,x,x,,,,,,,,,
,,Other,plane,other,119845582,,,,,,,,,
,,Other,cloud,other,34993927,,,,,,,,,
,,,,,,,,,,,,,,
,,,,,,,,,,,,,,
,,,,,,,,,,,,,,
4,above,,Linguistic unit,P type,Image ID,Female 2,Male 1,Male 3,,,Freq bin,Conc bin,Syllable,
,,Target,the cat is above the bag,target,154116686,,M1_Preposition_sentence_132,,,,4,2,2,
,,Foil 1,the cat is below the bag,foil 1,138372416,,,,,,,,,
,,Foil 2,the cat is behind the bag,foil 2,274765685,,,,,,,,,
,,Foil 3,the cat is between the bags,foil 3,269070035,,,,,,,,,
,,Other,the cat is by the bag,other,12114247,,,,,,,,,
,,Other,the cat is in the bag,other,12114250,,,,,,,,,
,,,,,,,,,,,,,,
,,,,,,,,,,,,,,
,,,,,,,,,,,,,,
5,above,,Linguistic unit,P type,Image ID,Female 2,Male 1,Male 3,,,Freq bin,Conc bin,Syllable,
,,Target,the person is above the sofa,target,168286901,,M1_Preposition_sentence_133,,,,4,2,2,
,,Foil 1,the person is by the sofa,foil 1,269726894,,,,,,,,,
,,Foil 2,the person is behind the sofa,foil 2,350362565,,,,,,,,,
,,Foil 3,the person is on the sofa,foil 3,251250307,,,,,,,,,
,,Other,sofa,other,166462706,,,,,,,,,
,,Other,sofa,other,14352447,,,,,,,,,
,,,,,,,,,,,,,,
,,,,,,,,,,,,,,
,,,,,,,,,,,,,,
6,above,,,P type,Image ID,Female 2,Male 1,Male 3,,,Freq bin,Conc bin,Syllable,
,,Target,the dog is above the cat,target,132126536,,M1_Preposition_sentence_134,,,,4,2,2,
,,Foil 1,the dog is by the cat,foil 1,78196291,,,,,,,,,
,,Foil 2,the dog is between the cats,foil 2,79561202,,,,,,,,,
,,Foil 3,the dog is under the cat,foil 3,200514218,,,,,,,,,
,,Other,dogs,other,195612003,,,,,,,,,
,,Other,cats,other,781967421,,,,,,,,,
,,,,,,,,,,,,,,
,,,,,,,,,,,,,,
,,,,,,,,,,,,,,
7,above,,Linguistic unit,P type,Image ID,Female 2,Male 1,Male 3,,,Freq bin,Conc bin,Syllable,
,,Target,the cats is above the bowl,target,37408315,,M1_Preposition_sentence_135,,,,4,2,2,
,,Foil 1,the cat is beside the bowl,foil 1,3172869,,,,,,,,,
,,Foil 2,the cat is inside the bowl,foil 2,3313081,,,,,,,,,
,,Foil 3,the cat is on the bowl,foil 3,260805896,,,,,,,,,
,,Other,the cat is behind the bowl,other,105952298,,,,,,,,,
,,Other,the cat is between the bowls,other,6385728295,,,,,,,,,
,,,,,,,,,,,,,,
,,,,,,,,,,,,,,
,,,,,,,,,,,,,,
8,above,,Linguistic unit,P type,Image ID,Female 2,Male 1,Male 3,,,Freq bin,Conc bin,Syllable,
,,Target,the dog is above the girl,target,322437035,,M1_Preposition_sentence_136,,,,4,2,2,
,,Foil 1,the dog is between the girls,foil 1,25118204,,,,,,,,,
,,Foil 2,the dog is under the girl,foil 2,125585768,,,,,,,,,
,,Foil 3,the dog is beside the girl,foil 3,152951474,,,,,,,,,
,,Other,the dog is in front of the girl,other,284147363,,,,,,,,,
,,Other,the dog is by the girl,other,88335778,,,,,,,,,
,,,,,,,,,,,,,,
,,,,,,,,,,,,,,
,,,,,,,,,,,,,,
1,over,,Linguistic unit,P type,Image ID,Female 2,Male 1,Male 3,,,Freq bin,Conc bin,Syllable,
,,Target,the man is over the bed,target,44123146,F2_Preposition_sentence_52,,M3_Preposition_sentence_52,,,5,1,2,
,,Foil 1,on the bed,foil 1,53507634,,,,,,,,,
,,Foil 2,in the bed,foil 2,52087934,,,,,,,,,
,,Foil 3,by the bed,foil 3,51622749,,,,,,,,,
,,Other,man,other,36971928,,,,,,,,,
,,Other,bed,other,33724414,,,,,,,,,
,,,,,,,,,,,,,,
,,,,,,,,,,,,,,
,,,,,,,,,,,,,,
2,over,,Linguistic unit,P type,Image ID,Female 2,Male 1,Male 3,,,Freq bin,Conc bin,Syllable,
,,Target,the dolphin is over the water,target,252402220,F2_Preposition_sentence_53,,M3_Preposition_sentence_53,,,5,1,2,
,,Foil 1,by water,foil 1,201146726,,,,,,,,,
,,Foil 2,under water,foil 2,203027560,,,,,,,,,
,,Foil 3,x,x,x,,,,,,,,,
,,Other,x,x,x,,,,,,,,,
,,Other,ocean,other,341825012,,,,,,,,,
,,,,,,,,,,,,,,
,,,,,,,,,,,,,,
,,,,,,,,,,,,,,
3,over,,Linguistic unit,P type,Image ID,Female 2,Male 1,Male 3,,,Freq bin,Conc bin,Syllable,
,,Target,the cat is over the bag,target,154116686,,M1_Preposition_sentence_137,,,,5,1,2,
,,Foil 1,the cat is below the bag,foil 1,138372416,,,,,,,,,
,,Foil 2,the cat is behind the bag,foil 2,274765685,,,,,,,,,
,,Foil 3,the cat is between the bags,foil 3,269070035,,,,,,,,,
,,Other,the cat is by the bag,other,12114247,,,,,,,,,
,,Other,the cat is in the bag,other,12114250,,,,,,,,,
,,,,,,,,,,,,,,
,,,,,,,,,,,,,,
,,,,,,,,,,,,,,
4,over,,Linguistic unit,P type,Image ID,Female 2,Male 1,Male 3,,,Freq bin,Conc bin,Syllable,
,,Target,the plane is over the clouds,target,42196282,,M1_Preposition_sentence_138,,,,5,1,2,
,,Foil 1,in the clouds,foil 1,78773065,,,,,,,,,
,,Foil 2,under the clouds,foil 2,330795188,,,,,,,,,
,,Foil 3,x,x,x,,,,,,,,,
,,Other,plane,other,119845582,,,,,,,,,
,,Other,cloud,other,34993927,,,,,,,,,
,,,,,,,,,,,,,,
,,,,,,,,,,,,,,
,,,,,,,,,,,,,,
5,over,,Linguistic unit,P type,Image ID,Female 2,Male 1,Male 3,,,Freq bin,Conc bin,Syllable,
,,Target,the bird is over the tree,target,48414316,,M1_Preposition_sentence_139,,,,5,1,2,
,,Foil 1,below the tree,foil 1,29762175,,,,,,,,,
,,Foil 2,in the tree,foil 2,92161054,,,,,,,,,
,,Foil 3,bird,foil 3,33965083,,,,,,,,,
,,Other,tree,other,34873670,,,,,,,,,
,,Other,x,x,x,,,,,,,,,
,,,,,,,,,,,,,,
,,,,,,,,,,,,,,
,,,,,,,,,,,,,,
6,over,,Linguistic unit,P type,Image ID,Female 2,Male 1,Male 3,,,Freq bin,Conc bin,Syllable,
,,Target,the child is over the furniture,target,168286901,,M1_Preposition_sentence_140,,,,5,1,2,
,,Foil 1,in the furniture,foil 1,123163021,,,,,,,,,
,,Foil 2,under the furniture,foil 2,310485866,,,,,,,,,
,,Foil 3,x,x,x,,,,,,,,,
,,Other,child,other,40214306,,,,,,,,,
,,Other,furniture,other,33723657,,,,,,,,,
,,,,,,,,,,,,,,
,,,,,,,,,,,,,,
,,,,,,,,,,,,,,
7,over,,Linguistic unit,P type,Image ID,Female 2,Male 1,Male 3,,,Freq bin,Conc bin,Syllable,
,,Target,the person is over the sofa,target,168286901,,M1_Preposition_sentence_141,,,,5,1,2,
,,Foil 1,the person is by the sofa,foil 1,269726894,,,,,,,,,
,,Foil 2,the person is behind the sofa,foil 2,350362565,,,,,,,,,
,,Foil 3,the person is on the sofa,foil 3,251250307,,,,,,,,,
,,Other,sofa,other,166462706,,,,,,,,,
,,Other,sofa,other,14352447,,,,,,,,,
,,,,,,,,,,,,,,
,,,,,,,,,,,,,,
,,,,,,,,,,,,,,
8,over,,Linguistic unit,P type,Image ID,Female 2,Male 1,Male 3,,,Freq bin,Conc bin,Syllable,
,,Target,the dog is over the cat,target,132126536,,M1_Preposition_sentence_142,,,,5,1,2,
,,Foil 1,the dog is by the cat,foil 1,78196291,,,,,,,,,
,,Foil 2,the dog is between the cats,foil 2,79561202,,,,,,,,,
,,Foil 3,the dog is under the cat,foil 3,200514218,,,,,,,,,
,,Other,dogs,other,195612003,,,,,,,,,
,,Other,cats,other,781967421,,,,,,,,,
,,,,,,,,,,,,,,
,,,,,,,,,,,,,,
,,,,,,,,,,,,,,
9,over,,Linguistic unit,P type,Image ID,Female 2,Male 1,Male 3,,,Freq bin,Conc bin,Syllable,
,,Target,the cats is over the bowl,target,37408315,,M1_Preposition_sentence_143,,,,5,1,2,
,,Foil 1,the cat is beside the bowl,foil 1,3172869,,,,,,,,,
,,Foil 2,the cat is inside the bowl,foil 2,3313081,,,,,,,,,
,,Foil 3,the cat is on the bowl,foil 3,260805896,,,,,,,,,
,,Other,the cat is behind the bowl,other,105952298,,,,,,,,,
,,Other,the cat is between the bowls,other,6385728295,,,,,,,,,
,,,,,,,,,,,,,,
,,,,,,,,,,,,,,
,,,,,,,,,,,,,,
10,over,,Linguistic unit,P type,Image ID,Female 2,Male 1,Male 3,,,Freq bin,Conc bin,Syllable,
,,Target,the dog is over the girl,target,322437035,,M1_Preposition_sentence_144,,,,5,1,2,
,,Foil 1,the dog is between the girls,foil 1,25118204,,,,,,,,,
,,Foil 2,the dog is under the girl,foil 2,125585768,,,,,,,,,
,,Foil 3,the dog is beside the girl,foil 3,152951474,,,,,,,,,
,,Other,the dog is in front of the girl,other,284147363,,,,,,,,,
,,Other,the dog is by the girl,other,88335778,,,,,,,,,
,,,,,,,,,,,,,,
,,,,,,,,,,,,,,
,,,,,,,,,,,,,,
1,behind,,Linguistic unit,P type,Image ID,Female 2,Male 1,Male 3,,,Freq bin,Conc bin,Syllable,
,,Target,the cat is behind the books,target,183086432,F2_Preposition_sentence_100,M2_Preposition_sentence_100,M3_Preposition_sentence_54,,,5,2,2,
,,Foil 1,under the books,foil 1,219746533,,,,,,,,,
,,Foil 2,by the books,foil 2,294937787,,,,,,,,,
,,Foil 3,on the books,foil 3,295547183,,,,,,,,,
,,Other,between the books,other,315380783,,,,,,,,,
,,Other,cat,other,16409109,,,,,,,,,
,,,,,,,,,,,,,,
,,,,,,,,,,,,,,
,,,,,,,,,,,,,,
2,behind,,Linguistic unit,P type,Image ID,Female 2,Male 1,Male 3,,,Freq bin,Conc bin,Syllable,
,,Target,the cat is behind the bag,target,274765685,,M1_Preposition_sentence_145,,,,5,2,2,
,,Foil 1,the cat is by the bag,foil 1,12114247,,,,,,,,,
,,Foil 2,the cat is in the bag,foil 2,12114250,,,,,,,,,
,,Foil 3,the cat is over the bag,foil 3,154116686,,,,,,,,,
,,Other,the cat is below the bag,other,138372416,,,,,,,,,
,,Other,the cat is on the bag,other,203096440,,,,,,,,,
,,,,,,,,,,,,,,
,,,,,,,,,,,,,,
,,,,,,,,,,,,,,
3,behind,,Linguistic unit,P type,Image ID,Female 2,Male 1,Male 3,,,Freq bin,Conc bin,Syllable,
,,Target,the person is behind the sofa,target,350362565,,M1_Preposition_sentence_146,,,,5,2,2,
,,Foil 1,the person is by the sofa,foil 1,269726894,,,,,,,,,
,,Foil 2,the person is above the sofa,foil 2,168286901,,,,,,,,,
,,Foil 3,the person is on the sofa,foil 3,251250307,,,,,,,,,
,,Other,sofa,other,166462706,,,,,,,,,
,,Other,sofa,other,14352447,,,,,,,,,
,,,,,,,,,,,,,,
,,,,,,,,,,,,,,
,,,,,,,,,,,,,,
4,behind,,Linguistic unit,P type,Image ID,Female 2,Male 1,Male 3,,,Freq bin,Conc bin,Syllable,
,,Target,the cat is behind the bowl,target,105952298,,M1_Preposition_sentence_147,,,,5,2,2,
,,Foil 1,the cats is over the bowl,foil 1,37408315,,,,,,,,,
,,Foil 2,the cat is beside the bowl,foil 2,3172869,,,,,,,,,
,,Foil 3,the cat is inside the bowl,foil 3,3313081,,,,,,,,,
,,Other,the cat is on the bowl,other,260805896,,,,,,,,,
,,Other,the cat is between the bowls,other,6385728295,,,,,,,,,
,,,,,,,,,,,,,,
,,,,,,,,,,,,,,
,,,,,,,,,,,,,,
5,behind,,Linguistic unit,P type,Image ID,Female 2,Male 1,Male 3,,,Freq bin,Conc bin,Syllable,
,,Target,the girl is behind the dog,target,284147363,,M1_Preposition_sentence_148,,,,5,2,2,
,,Foil 1,the girl is beneath the dog,foil 1,322437035,,,,,,,,,
,,Foil 2,the girl is on the dog,foil 2,125585768,,,,,,,,,
,,Foil 3,the girl is by the dog,foil 3,152951474,,,,,,,,,
,,Other,the girl is by the dog,other,242797159,,,,,,,,,
,,Other,the girl is by the dog,other,88335778,,,,,,,,,
,,,,,,,,,,,,,,
,,,,,,,,,,,,,,
,,,,,,,,,,,,,,
6,behind,,Linguistic unit,P type,Image ID,Female 2,Male 1,Male 3,,,Freq bin,Conc bin,Syllable,
,,Target,The girl is behind the chair,target,239834140,F2_Preposition_sentence_101,M2_Preposition_sentence_101,,,,5,2,2,
,,Foil 1,The girl is on the chair,foil 1,306443561,,,,,,,,,
,,Foil 2,The girl is under the chair,foil 2,61721884,,,,,,,,,
,,Foil 3,The girl is next to the chair,foil 3,45986253,,,,,,,,,
,,Other,girl,other,137300246,,,,,,,,,
,,Other,chair,other,135657254,,,,,,,,,
,,,,,,,,,,,,,,
,,,,,,,,,,,,,,
,,,,,,,,,,,,,,
7,behind,,Linguistic unit,P type,Image ID,Female 2,Male 1,Male 3,,,Freq bin,Conc bin,Syllable,
,,Target,The cat is behind the tree,target,328080869,F2_Preposition_sentence_110,M2_Preposition_sentence_102,,,,5,2,2,
,,Foil 1,The cat is on the tree,foil 1,383275081,,,,,,,,,
,,Foil 2,x,x,x,,,,,,,,,
,,Foil 3,The cat is next to the tree,foil 3,93102562,,,,,,,,,
,,Other,cat,other,9360215,,,,,,,,,
,,Other,tree,other,69106532,,,,,,,,,
,,,,,,,,,,,,,,
,,,,,,,,,,,,,,
,,,,,,,,,,,,,,
8,behind,,Linguistic unit,P type,Image ID,Female 2,Male 1,Male 3,,,Freq bin,Conc bin,Syllable,
,,Target,The dog is behind the bed,target,78546585,F2_Preposition_sentence_103,M2_Preposition_sentence_103,,,,5,2,2,
,,Foil 1,The dog is on the bed,foil 1,24813255,,,,,,,,,
,,Foil 2,The dog is next to the bed,foil 2,85214562,,,,,,,,,
,,Foil 3,The dog is under the bed,foil 3,202567099,,,,,,,,,
,,Other,dog,other,160182542,,,,,,,,,
,,Other,bed,other,232460938,,,,,,,,,
,,,,,,,,,,,,,,
,,,,,,,,,,,,,,
,,,,,,,,,,,,,,
9,behind,,Linguistic unit,P type,Image ID,Female 2,Male 1,Male 3,,,Freq bin,Conc bin,Syllable,
,,Target,The man is behind the car,target,63524152,F2_Preposition_sentence_104,M2_Preposition_sentence_104,,,,5,2,2,
,,Foil 1,The man is on the car,foil 1,320908910,,,,,,,,,
,,Foil 2,The man is in the car,foil 2,277865294,,,,,,,,,
,,Foil 3,The man is next to the car,foil 3,96325621,,,,,,,,,
,,Other,man,other,195291878,,,,,,,,,
,,Other,car,other,28191571,,,,,,,,,
,,,,,,,,,,,,,,
,,,,,,,,,,,,,,
,,,,,,,,,,,,,,
10,behind,,Linguistic unit,P type,Image ID,Female 2,Male 1,Male 3,,,Freq bin,Conc bin,Syllable,
,,Target,The bird is behind the cage,target,77854855,F2_Preposition_sentence_105,M2_Preposition_sentence_105,,,,5,2,2,
,,Foil 1,The bird is on the cage,foil 1,35525347,,,,,,,,,
,,Foil 2,The bird is in the cage,foil 2,130534097,,,,,,,,,
,,Foil 3,The bird is next to the cage,foil 3,63635262,,,,,,,,,
,,Other,cage,other,77529385,,,,,,,,,
,,Other,bird,other,297075554,,,,,,,,,
,,,,,,,,,,,,,,
,,,,,,,,,,,,,,
,,,,,,,,,,,,,,
11,behind,,Linguistic unit,P type,Image ID,Female 2,Male 1,Male 3,,,Freq bin,Conc bin,Syllable,
,,Target,The spoon is behind the plate,target,789652651,F2_Preposition_sentence_106,M2_Preposition_sentence_106,,,,5,2,2,
,,Foil 1,The spoon is on the plate,foil 1,82815877,,,,,,,,,
,,Foil 2,The spoon is near the plate,foil 2,82815748,,,,,,,,,
,,Foil 3,The spoon is under the plate,foil 3,96325301,,,,,,,,,
,,Other,spoon,other,96452612,,,,,,,,,
,,Other,plate,other,63526252,,,,,,,,,
,,,,,,,,,,,,,,
,,,,,,,,,,,,,,
,,,,,,,,,,,,,,
12,behind,,Linguistic unit,P type,Image ID,Female 2,Male 1,Male 3,,,Freq bin,Conc bin,Syllable,
,,Target,The pen is behind the notebook,target,55998566,F2_Preposition_sentence_107,M2_Preposition_sentence_107,,,,5,2,2,
,,Foil 1,The pen is on the notebook,foil 1,319917578,,,,,,,,,
,,Foil 2,The pen is under the notebook,foil 2,63625611,,,,,,,,,
,,Foil 3,The pen is next to the notebook,foil 3,319917584,,,,,,,,,
,,Other,pen,other,78548565,,,,,,,,,
,,Other,notebook,other,78965412,,,,,,,,,
,,,,,,,,,,,,,,
,,,,,,,,,,,,,,
,,,,,,,,,,,,,,
13,behind,,Linguistic unit,P type,Image ID,Female 2,Male 1,Male 3,,,Freq bin,Conc bin,Syllable,
,,Target,The bag is behind the table,target,78956326,F2_Preposition_sentence_108,M2_Preposition_sentence_108,,,,5,2,2,
,,Foil 1,The bag is on the table,foil 1,78569523,,,,,,,,,
,,Foil 2,The bag is under the table,foil 2,635266451,,,,,,,,,
,,Foil 3,The bag is next to the table,foil 3,7563021,,,,,,,,,
,,Other,bag,other,289849739,,,,,,,,,
,,Other,table,other,248627197,,,,,,,,,
,,,,,,,,,,,,,,
,,,,,,,,,,,,,,
,,,,,,,,,,,,,,
14,behind,,Linguistic unit,P type,Image ID,Female 2,Male 1,Male 3,,,Freq bin,Conc bin,Syllable,
,,Target,The bike is behind the tree,target,9630124514,F2_Preposition_sentence_109,M2_Preposition_sentence_109,,,,5,2,2,
,,Foil 1,The bike is next to the tree,foil 1,96326526,,,,,,,,,
,,Foil 2,The bike is between the trees,foil 2,360215201,,,,,,,,,
,,Foil 3,the bike is in front of the tree,foil 3,445233521,,,,,,,,,
,,Other,bike,other,267994910,,,,,,,,,
,,Other,tree,other,69106532,,,,,,,,,
,,,,,,,,,,,,,,
,,,,,,,,,,,,,,
,,,,,,,,,,,,,,
1,inside,,Linguistic unit,P type,Image ID,Male 1,,,,,Freq bin,Conc bin,Syllable,
,,Target,the dog is inside the box,target,207075325,M1_Preposition_sentence_57,,,,,5,3,2,
,,Foil 1,the dog is by the box,foil 1,275646770,,,,,,,,,
,,Foil 2,the dog is on the box,foil 2,152951474,,,,,,,,,
,,Foil 3,x,x,x,,,,,,,,,
,,Other,dog,other,38095165,,,,,,,,,
,,Other,box,other,20645333,,,,,,,,,
,,,,,,,,,,,,,,
,,,,,,,,,,,,,,
,,,,,,,,,,,,,,
2,inside,,Linguistic unit,P type,Image ID,Male 1,,,,,Freq bin,Conc bin,Syllable,
,,Target,the child is inside the furniture,target,123163021,M1_Preposition_sentence_58,,,,,5,3,2,
,,Foil 1,the child is under the furniture,foil 1,310485866,,,,,,,,,
,,Foil 2,the child is above the furniture,foil 2,168286901,,,,,,,,,
,,Foil 3,x,x,x,,,,,,,,,
,,Other,child,other,40214306,,,,,,,,,
,,Other,furniture,other,33723657,,,,,,,,,
,,,,,,,,,,,,,,
,,,,,,,,,,,,,,
,,,,,,,,,,,,,,
3,inside,,Linguistic unit,P type,Image ID,Male 1,,,,,Freq bin,Conc bin,Syllable,
,,Target,the cat is inside the bowl,target,3313081,M1_Preposition_sentence_59,,,,,5,3,2,
,,Foil 1,the cat is by the bowl,foil 1,3172869,,,,,,,,,
,,Foil 2,the cat is on the bowl,foil 2,260805896,,,,,,,,,
,,Foil 3,the cat is behind the bowl,foil 3,105952298,,,,,,,,,
,,Other,the cats is over the bowl,other,37408315,,,,,,,,,
,,Other,the cat is between the bowls,other,6385728295,,,,,,,,,
,,,,,,,,,,,,,,
,,,,,,,,,,,,,,
,,,,,,,,,,,,,,
1,beside,,Linguistic unit,P type,Image ID,Male 1,,,,,Freq bin,Conc bin,Syllable,
,,Target,the cat is beside the bag,target,12114247,M1_Preposition_sentence_77,,,,,3,1,2,
,,Foil 1,the cat is above the bag,foil 1,154116686,,,,,,,,,
,,Foil 2,the cat is in the bag,foil 2,12114250,,,,,,,,,
,,Foil 3,the cat is under the bag,foil 3,138372416,,,,,,,,,
,,Other,the cat is on the bag,other,203096440,,,,,,,,,
,,Other,the cat is between the bags,other,269070035,,,,,,,,,
,,,,,,,,,,,,,,
,,,,,,,,,,,,,,
,,,,,,,,,,,,,,
2,beside,,Linguistic unit,P type,Image ID,Male 1,,,,,Freq bin,Conc bin,Syllable,
,,Target,the dog is beside the blanket,target,69546235,M1_Preposition_sentence_78,,,,,3,1,2,
,,Foil 1,under the blanket,foil 1,35281393,,,,,,,,,
,,Foil 2,on the blanket,foil 2,30182797,,,,,,,,,
,,Foil 3,in the blanket,foil 3,10203010,,,,,,,,,
,,Other,blanket,other,30970388,,,,,,,,,
,,Other,dog,other,17161279,,,,,,,,,
,,,,,,,,,,,,,,
,,,,,,,,,,,,,,
,,,,,,,,,,,,,,
3,beside,,Linguistic unit,P type,Image ID,Male 1,,,,,Freq bin,Conc bin,Syllable,
,,Target,the dog is beside the bed,target,94578602,M1_Preposition_sentence_79,,,,,3,1,2,
,,Foil 1,under the bed,foil 1,42172919,,,,,,,,,
,,Foil 2,in the bed,foil 2,23267043,,,,,,,,,
,,Foil 3,on the bed,foil 3,24813255,,,,,,,,,
,,Other,dog,other,17161279,,,,,,,,,
,,Other,bed,other,33724414,,,,,,,,,
,,,,,,,,,,,,,,
,,,,,,,,,,,,,,
,,,,,,,,,,,,,,
4,beside,,Linguistic unit,P type,Image ID,Male 1,,,,,Freq bin,Conc bin,Syllable,
,,Target,the cat is beside the chair,target,89102154,M1_Preposition_sentence_80,,,,,3,1,2,
,,Foil 1,between the chairs,foil 1,69405214,,,,,,,,,
,,Foil 2,on the chair,foil 2,2328749,,,,,,,,,
,,Foil 3,under the chair,foil 3,46209588,,,,,,,,,
,,Other,cat,other,16409109,,,,,,,,,
,,Other,chair,other,69784520,,,,,,,,,
,,,,,,,,,,,,,,
,,,,,,,,,,,,,,
,,,,,,,,,,,,,,
5,beside,,Linguistic unit,P type,Image ID,Male 1,,,,,Freq bin,Conc bin,Syllable,
,,Target,the dog is beside the bed,target,94578602,M1_Preposition_sentence_81,,,,,3,1,2,
,,Foil 1,under the bed,foil 1,42172919,,,,,,,,,
,,Foil 2,in the bed,foil 2,23267043,,,,,,,,,
,,Foil 3,on the bed,foil 3,24813255,,,,,,,,,
,,Other,dog,other,38095165,,,,,,,,,
,,Other,bed,other,33724414,,,,,,,,,
,,,,,,,,,,,,,,
,,,,,,,,,,,,,,
,,,,,,,,,,,,,,
6,beside,,Linguistic unit,P type,Image ID,Male 1,,,,,Freq bin,Conc bin,Syllable,
,,Target,the man is beside the bed,target,51622749,M1_Preposition_sentence_82,,,,,3,1,2,
,,Foil 1,the man is above the bed,foil 1,44123146,,,,,,,,,
,,Foil 2,the man is in the bed,foil 2,52087934,,,,,,,,,
,,Foil 3,the man is on the bed,foil 3,53507634,,,,,,,,,
,,Other,man,other,30175942,,,,,,,,,
,,Other,bed,other,33724414,,,,,,,,,
,,,,,,,,,,,,,,
,,,,,,,,,,,,,,
,,,,,,,,,,,,,,
7,beside,,Linguistic unit,P type,Image ID,Male 1,,,,,Freq bin,Conc bin,Syllable,
,,Target,the dog is beside the box,target,275646770,M1_Preposition_sentence_83,,,,,3,1,2,
,,Foil 1,in the box,foil 1,207075325,,,,,,,,,
,,Foil 2,on the box,foil 2,152951474,,,,,,,,,
,,Foil 3,x,x,x,,,,,,,,,
,,Other,dog,other,38095165,,,,,,,,,
,,Other,box,other,20645333,,,,,,,,,
,,,,,,,,,,,,,,
,,,,,,,,,,,,,,
,,,,,,,,,,,,,,
8,beside,,Linguistic unit,P type,Image ID,Male 1,,,,,Freq bin,Conc bin,Syllable,
,,Target,the bird is beside the feeder,target,288763802,M1_Preposition_sentence_84,,,,,3,1,2,
,,Foil 1,in the feeder,foil 1,138011693,,,,,,,,,
,,Foil 2,under the feeder,foil 2,345908708,,,,,,,,,
,,Foil 3,x,x,x,,,,,,,,,
,,Other,bird,other,33965083,,,,,,,,,
,,Other,feeder,other,229248175,,,,,,,,,
,,,,,,,,,,,,,,
,,,,,,,,,,,,,,
,,,,,,,,,,,,,,
9,beside,,Linguistic unit,P type,Image ID,Male 1,,,,,Freq bin,Conc bin,Syllable,
,,Target,the dolphin is beside water,target,201146726,M1_Preposition_sentence_85,,,,,3,1,2,
,,Foil 1,over the water,foil 1,252402220,,,,,,,,,
,,Foil 2,under the water,foil 2,203027560,,,,,,,,,
,,Foil 3,x,x,x,,,,,,,,,
,,Other,x,x,x,,,,,,,,,
,,Other,ocean,other,341825012,,,,,,,,,
,,,,,,,,,,,,,,
,,,,,,,,,,,,,,
,,,,,,,,,,,,,,
10,beside,,Linguistic unit,P type,Image ID,Male 1,,,,,Freq bin,Conc bin,Syllable,
,,Target,the cat is beside the books,target,294937787,M1_Preposition_sentence_86,,,,,3,1,2,
,,Foil 1,on the books,foil 1,295547183,,,,,,,,,
,,Foil 2,between the books,foil 2,315380783,,,,,,,,,
,,Foil 3,behind the books,foil 3,183086432,,,,,,,,,
,,Other,under the books,other,219746533,,,,,,,,,
,,Other,cat,other,16409109,,,,,,,,,
,,,,,,,,,,,,,,
,,,,,,,,,,,,,,
,,,,,,,,,,,,,,
11,beside,,Linguistic unit,P type,Image ID,Male 1,,,,,Freq bin,Conc bin,Syllable,
,,Target,the person is beside the sofa,target,269726894,M1_Preposition_sentence_87,,,,,3,1,2,
,,Foil 1,the person is over the sofa,foil 1,168286901,,,,,,,,,
,,Foil 2,the person is behind the sofa,foil 2,350362565,,,,,,,,,
,,Foil 3,the person is on the sofa,foil 3,251250307,,,,,,,,,
,,Other,sofa,other,166462706,,,,,,,,,
,,Other,sofa,other,14352447,,,,,,,,,
,,,,,,,,,,,,,,
,,,,,,,,,,,,,,
,,,,,,,,,,,,,,
12,beside,,Linguistic unit,P type,Image ID,Male 1,,,,,Freq bin,Conc bin,Syllable,
,,Target,the cat is beside the dog,target,78196291,M1_Preposition_sentence_88,,,,,3,1,2,
,,Foil 1,the cat is between the dogs,foil 1,34195045,,,,,,,,,
,,Foil 2,the cat is under the dog,foil 2,132126536,,,,,,,,,
,,Foil 3,the cat is on the dog,foil 3,200514218,,,,,,,,,
,,Other,dogs,other,195612003,,,,,,,,,
,,Other,cats,other,781967421,,,,,,,,,
,,,,,,,,,,,,,,
,,,,,,,,,,,,,,
,,,,,,,,,,,,,,
13,beside,,Linguistic unit,P type,Image ID,Male 1,,,,,Freq bin,Conc bin,Syllable,
,,Target,the cat is beside the bowl,target,3172869,M1_Preposition_sentence_89,,,,,3,1,2,
,,Foil 1,the cat is inside the bowl,foil 1,3313081,,,,,,,,,
,,Foil 2,the cat is on the bowl,foil 2,260805896,,,,,,,,,
,,Foil 3,the cat is behind the bowl,foil 3,105952298,,,,,,,,,
,,Other,the cats is over the bowl,other,37408315,,,,,,,,,
,,Other,the cat is between the bowls,other,6385728295,,,,,,,,,
,,,,,,,,,,,,,,
,,,,,,,,,,,,,,
,,,,,,,,,,,,,,
14,beside,,Linguistic unit,P type,Image ID,Male 1,,,,,Freq bin,Conc bin,Syllable,
,,Target,the girl is beside the dog,target,88335778,M1_Preposition_sentence_90,,,,,3,1,2,
,,Foil 1,the girl is under the dog,foil 1,322437035,,,,,,,,,
,,Foil 2,the girl is on the dog,foil 2,125585768,,,,,,,,,
,,Foil 3,the girl is behind the dog,foil 3,284147363,,,,,,,,,
,,Other,the dog is between the girls,other,25118204,,,,,,,,,
,,Other,x,x,x,,,,,,,,,
,,,,,,,,,,,,,,
,,,,,,,,,,,,,,
,,,,,,,,,,,,,,
1,underneith,,Linguistic unit,P type,Image ID,Male 1,,,,,Freq bin,Conc bin,Syllable,
,,Target,the dog is underneith the blanket,target,35281393,M1_Preposition_sentence_104,,,,,4,3,3,
,,Foil 1,on the blanket,foil 1,30182797,,,,,,,,,
,,Foil 2,in the blanket,foil 2,10203010,,,,,,,,,
,,Foil 3,by the blanket,foil 3,69546235,,,,,,,,,
,,Other,blanket,other,30970388,,,,,,,,,
,,Other,dog,other,17161279,,,,,,,,,
,,,,,,,,,,,,,,
,,,,,,,,,,,,,,
,,,,,,,,,,,,,,
2,underneith,,Linguistic unit,P type,Image ID,Male 1,,,,,Freq bin,Conc bin,Syllable,
,,Target,the dog is underneith the bed,target,42172919,M1_Preposition_sentence_105,,,,,4,3,3,
,,Foil 1,in the bed,foil 1,23267043,,,,,,,,,
,,Foil 2,on the bed,foil 2,24813255,,,,,,,,,
,,Foil 3,by the bed,foil 3,94578602,,,,,,,,,
,,Other,dog,other,17161279,,,,,,,,,
,,Other,bed,other,33724414,,,,,,,,,
,,,,,,,,,,,,,,
,,,,,,,,,,,,,,
,,,,,,,,,,,,,,
3,underneith,,Linguistic unit,P type,Image ID,Male 1,,,,,Freq bin,Conc bin,Syllable,
,,Target,the bird is underneith the tree,target,29762175,M1_Preposition_sentence_106,,,,,4,3,3,
,,Foil 1,on the tree,foil 1,36970893,,,,,,,,,
,,Foil 2,in the tree,foil 2,92161054,,,,,,,,,
,,Foil 3,between the trees,foil 3,659865421,,,,,,,,,
,,Other,bird,other,33965083,,,,,,,,,
,,Other,tree,other,69106532,,,,,,,,,
,,,,,,,,,,,,,,
,,,,,,,,,,,,,,
,,,,,,,,,,,,,,
4,underneith,,Linguistic unit,P type,Image ID,Male 1,,,,,Freq bin,Conc bin,Syllable,
,,Target,the cat is underneith the chair,target,46209588,M1_Preposition_sentence_107,,,,,4,3,3,
,,Foil 1,on the chair,foil 1,2328749,,,,,,,,,
,,Foil 2,by the chair,foil 2,89102154,,,,,,,,,
,,Foil 3,between the chairs,foil 3,69405214,,,,,,,,,
,,Other,cat,other,16409109,,,,,,,,,
,,Other,chair,other,69784520,,,,,,,,,
,,,,,,,,,,,,,,
,,,,,,,,,,,,,,
,,,,,,,,,,,,,,
5,underneith,,Linguistic unit,P type,Image ID,Male 1,,,,,Freq bin,Conc bin,Syllable,
,,Target,the dog is underneith the bed,target,42172919,M1_Preposition_sentence_108,,,,,4,3,3,
,,Foil 1,in the bed,foil 1,23267043,,,,,,,,,
,,Foil 2,on the bed,foil 2,24813255,,,,,,,,,
,,Foil 3,by the bed,foil 3,94578602,,,,,,,,,
,,Other,dog,other,38095165,,,,,,,,,
,,Other,bed,other,33724414,,,,,,,,,
,,,,,,,,,,,,,,
,,,,,,,,,,,,,,
,,,,,,,,,,,,,,
6,underneith,,Linguistic unit,P type,Image ID,Male 1,,,,,Freq bin,Conc bin,Syllable,
,,Target,the baby is underneith the blanket,target,37433095,M1_Preposition_sentence_109,,,,,4,3,3,
,,Foil 1,in the blanket,foil 1,228668269,,,,,,,,,
,,Foil 2,on the blanket,foil 2,72004771,,,,,,,,,
,,Foil 3,x,x,x,,,,,,,,,
,,Other,baby,other,130223957,,,,,,,,,
,,Other,blanket,other,215048935,,,,,,,,,
,,,,,,,,,,,,,,
,,,,,,,,,,,,,,
,,,,,,,,,,,,,,
7,underneith,,Linguistic unit,P type,Image ID,Male 1,,,,,Freq bin,Conc bin,Syllable,
,,Target,the bird is underneith the feeder,target,47824540,M1_Preposition_sentence_110,,,,,4,3,3,
,,Foil 1,in the feeder,foil 1,138011693,,,,,,,,,
,,Foil 2,by the feeder,foil 2,288763802,,,,,,,,,
,,Foil 3,x,x,x,,,,,,,,,
,,Other,bird,other,33965083,,,,,,,,,
,,Other,feeder,other,229248175,,,,,,,,,
,,,,,,,,,,,,,,
,,,,,,,,,,,,,,
,,,,,,,,,,,,,,
8,underneith,,Linguistic unit,P type,Image ID,Male 1,,,,,Freq bin,Conc bin,Syllable,
,,Target,the mouse is underneith the crop,target,34487284,M1_Preposition_sentence_111,,,,,4,3,3,
,,Foil 1,in the crop,foil 1,88928725,,,,,,,,,
,,Foil 2,between the crop,foil 2,286191647,,,,,,,,,
,,Foil 3,on the crop,foil 3,294080735,,,,,,,,,
,,Other,mouse,other,38857743,,,,,,,,,
,,Other,crop,other,86288593,,,,,,,,,
,,,,,,,,,,,,,,
,,,,,,,,,,,,,,
,,,,,,,,,,,,,,
9,underneith,,Linguistic unit,P type,Image ID,Male 1,,,,,Freq bin,Conc bin,Syllable,
,,Target,the child is underneith the furniture,target,310485866,M1_Preposition_sentence_112,,,,,4,3,3,
,,Foil 1,in the furniture,foil 1,123163021,,,,,,,,,
,,Foil 2,above the furniture,foil 2,168286901,,,,,,,,,
,,Foil 3,x,x,x,,,,,,,,,
,,Other,child,other,40214306,,,,,,,,,
,,Other,furniture,other,33723657,,,,,,,,,
,,,,,,,,,,,,,,
,,,,,,,,,,,,,,
,,,,,,,,,,,,,,
10,underneith,,Linguistic unit,P type,Image ID,Male 1,,,,,Freq bin,Conc bin,Syllable,
,,Target,the plane is underneith the clouds,target,330795188,M1_Preposition_sentence_113,,,,,4,3,3,
,,Foil 1,in the clouds,foil 1,78773065,,,,,,,,,
,,Foil 2,above the clouds,foil 2,42196282,,,,,,,,,
,,Foil 3,x,x,x,,,,,,,,,
,,Other,plane,other,119845582,,,,,,,,,
,,Other,cloud,other,34993927,,,,,,,,,
,,,,,,,,,,,,,,
,,,,,,,,,,,,,,
,,,,,,,,,,,,,,
11,underneith,,Linguistic unit,P type,Image ID,Male 1,,,,,Freq bin,Conc bin,Syllable,
,,Target,the dolphin is underneith the water,target,203027560,M1_Preposition_sentence_114,,,,,4,3,3,
,,Foil 1,by the water,foil 1,201146726,,,,,,,,,
,,Foil 2,over the water,foil 2,252402220,,,,,,,,,
,,Foil 3,x,x,x,,,,,,,,,
,,Other,x,x,x,,,,,,,,,
,,Other,ocean,other,341825012,,,,,,,,,
,,,,,,,,,,,,,,
,,,,,,,,,,,,,,
,,,,,,,,,,,,,,
12,underneith,,Linguistic unit,P type,Image ID,Male 1,,,,,Freq bin,Conc bin,Syllable,
,,Target,the cat is underneith the books,target,219746533,M1_Preposition_sentence_115,,,,,4,3,3,
,,Foil 1,by the books,foil 1,294937787,,,,,,,,,
,,Foil 2,on the books,foil 2,295547183,,,,,,,,,
,,Foil 3,between the books,foil 3,315380783,,,,,,,,,
,,Other,behind the books,other,183086432,,,,,,,,,
,,Other,cat,other,16409109,,,,,,,,,
,,,,,,,,,,,,,,
,,,,,,,,,,,,,,
,,,,,,,,,,,,,,
13,underneith,,Linguistic unit,P type,Image ID,Male 1,,,,,Freq bin,Conc bin,Syllable,
,,Target,the cat is underneith the dog,target,132126536,M1_Preposition_sentence_116,,,,,4,3,3,
,,Foil 1,the cat is by the dog,foil 2,78196291,,,,,,,,,
,,Foil 2,the cat is between the dogs,foil 1,34195045,,,,,,,,,
,,Foil 3,the cat is on the dog,foil 3,200514218,,,,,,,,,
,,Other,dogs,other,195612003,,,,,,,,,
,,Other,cats,other,781967421,,,,,,,,,
,,,,,,,,,,,,,,
,,,,,,,,,,,,,,
,,,,,,,,,,,,,,
14,underneith,,Linguistic unit,P type,Image ID,Male 1,,,,,Freq bin,Conc bin,Syllable,
,,Target,the girl is underneith the dog,target,322437035,M1_Preposition_sentence_117,,,,,4,3,3,
,,Foil 1,the girl is on the dog,foil 1,125585768,,,,,,,,,
,,Foil 2,the girl is by the dog,foil 2,152951474,,,,,,,,,
,,Foil 3,the girl is behind the dog,foil 3,284147363,,,,,,,,,
,,Other,the girl is by the dog,other,242797159,,,,,,,,,
,,Other,the girl is by the dog,other,88335778,,,,,,,,,
,,,,,,,,,,,,,,
,,,,,,,,,,,,,,
,,,,,,,,,,,,,,
1,beneath,,Linguistic unit,P type,Image ID,Male 1,,,,,Freq bin,Conc bin,Syllable,
,,Target,the dog is beneath the blanket,target,35281393,M1_Preposition_sentence_118,,,,,3,2,2,
,,Foil 1,on the blanket,foil 1,30182797,,,,,,,,,
,,Foil 2,in the blanket,foil 2,10203010,,,,,,,,,
,,Foil 3,by the blanket,foil 3,69546235,,,,,,,,,
,,Other,blanket,other,30970388,,,,,,,,,
,,Other,dog,other,17161279,,,,,,,,,
,,,,,,,,,,,,,,
,,,,,,,,,,,,,,
,,,,,,,,,,,,,,
2,beneath,,Linguistic unit,P type,Image ID,Male 1,,,,,Freq bin,Conc bin,Syllable,
,,Target,the dog is beneath the bed,target,42172919,M1_Preposition_sentence_119,,,,,3,2,2,
,,Foil 1,in the bed,foil 1,23267043,,,,,,,,,
,,Foil 2,on the bed,foil 2,24813255,,,,,,,,,
,,Foil 3,by the bed,foil 3,94578602,,,,,,,,,
,,Other,dog,other,17161279,,,,,,,,,
,,Other,bed,other,33724414,,,,,,,,,
,,,,,,,,,,,,,,
,,,,,,,,,,,,,,
,,,,,,,,,,,,,,
3,beneath,,Linguistic unit,P type,Image ID,Male 1,,,,,Freq bin,Conc bin,Syllable,
,,Target,the bird is beneath the tree,target,29762175,M1_Preposition_sentence_120,,,,,3,2,2,
,,Foil 1,on the tree,foil 1,36970893,,,,,,,,,
,,Foil 2,in the tree,foil 2,92161054,,,,,,,,,
,,Foil 3,between the trees,foil 3,659865421,,,,,,,,,
,,Other,bird,other,33965083,,,,,,,,,
,,Other,tree,other,69106532,,,,,,,,,
,,,,,,,,,,,,,,
,,,,,,,,,,,,,,
,,,,,,,,,,,,,,
4,beneath,,Linguistic unit,P type,Image ID,Male 1,,,,,Freq bin,Conc bin,Syllable,
,,Target,the cat is beneath the chair,target,46209588,M1_Preposition_sentence_121,,,,,3,2,2,
,,Foil 1,on the chair,foil 1,2328749,,,,,,,,,
,,Foil 2,by the chair,foil 2,89102154,,,,,,,,,
,,Foil 3,between the chairs,foil 3,69405214,,,,,,,,,
,,Other,cat,other,16409109,,,,,,,,,
,,Other,chair,other,69784520,,,,,,,,,
,,,,,,,,,,,,,,
,,,,,,,,,,,,,,
,,,,,,,,,,,,,,
5,beneath,,Linguistic unit,P type,Image ID,Male 1,,,,,Freq bin,Conc bin,Syllable,
,,Target,the dog is beneath the bed,target,42172919,M1_Preposition_sentence_122,,,,,3,2,2,
,,Foil 1,in the bed,foil 1,23267043,,,,,,,,,
,,Foil 2,on the bed,foil 2,24813255,,,,,,,,,
,,Foil 3,by the bed,foil 3,94578602,,,,,,,,,
,,Other,dog,other,38095165,,,,,,,,,
,,Other,bed,other,33724414,,,,,,,,,
,,,,,,,,,,,,,,
,,,,,,,,,,,,,,
,,,,,,,,,,,,,,
6,beneath,,Linguistic unit,P type,Image ID,Male 1,,,,,Freq bin,Conc bin,Syllable,
,,Target,the baby is beneath the blanket,target,37433095,M1_Preposition_sentence_123,,,,,3,2,2,
,,Foil 1,in the blanket,foil 1,228668269,,,,,,,,,
,,Foil 2,on the blanket,foil 2,72004771,,,,,,,,,
,,Foil 3,x,x,x,,,,,,,,,
,,Other,baby,other,130223957,,,,,,,,,
,,Other,blanket,other,215048935,,,,,,,,,
,,,,,,,,,,,,,,
,,,,,,,,,,,,,,
,,,,,,,,,,,,,,
7,beneath,,Linguistic unit,P type,Image ID,Male 1,,,,,Freq bin,Conc bin,Syllable,
,,Target,the bird is beneath the feeder,target,47824540,M1_Preposition_sentence_124,,,,,3,2,2,
,,Foil 1,in the feeder,foil 1,138011693,,,,,,,,,
,,Foil 2,by the feeder,foil 2,288763802,,,,,,,,,
,,Foil 3,x,x,x,,,,,,,,,
,,Other,bird,other,33965083,,,,,,,,,
,,Other,feeder,other,229248175,,,,,,,,,
,,,,,,,,,,,,,,
,,,,,,,,,,,,,,
,,,,,,,,,,,,,,
8,beneath,,Linguistic unit,P type,Image ID,Male 1,,,,,Freq bin,Conc bin,Syllable,
,,Target,the mouse is beneath the crop,target,34487284,M1_Preposition_sentence_125,,,,,3,2,2,
,,Foil 1,in the crop,foil 1,88928725,,,,,,,,,
,,Foil 2,between the crop,foil 2,286191647,,,,,,,,,
,,Foil 3,on the crop,foil 3,294080735,,,,,,,,,
,,Other,mouse,other,38857743,,,,,,,,,
,,Other,crop,other,86288593,,,,,,,,,
,,,,,,,,,,,,,,
,,,,,,,,,,,,,,
,,,,,,,,,,,,,,
9,beneath,,Linguistic unit,P type,Image ID,Male 1,,,,,Freq bin,Conc bin,Syllable,
,,Target,the child is beneath the furniture,target,310485866,M1_Preposition_sentence_126,,,,,3,2,2,
,,Foil 1,in the furniture,foil 1,123163021,,,,,,,,,
,,Foil 2,above the furniture,foil 2,168286901,,,,,,,,,
,,Foil 3,x,x,x,,,,,,,,,
,,Other,child,other,40214306,,,,,,,,,
,,Other,furniture,other,33723657,,,,,,,,,
,,,,,,,,,,,,,,
,,,,,,,,,,,,,,
,,,,,,,,,,,,,,
10,beneath,,Linguistic unit,P type,Image ID,Male 1,,,,,Freq bin,Conc bin,Syllable,
,,Target,the plane is beneath the clouds,target,330795188,M1_Preposition_sentence_127,,,,,3,2,2,
,,Foil 1,in the clouds,foil 1,78773065,,,,,,,,,
,,Foil 2,above the clouds,foil 2,42196282,,,,,,,,,
,,Foil 3,x,x,x,,,,,,,,,
,,Other,plane,other,119845582,,,,,,,,,
,,Other,cloud,other,34993927,,,,,,,,,
,,,,,,,,,,,,,,
,,,,,,,,,,,,,,
,,,,,,,,,,,,,,
11,beneath,,Linguistic unit,P type,Image ID,Male 1,,,,,Freq bin,Conc bin,Syllable,
,,Target,the dolphin is beneath the water,target,203027560,M1_Preposition_sentence_128,,,,,3,2,2,
,,Foil 1,by the water,foil 1,201146726,,,,,,,,,
,,Foil 2,over the water,foil 2,252402220,,,,,,,,,
,,Foil 3,x,x,x,,,,,,,,,
,,Other,x,x,x,,,,,,,,,
,,Other,ocean,other,341825012,,,,,,,,,
,,,,,,,,,,,,,,
,,,,,,,,,,,,,,
,,,,,,,,,,,,,,
12,beneath,,Linguistic unit,P type,Image ID,Male 1,,,,,Freq bin,Conc bin,Syllable,
,,Target,the cat is beneath the books,target,219746533,M1_Preposition_sentence_129,,,,,3,2,2,
,,Foil 1,by the books,foil 1,294937787,,,,,,,,,
,,Foil 2,on the books,foil 2,295547183,,,,,,,,,
,,Foil 3,between the books,foil 3,315380783,,,,,,,,,
,,Other,behind the books,other,183086432,,,,,,,,,
,,Other,cat,other,16409109,,,,,,,,,
,,,,,,,,,,,,,,
,,,,,,,,,,,,,,
,,,,,,,,,,,,,,
13,beneath,,Linguistic unit,P type,Image ID,Male 1,,,,,Freq bin,Conc bin,Syllable,
,,Target,the cat is beneath the dog,target,132126536,M1_Preposition_sentence_130,,,,,3,2,2,
,,Foil 1,the cat is by the dog,foil 2,78196291,,,,,,,,,
,,Foil 2,the cat is between the dogs,foil 1,34195045,,,,,,,,,
,,Foil 3,the cat is on the dog,foil 3,200514218,,,,,,,,,
,,Other,dogs,other,195612003,,,,,,,,,
,,Other,cats,other,781967421,,,,,,,,,
,,,,,,,,,,,,,,
,,,,,,,,,,,,,,
,,,,,,,,,,,,,,
14,beneath,,Linguistic unit,P type,Image ID,Male 1,,,,,Freq bin,Conc bin,Syllable,
,,Target,the girl is beneath the dog,target,322437035,M1_Preposition_sentence_131,,,,,3,2,2,
,,Foil 1,the girl is on the dog,foil 1,125585768,,,,,,,,,
,,Foil 2,the girl is by the dog,foil 2,152951474,,,,,,,,,
,,Foil 3,the girl is behind the dog,foil 3,284147363,,,,,,,,,
,,Other,the girl is by the dog,other,242797159,,,,,,,,,
,,Other,the girl is by the dog,other,88335778,,,,,,,,,
,,,,,,,,,,,,,,
,,,,,,,,,,,,,,
,,,,,,,,,,,,,,
