1,make,,Linguistic unit,P type,Image ID,Female 2,Male 2,Male 3,,,Freq bin,Conc bin,Syllable,
,,Target,he makes some bread for dinner,target,261246989,F2_verb_transitivePP_1,,M3_verb_transitivePP_1,,,8,3,1,
,,P1,he breaks some bread for dinner,mp,19579305,,,,,,,,,
,,P2,he bakes some bread for dinner,mp,317198153,,,,,,,,,
,,P3,he takes some bread for dinner,mp,151569650,,,,,,,,,
,,S1,he slices some bread for dinner,coord,286407695,,,,,,,,,
,,S2,x,x,x,,,,,,,,,
,,Un,he butters some bread for dinner,un,46162896,,,,,,,,,
,,Un,x,x,x,,,,,,,,,
,,,,,,,,,,,,,,
2,play,,Linguistic unit,P type,Image ID,Female 2,Male 2,Male 3,,,Freq bin,Conc bin,Syllable,
,,Target,The boy plays with his family at the weekend,target,284522891,F2_verb_transitivePP_2,,M3_verb_transitivePP_2,,,8,4,1,
,,P1,The boy pays with his family at the weekend,mp,127336061,,,,,,,,,
,,P2,The boy prays with his family at the weekend,mp,295211936,,,,,,,,,
,,P3,The boy lays with his family at the weekend,mp,186947729,,,,,,,,,
,,S1,x,x,x,,,,,,,,,
,,S3,The boy reads with his family at the weekend,assoc,205039681,,,,,,,,,
,,Un,x,x,x,,,,,,,,,
,,Un,The boy eats with his family at the weekend,un,207786421,,,,,,,,,
,,,,,,,,,,,,,,
4,pray,,Linguistic unit,P type,Image ID,Female 2,Male 2,Male 3,,,Freq bin,Conc bin,Syllable,
,,Target,The boy prays with his family at the weekend,target,295211936,F2_verb_transitivePP_4,,M3_verb_transitivePP_4,,,6,4,1,
,,P1,The boy pays with his family at the weekend,mp,127336061,,,,,,,,,
,,P2,The boy plays with his family at the weekend,mp,284522891,,,,,,,,,
,,P3,The boy lays with his family at the weekend,mp,186947729,,,,,,,,,
,,S1,x,x,x,,,,,,,,,
,,S2,x,x,x,,,,,,,,,
,,Un,The boy reads with his family at the weekend,un,205039681,,,,,,,,,
,,Un,The boy shops with his family at the weekend,un,84276046,,,,,,,,,
,,,,,,,,,,,,,,
5,meet,,Linguistic unit,P type,Image ID,Female 2,Male 2,Male 3,,,Freq bin,Conc bin,Syllable,
,,Target,The man meets the woman at the restaurant,target,187720691,F2_verb_transitivePP_5,,M3_verb_transitivePP_5,,,8,4,1,
,,P1,the man seats the woman at the restaurant,mp,93716422,,,,,,,,,
,,P2,the man feeds the woman at the restaurant,distant,293316503,,,,,,,,,
,,P3,x,x,x,,,,,,,,,
,,S1,x,x,x,,,,,,,,,
,,S2,x,x,x,,,,,,,,,
,,Un,the man helps the woman at the restaurant,un,301989728,,,,,,,,,
,,Un,the man serves the woman at the restaurant,un,253353463,,,,,,,,,
,,,,,,,,,,,,,,
7,watch,,Linguistic unit,P type,Image ID,Female 2,Male 2,Male 3,,,Freq bin,Conc bin,Syllable,
,,Target,the boy watches the dog after school,target,49122040,F2_verb_transitivePP_7,,M3_verb_transitivePP_7,,,8,7,2,
,,P1,the boy catches the dog after school,close,291064715,,,,,,,,,
,,P2,the boy washes the dog after school,mp,141057496,,,,,,,,,
,,P3,the boy sketches the dog after school,close,313953776,,,,,,,,,
,,S1,x,x,x,,,,,,,,,
,,S2,x,x,x,,,,,,,,,
,,Un,the boy walks the dog after school,un,188428103,,,,,,,,,
,,Un,the boy bites the dog after school,un,32024939,,,,,,,,,
,,,,,,,,,,,,,,
8,catch,,Linguistic unit,P type,Image ID,Female 2,Male 2,Male 3,,,Freq bin,Conc bin,Syllable,
,,Target,the boy catches the dog after school,target,291064715,F2_verb_transitivePP_8,,M3_verb_transitivePP_8,,,8,6,2,
,,P1,the boy watches the dog after school,close,49122040,,,,,,,,,
,,P2,the boy sketches the dog after school,close,313953776,,,,,,,,,
,,P3,the boy kisses the dog after school,distant,13502128,,,,,,,,,
,,S1,x,x,x,,,,,,,,,
,,S2,x,x,x,,,,,,,,,
,,Un,the boy walks the dog after school,un,188428103,,,,,,,,,
,,Un,the boy washes the dog after school,un,141057496,,,,,,,,,
,,,,,,,,,,,,,,
9,work,,Linguistic unit,P type,Image ID,Female 2,Male 2,Male 3,,,Freq bin,Conc bin,Syllable,
,,Target,The man works on the beach in the summer,target,107447321,F2_verb_transitivePP_9,,M3_verb_transitivePP_9,,,8,4,1,
,,P1,The man walks on the beach in the summer,close,116973553,,,,,,,,,
,,P2,x,x,x,,,,,,,,,
,,P3,x,x,x,,,,,,,,,
,,S1,The man relaxes on the beach in the summer,coord,221420479,,,,,,,,,
,,S2,x,x,x,,,,,,,,,
,,Un,The man runs on the beach in the summer,un,208693156,,,,,,,,,
,,Un,The man stretches on the beach in the summer,un,140211604,,,,,,,,,
,,,,,,,,,,,,,,
13,weed,,Linguistic unit,P type,Image ID,Female 2,Male 2,Male 3,,,Freq bin,Conc bin,Syllable,
,,Target,the woman weeds her plants at home,target,318814274,F2_verb_transitivePP_13,,M3_verb_transitivePP_13,,,3,4,1,
,,P1,the woman feeds her plants at home,mp,243025486,,,,,,,,,
,,P2,x,x,x,,,,,,,,,
,,P3,x,x,x,,,,,,,,,
,,S1,the woman prunes her plants at home,assoc,32425432,,,,,,,,,
,,S2,x,x,x,,,,,,,,,
,,Un,The woman cleans her plants at home,un,48950445,,,,,,,,,
,,Un,the woman holds her plants at home,un,38881137,,,,,,,,,
,,,,,,,,,,,,,,
15,dive,,Linguistic unit,P type,Image ID,Female 2,Male 2,Male 3,,,Freq bin,Conc bin,Syllable,
,,Target,The man dives in the water on his own,target,96072599,F2_verb_transitivePP_15,,M3_verb_transitivePP_15,,,4,6,1,
,,P1,The man drives in the water on his own,mp,331319549,,,,,,,,,
,,P2,The man dries in the water on his own,mp,146830787,,,,,,,,,
,,P3,x,x,x,,,,,,,,,
,,S1,The man swims in the water on his own,assoc,142342759,,,,,,,,,
,,S2,The man jumps in the water on his own,coord,74528317,,,,,,,,,
,,Un,The man floats in the water on his own,un,143702194,,,,,,,,,
,,Un,x,x,x,,,,,,,,,
,,,,,,,,,,,,,,
18,fix,,Linguistic unit,P type,Image ID,Female 2,Male 2,Male 3,,,Freq bin,Conc bin,Syllable,
,,Target,He fixes the glass at work,target,94503190,F2_verb_transitivePP_18,,M3_verb_transitivePP_18,,,7,3,2,
,,P1,He mixes the glass at work,mp,335752910,,,,,,,,,
,,P2,He fills the glass at work,distant,22501382,,,,,,,,,
,,P3,x,x,x,,,,,,,,,
,,S1,x,x,x,,,,,,,,,
,,S2,x,x,x,,,,,,,,,
,,Un,he pours the glass at work,un,30150678,,,,,,,,,
,,Un,He refuses the glass at work,un,45671065,,,,,,,,,
,,,,,,,,,,,,,,
19,find,,Linguistic unit,P type,Image ID,Female 2,Male 2,Male 3,,,Freq bin,Conc bin,Syllable,
,,Target,the policeman finds the man near his house,target,120683020,F2_verb_transitivePP_19,,M3_verb_transitivePP_19,,,8,3,1,
,,P1,the policeman fines the man near his house,mp,12304354,,,,,,,,,
,,P2,x,x,x,,,,,,,,,
,,P3,x,x,x,,,,,,,,,
,,S1,x,x,x,,,,,,,,,
,,S2,x,x,x,,,,,,,,,
,,Un,the policeman cuffs the man near his house,un,17843134,,,,,,,,,
,,Un,the policeman directs the man near his house,un,326490710,,,,,,,,,
,,,,,,,,,,,,,,
20,write,,Linguistic unit,P type,Image ID,Female 2,Male 2,Male 3,,,Freq bin,Conc bin,Syllable,
,,Target,The man writes a story book for his children,target,233235589,F2_verb_transitivePP_20,,M3_verb_transitivePP_20,,,7,6,1,
,,P1,The man types a story book for his children,close,27573228,,,,,,,,,
,,P2,The man wraps a story book for his children,distant,199340282,,,,,,,,,
,,P3,x,x,x,,,,,,,,,
,,S1,The man reads a story book for his children,coord,47570270,,,,,,,,,
,,S2,x,x,x,,,,,,,,,
,,Un,The man returns a story book for his children,un,35781504,,,,,,,,,
,,Un,The man chooses a story book for his children,un,49224176,,,,,,,,,
,,,,,,,,,,,,,,
21,wash,,Linguistic unit,P type,Image ID,Female 2,Male 2,Male 3,,,Freq bin,Conc bin,Syllable,
,,Target,the child washes the dog on its birthday,target,141057496,F2_verb_transitivePP_21,,M3_verb_transitivePP_21,,,7,6,2,
,,P1,the child watches the dog on its birthday,mp,49122040,,,,,,,,,
,,P2,the child brushes the dog on its birthday,distant,284147363,,,,,,,,,
,,P3,x,x,x,,,,,,,,,
,,S1,the child dries the dog on its birthday,coord,253337350,,,,,,,,,
,,S2,the child splashes the dog on its birthday,assoc,304636022,,,,,,,,,
,,Un,x,x,x,,,,,,,,,
,,Un,the child walks the dog on its birthday,un,188428103,,,,,,,,,
,,,,,,,,,,,,,,
24,write,,Linguistic unit,P type,Image ID,Female 2,Male 2,Male 3,,,Freq bin,Conc bin,Syllable,
,,Target,The man writes his children a story book,target,233235589,F2_verb_transitivePP_24,,M3_verb_transitivePP_24,,,7,6,1,
,,P1,The man types his children a story book,close,27573228,,,,,,,,,
,,P2,The man wraps his children a story book,distant,199340282,,,,,,,,,
,,P3,x,x,x,,,,,,,,,
,,S1,The man reads his children a story book,coord,47570270,,,,,,,,,
,,S2,x,x,x,,,,,,,,,
,,Un,x,x,x,,,,,,,,,
,,Un,The man chooses his children a story book,un,49224176,,,,,,,,,
,,,,,,,,,,,,,,
25,open,,Linguistic unit,P type,Image ID,Female 2,Male 2,Male 3,,,Freq bin,Conc bin,Syllable,
,,Target,he opens the door in his house,target,134272517,F2_verb_transitivePP_25,,M3_verb_transitivePP_25,,,7,4,2,
,,P1,x,x,x,,,,,,,,,
,,P2,x,x,x,,,,,,,,,
,,S1,he locks the door in his house,coord,107034689,,,,,,,,,
,,S2,x,x,x,,,,,,,,,
,,S3,he fixes the door in his house,un,295486484,,,,,,,,,
,,Un,he cleans the door in his house,un,236851948,,,,,,,,,
,,Un,he hangs the door in his house,un,211398829,,,,,,,,,
,,,,,,,,,,,,,,
26,check,,Linguistic unit,P type,Image ID,Female 2,Male 2,Male 3,,,Freq bin,Conc bin,Syllable,
,,Target,he checks the wood in the forest,target,256933990,F2_verb_transitivePP_26,,M3_verb_transitivePP_26,,,8,6,1,
,,P1,he pecks the wood in the forest,mp,233818054,,,,,,,,,
,,P2,he chops the wood in the forest,distant,299655560,,,,,,,,,
,,P3,x,x,x,,,,,,,,,
,,S1,x,x,x,,,,,,,,,
,,S2,x,x,x,,,,,,,,,
,,Un,he cuts the wood in the forest,un,291245720,,,,,,,,,
,,Un,he saws the wood in the forest,un,112072841,,,,,,,,,
,,,,,,,,,,,,,,
27,build,,Linguistic unit,P type,Image ID,Female 2,Male 2,Male 3,,,Freq bin,Conc bin,Syllable,
,,Target,the child builds the tower at play time,target,105983540,F2_verb_transitivePP_27,,M3_verb_transitivePP_27,,,8,5,1,
,,P1,the child drills the tower at play time,close,204591244,,,,,,,,,
,,P2,x,x,x,,,,,,,,,
,,P3,x,x,x,,,,,,,,,
,,S1,the child knocks the tower at play time,coord,144900304,,,,,,,,,
,,S2,the child pushes the tower at play time,coord,179541503,,,,,,,,,
,,Un,the child climbs the tower at play time,un,219091462,,,,,,,,,
,,Un,the child likes the tower at play time,un,221414812,,,,,,,,,
,,,,,,,,,,,,,,
28,move,,Linguistic unit,P type,Image ID,Female 2,Male 2,Male 3,,,Freq bin,Conc bin,Syllable,
,,Target,he moves the house in the morning,target,288777386,F2_verb_transitivePP_28,,M3_verb_transitivePP_28,,,8,4,1,
,,P1,he views the house in the morning,distant,89766298,,,,,,,,,
,,P2,x,x,x,,,,,,,,,
,,P3,x,x,x,,,,,,,,,
,,S1,he moves house in the morning,assoc,39233433,,,,,,,,,
,,S2,he buys the house in the morning,assoc,35900025,,,,,,,,,
,,Un,he paints the house in the morning,un,37101451,,,,,,,,,
,,Un,he cleans the house in the morning,un,276453777,,,,,,,,,
,,,,,,,,,,,,,,
29,break,,Linguistic unit,P type,Image ID,Female 2,Male 2,Male 3,,,Freq bin,Conc bin,Syllable,
,,Target,he breaks some bread for dinner,target,19579305,F2_verb_transitivePP_29,,M3_verb_transitivePP_29,,,8,5,1,
,,P1,he bakes some bread for dinner,mp,317198153,,,,,,,,,
,,P2,he makes some bread for dinner,mp,261246989,,,,,,,,,
,,P3,he takes some bread for dinner,mp,151569650,,,,,,,,,
,,S1,he slices some bread for dinner,coord,286407695,,,,,,,,,
,,S2,x,x,x,,,,,,,,,
,,Un,he butters some bread for dinner,un,46162896,,,,,,,,,
,,Un,x,x,x,,,,,,,,,
,,,,,,,,,,,,,,
30,pour,,Linguistic unit,P type,Image ID,Female 2,Male 2,Male 3,,,Freq bin,Conc bin,Syllable,
,,Target,She pours the tea on the book,target,37899999,F2_verb_transitivePP_73,M2_verb_transitivePP_73,,,,6,6,1,
,,P1,She draws on the tea on the book,mp,40722100,,,,,,,,,
,,P2,x,x,x,,,,,,,,,
,,S1,She spills the tea on the book,coord,37010998,,,,,,,,,
,,S2,x,x,x,,,,,,,,,
,,S3,She stands the tea on the book,un,38724982,,,,,,,,,
,,Un,She holds the tea on the book,un,48948737,,,,,,,,,
,,Un,x,x,x,,,,,,,,,
,,,,,,,,,,,,,,
31,roll,,Linguistic unit,P type,Image ID,Female 2,Male 2,Male 3,,,Freq bin,Conc bin,Syllable,
,,Target,she rolls in waves on the beach,target,38562391,F2_verb_transitivePP_74,M2_verb_transitivePP_74,,,,7,6,1,
,,P1,she rows in waves on the beach,distant,46902715,,,,,,,,,
,,P2,she strolls in waves on the beach,close,34195931,,,,,,,,,
,,P3,x,x,x,,,,,,,,,
,,S1,x,x,x,,,,,,,,,
,,S3,she jumps in waves at the beach,coord,705655,,,,,,,,,
,,Un,she sits in waves on the beach,un,11122122,,,,,,,,,
,,Un,she paddles in waves on the beach,un,45589032,,,,,,,,,
,,,,,,,,,,,,,,
33,mix,,Linguistic unit,P type,Image ID,Female 2,Male 2,Male 3,,,Freq bin,Conc bin,Syllable,
,,Target,He mixes the glass at work,target,335752910,F2_verb_transitivePP_31,M2_verb_transitivePP_31,,,,5,5,2,
,,P1,He fixes the glass at work,mp,94503190,,,,,,,,,
,,P2,he misses the glass at work,mp,8305321,,,,,,,,,
,,P3,x,x,x,,,,,,,,,
,,S1,he pours the glass at work,assoc,30150678,,,,,,,,,
,,S2,x,x,x,,,,,,,,,
,,Un,x,x,x,,,,,,,,,
,,Un,he refuses the glass at work,un,45671065,,,,,,,,,
,,,,,,,,,,,,,,
36,secure,,Linguistic unit,P type,Image ID,Female 2,Male 2,Male 3,,,Freq bin,Conc bin,Syllable,
,,Target,the lady secures the meat in the butchers,target,251163214,F2_verb_transitivePP_34,M2_verb_transitivePP_34,,,,6,3,2,
,,P1,the lady skewers the meat in the butchers,close,255271336,,,,,,,,,
,,P2,x,x,x,,,,,,,,,
,,P3,x,x,x,,,,,,,,,
,,S1,x,x,x,,,,,,,,,
,,S2,x,x,x,,,,,,,,,
,,Un,the lady slices the meat in the butchers,un,243716407,,,,,,,,,
,,Un,the lady chooses the meat in the butchers,un,142786321,,,,,,,,,
,,,,,,,,,,,,,,
37,supervise,,Linguistic unit,P type,Image ID,Female 2,Male 2,Male 3,,,Freq bin,Conc bin,Syllable,
,,Target,the man supervises his colleague at work,target,241295458,F2_verb_transitivePP_35,M2_verb_transitivePP_35,,,,4,2,4,
,,P1,the man surprises his colleague at work,close,61659196,,,,,,,,,
,,P2,x,x,x,,,,,,,,,
,,P3,x,x,x,,,,,,,,,
,,S1,x,x,x,,,,,,,,,
,,S2,the man calls his colleague at work,un,36971928,,,,,,,,,
,,Un,the man meets his colleagues at work,un,3082742,,,,,,,,,
,,Un,the man shouts at his colleagues at work,un,26278996,,,,,,,,,
,,,,,,,,,,,,,,
38,apply,,Linguistic unit,P type,Image ID,Female 2,Male 2,Male 3,,,Freq bin,Conc bin,Syllable,
,,Target,the woman applies the paint at the weekend,target,184551248,F2_verb_transitivePP_36,M2_verb_transitivePP_36,,,,6,3,2,
,,P1,the woman buys the paint at the weekend,distant,118194658,,,,,,,,,
,,P2,x,x,x,,,,,,,,,
,,P3,x,x,x,,,,,,,,,
,,S1,x,x,x,,,,,,,,,
,,S2,the woman removes the paint at the weekend,coord,323061608,,,,,,,,,
,,Un,the woman thinks about paint at the weekend,un,249383818,,,,,,,,,
,,Un,the woman has the paint at the weekend,un,33928541,,,,,,,,,
,,,,,,,,,,,,,,
39,receive,,Linguistic unit,P type,Image ID,Female 2,Male 2,Male 3,,,Freq bin,Conc bin,Syllable,
,,Target,he receives the money in the morning,target,82427092,F2_verb_transitivePP_37,M2_verb_transitivePP_37,,,,6,3,2,
,,P1,he thieves the money in the morning,close,283020137,,,,,,,,,
,,P2,he leaves the money in the morning,close,140400013,,,,,,,,,
,,P3,x,x,x,,,,,,,,,
,,S1,he gives the money in the morning,,141577285,,,,,,,,,
,,S2,x,x,x,,,,,,,,,
,,Un,he counts the money in the morning,un,141173497,,,,,,,,,
,,Un,he burns the money in the morning,un,127785641,,,,,,,,,
,,,,,,,,,,,,,,
42,complete,,Linguistic unit,P type,Image ID,Female 2,Male 2,Male 3,,,Freq bin,Conc bin,Syllable,
,,Target,she completes the race at the weekend,target,31684419,F2_verb_transitivePP_40,M2_verb_transitivePP_40,,,,6,3,2,
,,P1,x,x,x,,,,,,,,,
,,P2,x,x,x,,,,,,,,,
,,P3,x,x,x,,,,,,,,,
,,S1,she begins the race at the weekend,coord,45435085,,,,,,,,,
,,S2,she competes in the race at the weekend,un,324777122,,,,,,,,,
,,S3,she sprints the race at the weekend,un,11668575,,,,,,,,,
,,Un,she runs the race at the weekend,un,100144160,,,,,,,,,
,,,,,,,,,,,,,,
43,answer,,Linguistic unit,P type,Image ID,Female 2,Male 2,Male 3,,,Freq bin,Conc bin,Syllable,
,,Target,the woman answers her telephone at work,target,237017809,F2_verb_transitivePP_41,M2_verb_transitivePP_41,,,,6,3,2,
,,P1,x,x,x,,,,,,,,,
,,P2,x,x,x,,,,,,,,,
,,P3,x,x,x,,,,,,,,,
,,S1,the woman ignores her telephone at work,coord,366726173,,,,,,,,,
,,S2,x,x,x,,,,,,,,,
,,Un,the woman breaks her telephone at work,un,228193180,,,,,,,,,
,,Un,the woman uses her telephone at work,un,42514584,,,,,,,,,
,,,,,,,,,,,,,,
48,escape,,Linguistic unit,P type,Image ID,Female 2,Male 2,Male 3,,,Freq bin,Conc bin,Syllable,
,,Target,the person escapes the box in the morning,target,54826561,F2_verb_transitivePP_46,M2_verb_transitivePP_46,,,,7,4,2,
,,P1,the person tapes the box in the morning,close,39233433,,,,,,,,,
,,P2,x,x,x,,,,,,,,,
,,P3,x,x,x,,,,,,,,,
,,S1,x,x,x,,,,,,,,,
,,S2,the person holds the box in the morning,un,41792443,,,,,,,,,
,,Un,the person carries the box in the morning,un,31447604,,,,,,,,,
,,Un,the person drops the box in the morning,un,73084216,,,,,,,,,
,,,,,,,,,,,,,,
53,mend,,Linguistic unit,P type,Image ID,Female 2,Male 2,Male 3,,,Freq bin,Conc bin,Syllable,
,,Target,the man mends the money he is holding,target,21826735,F2_verb_transitivePP_51,M2_verb_transitivePP_51,,,,5,5,1,
,,P1,the man bends the money he is holding,mp,333867218,,,,,,,,,
,,P2,the man spends the money he is holding,mp,279091361,,,,,,,,,
,,P3,x,x,x,,,,,,,,,
,,S1,the man tears the money he is holding,coord,18917902,,,,,,,,,
,,S2,the man burns the money he is holding,coord,127785641,,,,,,,,,
,,Un,the man bites the money he is holding,un,45021625,,,,,,,,,
,,Un,x,x,x,,,,,,,,,
,,,,,,,,,,,,,,
59,float,,Linguistic unit,P type,Image ID,Female 2,Male 2,Male 3,,,Freq bin,Conc bin,Syllable,
,,Target,he floats the boat in the water,target,218872225,F2_verb_transitivePP_57,M2_verb_transitivePP_57,,,,5,6,1,
,,P1,x,x,x,,,,,,,,,
,,P2,x,x,x,,,,,,,,,
,,P3,x,x,x,,,,,,,,,
,,S1,x,x,x,,,,,,,,,
,,S2,he paints the boat at the water,un,78658513,,,,,,,,,
,,Un,he flips the boat in the water,un,77004673,,,,,,,,,
,,Un,he drives the boat in the water,un,331319549,,,,,,,,,
,,,,,,,,,,,,,,
66,rake,,Linguistic unit,P type,Image ID,Female 2,Male 2,Male 3,,,Freq bin,Conc bin,Syllable,
,,Target,the gardener rakes the garden in the morning,target,68683468,F2_verb_transitivePP_64,M2_verb_transitivePP_64,,,,4,7,1,
,,P1,x,x,x,,,,,,,,,
,,P2,x,x,x,,,,,,,,,
,,P3,x,x,x,,,,,,,,,
,,S1,the gardener mows the garden in the morning,coord,35865163,,,,,,,,,
,,S2,the gardener weeds the garden in the morning,coord,192369584,,,,,,,,,
,,Un,the gardener prunes the garden in the morning,coord,287707931,,,,,,,,,
,,Un,the gardener shears the garden in the morning,coord,32425432,,,,,,,,,
,,,,,,,,,,,,,,
68,row,,Linguistic unit,P type,Image ID,Female 2,Male 2,Male 3,,,Freq bin,Conc bin,Syllable,
,,Target,the person rows the boat on holiday,target,16714942,F2_verb_transitivePP_66,M2_verb_transitivePP_66,,,,3,5,1,
,,P1,the person blows the boat on holiday,mp,374733022,,,,,,,,,
,,P2,the person tows the boat on holiday,mp,15620563,,,,,,,,,
,,P3,x,x,x,,,,,,,,,
,,S1,the person drives the boat on holiday,assoc,331319549,,,,,,,,,
,,S2,the person floats the boat on holiday,assoc,218872225,,,,,,,,,
,,Un,the person steers the boat on holiday,coord,52091113,,,,,,,,,
,,Un,x,x,x,,,,,,,,,
,,,,,,,,,,,,,,
A,pay,,Linguistic unit,P type,Image ID,Female 2,Male 2,Male 3,,,Freq bin,Conc bin,Syllable,
,,Target,The boy pays with his family at the weekend,target,127336061,F2_verb_transitivePP_3,,M3_verb_transitivePP_3,,,8,5,1,1
,,P1,The boy stays with his family at the weekend,distant,325186454,,,,,,,,,
,,P2,The boy prays with his family at the weekend,mp,295211936,,,,,,,,,
,,P3,x,x,x,,,,,,,,,
,,S1,the boy sells with his family,assoc,33401269,,,,,,,,,
,,S2,The boy shops with his family at the weekend,assoc,84276046,,,,,,,,,
,,Un,x,x,x,,,,,,,,,
,,Un,theboy sings with his family at the weekend,un,129268307,,,,,,,,,
,,,,,,,,,,,,,,
A,throw,,Linguistic unit,P type,Image ID,Female 2,Male 2,Male 3,,,Freq bin,Conc bin,Syllable,
,,Target,The man throws the grass outdoors,target,292171979,F2_verb_transitivePP_6,,M3_verb_transitivePP_6,,,7,6,1,1
,,P1,The man mows the grass outdoors,mp,35865163,,,,,,,,,
,,P2,The man blows the grass outdoors,mp,317574872,,,,,,,,,
,,P3,x,x,x,,,,,,,,,
,,S1,The man rolls the grass outdoors,coord,105187505,,,,,,,,,
,,S2,The man pulls the grass outdoors,coord,428624050,,,,,,,,,
,,Un,The man lays the grass outdoors,un,28992223,,,,,,,,,
,,Un,The man cuts the grass outdoors,un,54472663,,,,,,,,,
,,,,,,,,,,,,,,
A,thieve,,Linguistic unit,P type,Image ID,Female 2,Male 2,Male 3,,,Freq bin,Conc bin,Syllable,
,,Target,he thieves the money in the morning,target,283020137,F2_verb_transitivePP_38,M2_verb_transitivePP_38,,,,6,3,2,1
,,P1,he receives the money in the morning,close,82427092,,,,,,,,,
,,P2,he leaves the money in the morning,mp,140400013,,,,,,,,,
,,P3,x,x,x,,,,,,,,,
,,S1,he gives the money in the morning,coord,141577285,,,,,,,,,
,,S2,he donates the money in the morning,assoc,407061553,,,,,,,,,
,,Un,he throws away the money in the morning,un,309706562,,,,,,,,,
,,Un,x,x,x,,,,,,,,,
,,,,,,,,,,,,,,
A,dye,,Linguistic unit,P type,Image ID,Female 2,Male 2,Male 3,,,Freq bin,Conc bin,Syllable,
,,Target,the woman dyes her hair by herself,target,70293706,F2_verb_transitivePP_44,M2_verb_transitivePP_44,,,,4,5,1,1
,,P1,the woman ties her hair by herself,mp,43788469,,,,,,,,,
,,P2,the woman dries her hair by herself,mp,4458957,,,,,,,,,
,,P3,x,x,x,,,,,,,,,
,,S1,the woman brushes her hair by herself,coord,268385192,,,,,,,,,
,,S2,the woman washes her hair by herself,coord,126536075,,,,,,,,,
,,Un,the woman braids her hair by herself,un,417727873,,,,,,,,,
,,Un,x,x,x,,,,,,,,,
,,,,,,,,,,,,,,
A,hide,,Linguistic unit,P type,Image ID,Female 2,Male 2,Male 3,,,Freq bin,Conc bin,Syllable,
,,Target,the child hides the dog whilst playing,target,362680331,F2_verb_transitivePP_47,M2_verb_transitivePP_47,,,,7,4,1,1
,,P1,the child rides the dog whilst playing,mp,125585768,,,,,,,,,
,,P2,the child holds the dog whilst playing,close,291064715,,,,,,,,,
,,P3,x,x,x,,,,,,,,,
,,S1,the child unwraps the dog whilst playing,assoc,165896732,,,,,,,,,
,,S2,the child photographs the dog whist playing,assoc,191606129,,,,,,,,,
,,Un,the child strokes the dog whilst playing,un,256144618,,,,,,,,,
,,Un,x,x,x,,,,,,,,,
,,,,,,,,,,,,,,
A,serve,,Linguistic unit,P type,Image ID,Female 2,Male 2,Male 3,,,Freq bin,Conc bin,Syllable,
,,Target,the barista serves the hot chocolate at the caf‚,target,253353463,F2_verb_transitivePP_54,M2_verb_transitivePP_54,,,,7,5,1,1
,,P1,the barista sieves the hot chocolate at the caf‚,mp,214900837,,,,,,,,,
,,P2,the barista sells the hot chocolateat the caf‚,close,388178929,,,,,,,,,
,,P3,x,x,x,,,,,,,,,
,,S1,the barista makes the hot chocolate at the caf‚,un,306914240,,,,,,,,,
,,S2,the barista spills the hot chocolate at the caf‚,un,231123181,,,,,,,,,
,,Un,the barista drinks the hot chocoloate at the caf‚,un,323409059,,,,,,,,,
,,Un,x,x,x,,,,,,,,,
,,,,,,,,,,,,,,
A,bake,,Linguistic unit,P type,Image ID,Female 2,Male 2,Male 3,,,Freq bin,Conc bin,Syllable,
,,Target,The lady bakes some cupcakes in the morning,target,74529160,F2_verb_transitivePP_30,M2_verb_transitivePP_30,,,,6,6,1,
,,P1,The lady takes some cupcakes in the morning,mp,298437920,,,,,,,,,
,,P2,The lady makes some cupcakes in the morning,mp,119454553,,,,,,,,,
,,P3,x,x,x,,,,,,,,,
,,S1,x,x,x,,,,,,,,,
,,S2,The lady sells some cupcakes in the morning,un,315490829,,,,,,,,,
,,Un,The lady holds some cupcakes in the morning,un,301698671,,,,,,,,,
,,Un,The lady ices some cupcakes in the morning,un,216112459,,,,,,,,,
,,,,,,,,,,,,,,
A,tie,,Linguistic unit,P type,Image ID,Female 2,Male 2,Male 3,,,Freq bin,Conc bin,Syllable,
,,Target,she ties the shoes for her daughter,target,132756662,F2_verb_transitivePP_32,M2_verb_transitivePP_32,,,,6,7,1,
,,P1,she buys the shoes for her daughter,mp,286186109,,,,,,,,,
,,P2,she dries the shoes for her daughter,mp,165605063,,,,,,,,,
,,P3,x,x,x,,,,,,,,,
,,S1,she fastens the shoes her for daughter,coord,246308425,,,,,,,,,
,,S2,x,x,x,,,,,,,,,
,,Un,x,x,x,,,,,,,,,
,,Un,she holds the shoes for her daughter,un,292420748,,,,,,,,,
,,,,,,,,,,,,,,
A,organise,,Linguistic unit,P type,Image ID,Female 2,Male 2,Male 3,,,Freq bin,Conc bin,Syllable,
,,Target,the woman organises the laundry at home,target,269888942,F2_verb_transitivePP_33,M2_verb_transitivePP_33,,,,6,3,4,
,,P1,x,x,x,,,,,,,,,
,,P2,x,x,x,,,,,,,,,
,,P3,x,x,x,,,,,,,,,
,,S1,x,x,x,,,,,,,,,
,,S2,the woman does the laundry at home,un,304169150,,,,,,,,,
,,Un,the woman holds the laundry at home,un,319299044,,,,,,,,,
,,Un,the woman hangs the laundry at home,un,152744090,,,,,,,,,
,,,,,,,,,,,,,,
A,cheer,,Linguistic unit,P type,Image ID,Female 2,Male 2,Male 3,,,Freq bin,Conc bin,Syllable,
,,Target,the woman cheers the man at the weekned,target,256140502,F2_verb_transitivePP_42,M2_verb_transitivePP_42,,,,6,3,1,
,,P1,the woman hears the man at the weekend,mp,332946251,,,,,,,,,
,,P2,the woman fears the man at the weekend,mp,4363612,,,,,,,,,
,,P3,the woman steers the man at the weekend,mp,261086432,,,,,,,,,
,,S1,x,x,x,,,,,,,,,
,,S2,x,x,x,,,,,,,,,
,,Un,the woman berates the man at the weekend,un,6708079,,,,,,,,,
,,Un,the woman punches the man at the weekend,un,55254485,,,,,,,,,
,,,,,,,,,,,,,,
A,bend,,Linguistic unit,P type,Image ID,Female 2,Male 2,Male 3,,,Freq bin,Conc bin,Syllable,
,,Target,the man bends the money he is holding,target,333867218,F2_verb_transitivePP_50,M2_verb_transitivePP_50,,,,6,5,1,
,,P1,the man spends the money he is holding,mp,279091361,,,,,,,,,
,,P2,the man mends the money he is holding,mp,21826735,,,,,,,,,
,,P3,x,x,x,,,,,,,,,
,,S1,x,x,x,,,,,,,,,
,,S2,the man bites the money he is holding,un,45021625,,,,,,,,,
,,Un,the man pockets the money he is holding,un,110174939,,,,,,,,,
,,Un,the man burns the money he is holding,un,127785641,,,,,,,,,
,,,,,,,,,,,,,,
A,paint,,Linguistic unit,P type,Image ID,Female 2,Male 2,Male 3,,,Freq bin,Conc bin,Syllable,
,,Target,they paint the person together,target,117665728,F2_verb_transitivePP_56,M2_verb_transitivePP_56,,,,7,7,1,
,,P1,they pay the person together,mp,127336061,,,,,,,,,
,,P2,x,x,x,,,,,,,,,
,,P3,x,x,x,,,,,,,,,
,,S1,x,x,x,,,,,,,,,
,,S2,x,x,x,,,,,,,,,
,,Un,they wash the person together,un,201024191,,,,,,,,,
,,Un,they cheer the person together,un,40296092,,,,,,,,,
,,,,,,,,,,,,,,
A,buy,,Linguistic unit,P type,Image ID,Female 2,Male 2,Male 3,,,Freq bin,Conc bin,Syllable,
,,Target,he buys a book for himself,target,37679035,F2_verb_transitivePP_58,M2_verb_transitivePP_58,,,,8,4,1,
,,P1,he bites a book for himself,mp,22620931,,,,,,,,,
,,P2,he ties a book for himself,mp,327358220,,,,,,,,,
,,P3,x,x,x,,,,,,,,,
,,S1,x,x,x,,,,,,,,,
,,S2,x,x,x,,,,,,,,,
,,Un,he writes a book for himself,un,233235589,,,,,,,,,
,,Un,he types a book for himself,un,854585459,,,,,,,,,
,,,,,,,,,,,,,,
A,tie,,Linguistic unit,P type,Image ID,Female 2,Male 2,Male 3,,,Freq bin,Conc bin,Syllable,
,,Target,he ties a book by himself,target,327358220,F2_verb_transitivePP_59,M2_verb_transitivePP_59,,,,6,7,1,
,,P1,he buys a book by himself,mp,37679035,,,,,,,,,
,,P2,he tears a book by himself,mp,189949892,,,,,,,,,
,,P3,x,x,x,,,,,,,,,
,,S1,x,x,x,,,,,,,,,
,,S2,he bites a book by himself,mp,22620931,,,,,,,,,
,,Un,he writes a book by himself,un,233235589,,,,,,,,,
,,Un,he types a book by himself,un,854585459,,,,,,,,,
,,,,,,,,,,,,,,
A,tear,,Linguistic unit,P type,Image ID,Female 2,Male 2,Male 3,,,Freq bin,Conc bin,Syllable,
,,Target,she tears the paper at work,target,20632371,F2_verb_transitivePP_60,M2_verb_transitivePP_60,,,,6,7,1,
,,P1,she ties the paper at work,mp,228705844,,,,,,,,,
,,P2,she wears the paper at work,mp,269614994,,,,,,,,,
,,P3,x,x,x,,,,,,,,,
,,S1,she cuts the paper at work,coord,23966059,,,,,,,,,
,,S2,x,x,x,,,,,,,,,
,,Un,she signs the paper at work,un,1034819,,,,,,,,,
,,Un,she writes the paper at work,un,283330370,,,,,,,,,
,,,,,,,,,,,,,,
A,dry,,Linguistic unit,P type,Image ID,Female 2,Male 2,Male 3,,,Freq bin,Conc bin,Syllable,
,,Target,The man dries the car at the weekend,target,326580767,F2_verb_transitivePP_67,M2_verb_transitivePP_67,,,,6,5,1,
,,P1,The man drives the car at the weekend,mp,5089174,,,,,,,,,
,,P2,x,x,x,,,,,,,,,
,,P3,x,x,x,,,,,,,,,
,,S1,the man washes the car at the weekend,coord,296116034,,,,,,,,,
,,S2,the man starts the car at the weekend,un,133833095,,,,,,,,,
,,Un,The man refuels the car at the weekend,un,223069789,,,,,,,,,
,,Un,The man fixes the car at the weekend,un,249727981,,,,,,,,,
,,,,,,,,,,,,,,
A,pack,,Linguistic unit,P type,Image ID,Female 2,Male 2,Male 3,,,Freq bin,Conc bin,Syllable,
,,Target,he packs the wood in the morning,target,110347763,F2_verb_transitivePP_72,M2_verb_transitivePP_72,,,,6,5,1,
,,P1,he pecks the wood in the morning,mp,233818054,,,,,,,,,
,,P2,he picks the wood in the morning,mp,273322691,,,,,,,,,
,,P3,x,x,x,,,,,,,,,
,,S1,x,x,x,,,,,,,,,
,,S2,he chops the wood in the morning,un,299655560,,,,,,,,,
,,Un,he sands the wood in the morning,un,222272809,,,,,,,,,
,,Un,he saws the wood in the morning,un,112072841,,,,,,,,,
