,dart,,Linguistic unit,P type,Image ID,Male 1,Male 2,Female 2,Female 1,,Freq bin,Conc bin,Syllable,Forced
,,Target,the dart flies in the air,target,40075117,M1_Noun_intransitivePPbeg_4,,F2_Noun_intransitivePPbeg_4,,,5,7,1,
,,P1,the heart flies in the air,mp,124876381,,,,,,,,,
,,P2,x,x,x,,,,,,,,,
,,P3,x,x,x,,,,,,,,,
,,S1,the ball flies in the air,coord,11609345,,,,,,,,,
,,S2,the girl flies in the air,un,31684154,,,,,,,,,
,,Un,the bee flies in the air,un,401178718,,,,,,,,,
,,Un,the bird flies in the air,un,145892687,,,,,,,,,
,,,,,,,,,,,,,,
,lady,,Linguistic unit,P type,Image ID,Male 1,Male 2,Female 2,Female 1,,Freq bin,Conc bin,Syllable,
,,Target,the lady talks on the phone,target,126153506,M1_Noun_intransitivePPbeg_5,,F2_Noun_intransitivePPbeg_5,,,8,6,2,
,,P1,the baby talks on the phone,distant,23830819,,,,,,,,,
,,P2,x,x,x,,,,,,,,,
,,P3,the girl talks on the phone,coord,132348320,,,,,,,,,
,,S1,the man talks on the phone,coord,87275050,,,,,,,,,
,,S2,the boy talks on the phone,coord,279289346,,,,,,,,,
,,Un,the dog talks on the phone,un,117492673,,,,,,,,,
,,Un,x,x,x,,,,,,,,,
,,,,,,,,,,,,,,
,art,,Linguistic unit,P type,Image ID,Male 1,Male 2,Female 2,Female 1,,Freq bin,Conc bin,Syllable,
,,Target,the art is on the wall,target,15425412,M1_Noun_intransitivePPbeg_6,,F2_Noun_intransitivePPbeg_6,,,8,6,1,
,,P1,the heart is on the wall,mp,122500636,,,,,,,,,
,,P2,the dart is on the wall,mp,135168752,,,,,,,,,
,,P3,x,x,x,,,,,,,,,
,,S1,the paintbrush is on the wall,assoc,21963649,,,,,,,,,
,,S2,the paint is on the wall,assoc,37101451,,,,,,,,,
,,Un,the clock is on the wall,un,312464915,,,,,,,,,
,,Un,x,x,x,,,,,,,,,
,,,,,,,,,,,,,,
,mushroom,,Linguistic unit,P type,Image ID,Male 1,Male 2,Female 2,Female 1,,Freq bin,Conc bin,Syllable,
,,Target,the mushroom is on the chopping board,target,130753628,M1_Noun_intransitivePPbeg_7,,F2_Noun_intransitivePPbeg_7,,,5,7,2,
,,P1,x,x,x,,,,,,,,,
,,P2,x,x,x,,,,,,,,,
,,P3,the carrot is on the chopping board,assoc,257104510,,,,,,,,,
,,S1,the onion is on the chopping board,assoc,130666667,,,,,,,,,
,,S2,the pepper is on the chopping board,assoc,130654985,,,,,,,,,
,,Un,the cucumber is on the chopping board,assoc,130666601,,,,,,,,,
,,Un,the tomato is on the chopping board,assoc,41876749,,,,,,,,,
,,,,,,,,,,,,,,
,record,,Linguistic unit,P type,Image ID,Male 1,Male 2,Female 2,Female 1,,Freq bin,Conc bin,Syllable,
,,Target,the record plays for the dog,target,27178933,M1_Noun_intransitivePPbeg_9,,F2_Noun_intransitivePPbeg_9,,,8,6,2,
,,P1,the radio plays for the dog,distant,228937378,,,,,,,,,
,,P2,x,x,x,,,,,,,,,
,,P3,x,x,x,,,,,,,,,
,,S1,the CD plays for the dog,coord,115862080,,,,,,,,,
,,S2,the tape plays for the dog,coord,155382872,,,,,,,,,
,,Un,the phone plays for the dog,un,117492673,,,,,,,,,
,,Un,the headphones play for the dog,un,162386480,,,,,,,,,
,,,,,,,,,,,,,,
,hammer,,Linguistic unit,P type,Image ID,Male 1,Male 2,Female 2,Female 1,,Freq bin,Conc bin,Syllable,
,,Target,the hammer is on the table,target,221714875,M1_Noun_intransitivePPbeg_15,,F2_Noun_intransitivePPbeg_15,,,7,7,2,
,,P1,the hamper is on the table,mp,292671560,,,,,,,,,
,,P2,the hanger is on the table,mp,197894261,,,,,,,,,
,,P3,the ham is on the table,close,296284007,,,,,,,,,
,,S1,the saw is on the table,coord,308580296,,,,,,,,,
,,S2,the spanner is on the table,coord,290462636,,,,,,,,,
,,Un,x,x,x,,,,,,,,,
,,Un,x,x,x,,,,,,,,,
,,,,,,,,,,,,,,
,wall,,Linguistic unit,P type,Image ID,Male 1,Male 2,Female 2,Female 1,,Freq bin,Conc bin,Syllable,
,,Target,the wall is under the tree,target,3113819,M1_Noun_intransitivePPbeg_18,,F2_Noun_intransitivePPbeg_18,,,8,7,1,
,,P1,the ball is under the tree,mp,275203676,,,,,,,,,
,,P2,the wool is under the tree,mp,142140757,,,,,,,,,
,,P3,x,x,x,,,,,,,,,
,,S1,the window is under the tree,coord,212369812,,,,,,,,,
,,S2,the fence is under the tree,coord,221591896,,,,,,,,,
,,Un,x,x,x,,,,,,,,,
,,Un,the sheep is under the tree,un,65811931,,,,,,,,,
,,,,,,,,,,,,,,
,teapot,,Linguistic unit,P type,Image ID,Male 1,Male 2,Female 2,Female 1,,Freq bin,Conc bin,Syllable,
,,Target,the teapot is in the garden,target,284012081,M1_Noun_intransitivePPbeg_25,,F2_Noun_intransitivePPbeg_25,,,5,7,2,
,,P1,the teepee is in the garden,close,263392979,,,,,,,,,
,,P2,the coffeepot is in the garden,distant,209679976,,,,,,,,,
,,P3,x,x,x,,,,,,,,,
,,S1,the pot is in the garden,coord,50276305,,,,,,,,,
,,S2,the jug is in the garden,coord,328154375,,,,,,,,,
,,Un,the water is in the garden,coord,282178793,,,,,,,,,
,,Un,x,x,x,,,,,,,,,
,,,,,,,,,,,,,,
,court,,Linguistic unit,P type,Image ID,Male 1,Male 2,Female 2,Female 1,,Freq bin,Conc bin,Syllable,
,,Target,the court is in the garden,target,219251344,M1_Noun_intransitivePPbeg_27,,F2_Noun_intransitivePPbeg_27,,,8,6,1,
,,P1,the cart is in the garden,mp,91234046,,,,,,,,,
,,P2,the fort is in the garden,mp,56914543,,,,,,,,,
,,P3,x,x,x,,,,,,,,,
,,S1,the wedding is in the garden,coord,1734960,,,,,,,,,
,,S2,the pitch is in the garden,coord,290605997,,,,,,,,,
,,Un,the fork  is in the garden,un,192369584,,,,,,,,,
,,Un,x,x,x,,,,,,,,,
,,,,,,,,,,,,,,
,hanger,,Linguistic unit,P type,Image ID,Male 1,Male 2,Female 2,Female 1,,Freq bin,Conc bin,Syllable,
,,Target,the hanger lies on the table,target,197894261,M1_Noun_intransitivePPbeg_30,,F2_Noun_intransitivePPbeg_30,,,4,7,2,
,,P1,the hamper lies on the table,mp,292671560,,,,,,,,,
,,P2,x,x,x,,,,,,,,,
,,P3,the hammer lies on the table,mp,221714875,,,,,,,,,
,,S1,the clothes lies on the table,coord,299112899,,,,,,,,,
,,S2,x,x,,,,,,,,,,
,,Un,the cat lies on the table,un,289930448,,,,,,,,,
,,Un,the  bread lies on the table,un,242946103,,,,,,,,,
,,,,,,,,,,,,,,
,bush,,Linguistic unit,P type,Image ID,Male 1,Male 2,Female 2,Female 1,,Freq bin,Conc bin,Syllable,
,,Target,the bush grows in the field,target,270854237,M1_Noun_intransitivePPbeg_31,,F2_Noun_intransitivePPbeg_31,,,6,7,1,
,,P1,the bull grows in the field,close,35054917,,,,,,,,,
,,P2,x,x,x,,,,,,,,,
,,P3,x,x,x,,,,,,,,,
,,S1,the tree grows in the field,coord,34873670,,,,,,,,,
,,S2,the plant grows in the field,coord,328986,,,,,,,,,
,,Un,the cow grows in the field,un,41145079,,,,,,,,,
,,Un,the bird grows in the field,un,153308996,,,,,,,,,
,,,,,,,,,,,,,,
,butterfly,,Linguistic unit,P type,Image ID,Male 1,Male 2,Female 2,Female 1,,Freq bin,Conc bin,Syllable,
,,Target,The butterfly lands on his nose,target,143498137,M1_Noun_intransitivePPbeg_34,,F2_Noun_intransitivePPbeg_34,,,6,7,3,
,,P1,x,x,x,,,,,,,,,
,,P2,x,x,x,,,,,,,,,
,,P3,The fly lands on his nose,distant,66699028,,,,,,,,,
,,S1,The bee lands on his nose,coord,160525967,,,,,,,,,
,,S2,The ladybird lands on his nose,coord,29579935,,,,,,,,,
,,Un,The snail lands on his nose,coord,1027757,,,,,,,,,
,,Un,The bird lands on his nose,coord,161411003,,,,,,,,,
,,,,,,,,,,,,,,
,typewriter,,Linguistic unit,P type,Image ID,Male 1,Male 2,Female 2,Female 1,,Freq bin,Conc bin,Syllable,
,,Target,the typewriter breaks at work,target,27573228,M1_Noun_intransitivePPbeg_47,,F2_Noun_intransitivePPbeg_47,,,4,7,3,
,,P1,x,x,,,,,,,,,,
,,P2,the lighter breaks at work,distant,58276510,,,,,,,,,
,,P3,x,x,x,,,,,,,,,
,,S1,the computer breaks at work,coord,39928269,,,,,,,,,
,,S2,the phone breaks at work,coord,136487447,,,,,,,,,
,,Un,the pencil breaks at work,un,325855256,,,,,,,,,
,,Un,the radio breaks at work,un,50647519,,,,,,,,,
,,,,,,,,,,,,,,
,rainbow,,Linguistic unit,P type,Image ID,Male 1,Male 2,Female 2,Female 1,,Freq bin,Conc bin,Syllable,
,,Target,the rainbow appears outside,target,132632972,M1_Noun_intransitivePPbeg_48,,F2_Noun_intransitivePPbeg_48,,,6,7,2,
,,P1,the crossbow appears outside,distant,246542533,,,,,,,,,
,,P2,the rain appears outside,distant/coord,43859197,,,,,,,,,
,,P3,x,x,x,,,,,,,,,
,,S1,the sunset appears outside,coord,15135205,,,,,,,,,
,,S2,the lightening appears outside,coord,324240191,,,,,,,,,
,,Un,the snow appears outside,un,162729056,,,,,,,,,
,,Un,x,x,x,,,,,,,,,
,,,,,,,,,,,,,,
,secretary,,Linguistic unit,P type,Image ID,Male 1,Male 2,Female 2,Female 1,,Freq bin,Conc bin,Syllable,
,,Target,the secretary looks at the computer,target,190568510,,M2_Noun_intransitivePPbeg_50,,F1_Noun_intransitivePPbeg_50,,8,7,4,
,,P1,x,x,x,,,,,,,,,
,,P2,x,x,x,,,,,,,,,
,,P3,the security looks at the computer,distant,194984342,,,,,,,,,
,,S1,the doctor looks at the computer,coord,81573745,,,,,,,,,
,,S2,the cleaner looks at the computer,coord,280787885,,,,,,,,,
,,Un,the child looks at the computer,un,320399756,,,,,,,,,
,,Un,the graduate looks at the computer,coord,265892489,,,,,,,,,
,,,,,,,,,,,,,,
,pound,,Linguistic unit,P type,Image ID,Male 1,Male 2,Female 2,Female 1,,Freq bin,Conc bin,Syllable,
,,Target,a pound lies in the garden,target,52132202,,M2_Noun_intransitivePPbeg_51,,F1_Noun_intransitivePPbeg_51,,7,7,1,
,,P1,a pond lies in the garden,mp,57479839,,,,,,,,,
,,P2,a hound lies in the garden,mp,93762340,,,,,,,,,
,,P3,a mound lies in the garden,mp,289749473,,,,,,,,,
,,S1,a note lies in the garden,coord,133645565,,,,,,,,,
,,S2,x,x,x,,,,,,,,,
,,Un,x,x,x,,,,,,,,,
,,Un,a weight lies in the garden,un,286452014,,,,,,,,,
,,,,,,,,,,,,,,
,iron,,Linguistic unit,P type,Image ID,Male 1,Male 2,Female 2,Female 1,,Freq bin,Conc bin,Syllable,
,,Target,the iron belongs to the man,target,51388888,,M2_Noun_intransitivePPbeg_53,,F1_Noun_intransitivePPbeg_53,,7,7,2,
,,P1,the lion belongs to the man,mp,134472080,,,,,,,,,
,,P2,the onion belongs to the man,distant,130666667,,,,,,,,,
,,P3,x,x,x,,,,,,,,,
,,S1,the sock belongs to the man,assoc,310809407,,,,,,,,,
,,S2,the hanger belongs to the man,assoc,280925774,,,,,,,,,
,,Un,the laundry belongs to the man,assoc,19291843,,,,,,,,,
,,Un,x,x,x,,,,,,,,,
,,,,,,,,,,,,,,
,couple,,Linguistic unit,P type,Image ID,Male 1,Male 2,Female 2,Female 1,,Freq bin,Conc bin,Syllable,
,,Target,the couple smile together,target,39595978,,M2_Noun_intransitivePPbeg_54,,F1_Noun_intransitivePPbeg_54,,8,5,2,
,,P1,the people smile together,distant,37284049,,,,,,,,,
,,P2,the apples smile together,distant,1124309361,,,,,,,,,
,,P3,x,x,x,,,,,,,,,
,,S1,the children smile together,assoc,6080655,,,,,,,,,
,,S2,x,x,x,,,,,,,,,
,,Un,the family smile together,un,21402747,,,,,,,,,
,,Un,the women smile together,un,309289829,,,,,,,,,
,,,,,,,,,,,,,,
,woman,,Linguistic unit,P type,Image ID,Male 1,Male 2,Female 2,Female 1,,Freq bin,Conc bin,Syllable,
,,Target,the woman cheers in excitement,target,58154158,,M2_Noun_intransitivePPbeg_56,,F1_Noun_intransitivePPbeg_56,,8,6,2,
,,P1,the women cheer in excitement,close,256140502,,,,,,,,,
,,P2,x,x,x,,,,,,,,,
,,P3,x,x,x,,,,,,,,,
,,S1,the man cheers in excitement,coord,189008066,,,,,,,,,
,,S2,the child cheers in excitement,coord,54826561,,,,,,,,,
,,Un,the men cheer in excitement,assoc,225348109,,,,,,,,,
,,Un,the children cheer in excitement,assoc,88265581,,,,,,,,,
,,,,,,,,,,,,,,
,women,,Linguistic unit,P type,Image ID,Male 1,Male 2,Female 2,Female 1,,Freq bin,Conc bin,Syllable,
,,Target,the women cheer in excitement,target,256140502,,M2_Noun_intransitivePPbeg_57, ,F1_Noun_intransitivePPbeg_57,,8,6,2,
,,P1,the woman cheers in excitement,close,58154158,,,,,,,,,
,,P2,x,x,x,,,,,,,,,
,,P3,x,x,x,,,,,,,,,
,,S1,the man cheers in excitement,coord,189008066,,,,,,,,,
,,S2,the child cheers in excitement,coord,54826561,,,,,,,,,
,,Un,the men cheer in excitement,assoc,225348109,,,,,,,,,
,,Un,the children cheer in excitement,assoc,88265581,,,,,,,,,
,,,,,,,,,,,,,,
,doll,,Linguistic unit,P type,Image ID,Male 1,Male 2,Female 2,Female 1,,Freq bin,Conc bin,Syllable,
,,Target,the doll belongs to the child,target,181238870,,M2_Noun_intransitivePPbeg_58,,F1_Noun_intransitivePPbeg_58,,6,7,1,
,,P1,the bowl belongs to the child,close,178210637,,,,,,,,,
,,P2,the drill belongs to the child,distant,204591244,,,,,,,,,
,,P3,the goal belongs to the child,close,201975412,,,,,,,,,
,,S1,the bear belongs to the child,coord,249462853,,,,,,,,,
,,S2,the rabbit belongs to the child,coord,345403865,,,,,,,,,
,,Un,x,x,x,,,,,,,,,
,,Un,x,x,x,,,,,,,,,
,,,,,,,,,,,,,,
,parrot,,Linguistic unit,P type,Image ID,Male 1,Male 2,Female 2,Female 1,,Freq bin,Conc bin,Syllable,
,,Target,the parrot is in the bucket,target,55506964,,M2_Noun_intransitivePPbeg_60,,F1_Noun_intransitivePPbeg_60,,5,7,2,
,,P1,the carrot is in the bucket,mp,40789309,,,,,,,,,
,,P2,the ferret is in the bucket,distant,98441516,,,,,,,,,
,,P3,x,x,x,,,,,,,,,
,,S1,the egg is in the bucket,assoc,7456320504,,,,,,,,,
,,S2,x,x,x,,,,,,,,,
,,Un,the cherry is in the bucket,un,485695425,,,,,,,,,
,,Un,the horse is in the bucket,un,84453310,,,,,,,,,
,,,,,,,,,,,,,,
,minute,,Linguistic unit,P type,Image ID,Male 1,Male 2,Female 2,Female 1,,Freq bin,Conc bin,Syllable,
,,Target,the minute ends now,target,12702728,,M2_Noun_intransitivePPbeg_62,,F1_Noun_intransitivePPbeg_62,,8,4,2,
,,P1,x,x,x,,,,,,,,,
,,P2,the permit ends now,close,83257171,,,,,,,,,
,,P3,x,x,x,,,,,,,,,
,,S1,the month ends now,coord,198643070,,,,,,,,,
,,S2,the hour ends now,assoc,295919873,,,,,,,,,
,,Un,the mile ends now,un,101194771,,,,,,,,,
,,Un,the film ends now,un,373569079,,,,,,,,,
,,,,,,,,,,,,,,
,queen,,Linguistic unit,P type,Image ID,Male 1,Male 2,Female 2,Female 1,,Freq bin,Conc bin,Syllable,
,,Target,the queen sits on the chair,target,376604752,,M2_Noun_intransitivePPbeg_64,,F1_Noun_intransitivePPbeg_64,,8,6,1,
,,P1,x,x,x,,,,,,,,,
,,P2,the teen sits on the chair,mp,326002187,,,,,,,,,
,,P3,x,x,x,,,,,,,,,
,,S1,the king sits on the chair,coord,214078708,,,,,,,,,
,,S2,the crown sits on the chair,assoc,42029989,,,,,,,,,
,,Un,the dog sits on the chair,un,328631165,,,,,,,,,
,,Un,the woman sits on the chair,un,360527153,,,,,,,,,
,,,,,,,,,,,,,,
,music,,Linguistic unit,P type,Image ID,Male 1,Male 2,Female 2,Female 1,,Freq bin,Conc bin,Syllable,
,,Target,the music plays quietly,target,322969853,,M2_Noun_intransitivePPbeg_66,,F1_Noun_intransitivePPbeg_66,,8,6,2,
,,P1,x,x,x,,,,,,,,,
,,P2,the moose plays quietly,distant,96205961,,,,,,,,,
,,P3,x,x,x,,,,,,,,,
,,S1,the child plays quietly,assoc,283819610,,,,,,,,,
,,S2,the bear plays quietly,assoc,149694575,,,,,,,,,
,,Un,the dog plays quietly,un,16909218,,,,,,,,,
,,Un,the cat plays quietly,un,172615112,,,,,,,,,
,,,,,,,,,,,,,,
,pressure,,Linguistic unit,P type,Image ID,Male 1,Male 2,Female 2,Female 1,,Freq bin,Conc bin,Syllable,
,,Target,the pressure builds slowly,target,286013873,,M2_Noun_intransitivePPbeg_69,,F1_Noun_intransitivePPbeg_69,,8,4,2,
,,P1,x,x,x,,,,,,,,,
,,P2,the treasure builds slowly,close,98150270,,,,,,,,,
,,P3,x,x,x,,,,,,,,,
,,S1,the work builds slowly,assoc,193420553,,,,,,,,,
,,S2,the man builds slowly,assoc,222634690,,,,,,,,,
,,Un,the pile builds slowly,un,319703726,,,,,,,,,
,,Un,the child builds slowly,un,61575769,,,,,,,,,
,,,,,,,,,,,,,,
,part,,Linguistic unit,P type,Image ID,Male 1,Male 2,Female 2,Female 1,,Freq bin,Conc bin,Syllable,
,,Target,the part breaks suddenly,target,26631547,,M2_Noun_intransitivePPbeg_71,,F1_Noun_intransitivePPbeg_71,,8,4,1,
,,P1,the heart breaks  suddenly,mp,373428664,,,,,,,,,
,,P2,the cart breaks  suddenly,mp,255274603,,,,,,,,,
,,P3,the tart breaks  suddenly,mp,323290961,,,,,,,,,
,,S1,the bike breaks  suddenly,assoc,182877068,,,,,,,,,
,,S2,the car breaks  suddenly,assoc,109392599,,,,,,,,,
,,Un,x,x,x,,,,,,,,,
,,Un,x,x,x,,,,,,,,,
,,,,,,,,,,,,,,
,match,,Linguistic unit,P type,Image ID,Male 1,Male 2,Female 2,Female 1,,Freq bin,Conc bin,Syllable,
,,Target,the match burns slowly,target,330167753,,M2_Noun_intransitivePPbeg_72,,F1_Noun_intransitivePPbeg_72,,8,6,1,
,,P1,x,x,x,,,,,,,,,
,,P2,x,x,x,,,,,,,,,
,,P3,x,x,x,,,,,,,,,
,,S1,the fire burns slowly,x,109977098,,,,,,,,,
,,S2,the coal burns slowly,assoc,216958807,,,,,,,,,
,,Un,the field burns slowly,un,890663,,,,,,,,,
,,Un,the house burns slowly,un,145229422,,,,,,,,,
,,,,,,,,,,,,,,
,dad,,Linguistic unit,P type,Image ID,Male 1,Male 2,Female 2,Female 1,,Freq bin,Conc bin,Syllable,
,,Target,the dad sleeps in the bed,target,43251532,,M2_Noun_intransitivePPbeg_74,,F1_Noun_intransitivePPbeg_74,,8,6,1,
,,P1,x,x,x,,,,,,,,,
,,P2,the lad sleeps in the bed,mp,214962088,,,,,,,,,
,,P3,x,x,x,,,,,,,,,
,,S1,the mum sleeps in the bed,coord,389849458,,,,,,,,,
,,S2,the baby sleeps in the bed,assoc,91106393,,,,,,,,,
,,Un,the cat sleeps in the bed,un,331215233,,,,,,,,,
,,Un,the dog sleeps in the bed,un,23267043,,,,,,,,,
,,,,,,,,,,,,,,
,lad,,Linguistic unit,P type,Image ID,Male 1,Male 2,Female 2,Female 1,,Freq bin,Conc bin,Syllable,
,,Target,the lad sleeps in the bed,target,214962088,,M2_Noun_intransitivePPbeg_77,F2_Noun_intransitivePPbeg_77,,,5,6,1,
,,P1,x,x,x,,,,,,,,,
,,P2,the dad sleeps in the bed,mp,43251532,,,,,,,,,
,,P3,the lass sleeps in the bed,close,372909472,,,,,,,,,
,,S1,the mum sleeps in the bed,assoc,389849458,,,,,,,,,
,,S2,the baby sleeps in the bed,coord,91106393,,,,,,,,,
,,Un,the cat sleeps in the bed,un,331215233,,,,,,,,,
,,Un,x,x,x,,,,,,,,,
,,,,,,,,,,,,,,
,government,,Linguistic unit,P type,Image ID,Male 1,Male 2,Female 2,Female 1,,Freq bin,Conc bin,Syllable,
,,Target,The government rules the country,target,216091441,,M2_Noun_intransitivePPbeg_84,F2_Noun_intransitivePPbeg_84,,,8,4,3,
,,P1,x,x,x,,,,,,,,,
,,P2,x,x,x,,,,,,,,,
,,P3,x,x,x,,,,,,,,,
,,S1,The president rules the country,assoc,240517264,,,,,,,,,
,,S2,The queen rules the country,assoc,40450855,,,,,,,,,
,,Un,The king rules the country,un,236052655,,,,,,,,,
,,Un,the judge rules the country,un,53310156,,,,,,,,,
,,,,,,,,,,,,,,
,glass,,Linguistic unit,P type,Image ID,Male 1,Male 2,Female 2,Female 1,,Freq bin,Conc bin,Syllable,
,,Target,the glass falls on the floor,target,411912256,,M2_Noun_intransitivePPbeg_85,F2_Noun_intransitivePPbeg_85,,,7,7,1,
,,P1,the lass falls on the floor,mp,33569378,,,,,,,,,
,,P2,the gas falls on the floor,mp,348582857,,,,,,,,,
,,P3,the glasses fall on the floor,close,135694967,,,,,,,,,
,,S1,the cup falls on the floor,coord,285418763,,,,,,,,,
,,S2,the pot falls on the floor,coord,377727364,,,,,,,,,
,,Un,x,x,x,,,,,,,,,
,,Un,x,x,x,,,,,,,,,
,,,,,,,,,,,,,,
,glasses,,Linguistic unit,P type,Image ID,Male 1,Male 2,Female 2,Female 1,,Freq bin,Conc bin,Syllable,
,,Target,the glasses fall on the floor,target,135694967,,M2_Noun_intransitivePPbeg_86,F2_Noun_intransitivePPbeg_86,,,6,7,2,
,,P1,x,x,x,,,,,,,,,
,,P2,the glass falls on the floor,close,411912256,,,,,,,,,
,,P3,x,x,x,,,,,,,,,
,,S1,the binoculars fall on the floor,coord,286625042,,,,,,,,,
,,S2,the mirror falls on the floor,assoc,9756169,,,,,,,,,
,,Un,the cup falls on the floor,un,285418763,,,,,,,,,
,,Un,the boy falls on the floor,un,50782650,,,,,,,,,
,,,,,,,,,,,,,,
A,man,,Linguistic unit,P type,Image ID+,Male 1,Male 2,Female 2,Female 1,,Freq bin,Conc bin,Syllable,
,,Target,the man runs on the road,target,98478128,M1_ Noun_intransitivePPbeg_1,,F2_Noun_intransitivePPbeg_1,,,8,7,1,
,,P1,the van runs on the road,mp,296073428,,,,,,,,,
,,P2,the lamb runs on the road,close,95782636,,,,,,,,,
,,P3,the ram runs on the road,close,244482793,,,,,,,,,
,,S1,the woman runs on the road,coord,100144160,,,,,,,,,
,,S2,the boy runs on the road,coord,145688519,,,,,,,,,
,,Un,x,x,x,,,,,,,,,
,,Un,x,x,x,,,,,,,,,
,,,,,,,,,,,,,,
A,paw,,Linguistic unit,P type,Image ID,Male 1,Male 2,Female 2,Female 1,,Freq bin,Conc bin,Syllable,
,,Target,The paw rests on the chair,target,52607298,M1_Noun_intransitivePPbeg_12,,F2_Noun_intransitivePPbeg_12,,,5,6,1,
,,P1,The pie rests on the chair,distant,281654531,,,,,,,,,
,,P2,The jaw rests on the chair,mp,328631165,,,,,,,,,
,,P3,x,x,x,,,,,,,,,
,,S1,The foot rests on the chair,coord,3259218,,,,,,,,,
,,S2,The hand rests on the chair,coord,111337220,,,,,,,,,
,,Un,The man rests on the chair,un,26845054,,,,,,,,,
,,Un,x,x,x,,,,,,,,,
,,,,,,,,,,,,,,
A,gate,,Linguistic unit,P type,Image ID,Male 1,Male 2,Female 2,Female 1,,Freq bin,Conc bin,Syllable,
,,Target,the gate is in the field,target,1562797,M1_Noun_intransitivePPbeg_13,,F2_Noun_intransitivePPbeg_13,,,6,7,1,
,,P1,the weight is in the field,mp,286452014,,,,,,,,,
,,P2,the plate is in the field,mp,334952285,,,,,,,,,
,,P3,x,x,x,,,,,,,,,
,,S1,the fence is in the field,coord,328986,,,,,,,,,
,,S2,the style is in the field,coord,151801061,,,,,,,,,
,,Un,the door is in the field,coord,81319195,,,,,,,,,
,,Un,x,x,x,,,,,,,,,
,,,,,,,,,,,,,,
A,foot,,Linguistic unit,P type,Image ID,Male 1,Male 2,Female 2,Female 1,,Freq bin,Conc bin,Syllable,
,,Target,the foot is on the chair,target,97693517,M1_Noun_intransitivePPbeg_17,,F2_Noun_intransitivePPbeg_17,,,7,7,1,
,,P1,the fool is on the chair,mp,220440994,,,,,,,,,
,,P2,x,x,x,,,,,,,,,
,,P3,x,x,x,,,,,,,,,
,,S1,the hand is on the chair,coord,29524403,,,,,,,,,
,,S2,the paw is on the chair,coord,52607298,,,,,,,,,
,,Un,the sock is on the chair,coord,180409850,,,,,,,,,
,,Un,the shoe is on the chair,coord,235520443,,,,,,,,,
,,,,,,,,,,,,,,
A,saw,,Linguistic unit,P type,Image ID,Male 1,Male 2,Female 2,Female 1,,Freq bin,Conc bin,Syllable,
,,Target,The saw lies on the table,target,308580296,M1_Noun_intransitivePPbeg_22,,F2_Noun_intransitivePPbeg_22,,,8,7,1,
,,P1,The door lies on the table,mp,138795050,,,,,,,,,
,,P2,The jaw lies on the table,mp,272724764,,,,,,,,,
,,P3,The paw lies on the table,mp,306526184,,,,,,,,,
,,S1,The hammer lies on the table,coord,221714875,,,,,,,,,
,,S2,The knife lies on the table,coord,414583714,,,,,,,,,
,,Un,x,x,x,,,,,,,,,
,,Un,x,x,x,,,,,,,,,
,,,,,,,,,,,,,,
A,stairs,,Linguistic unit,P type,Image ID,Male 1,Male 2,Female 2,Female 1,,Freq bin,Conc bin,Syllable,
,,Target,the stairs are next to the tree,target,104359808,M1_Noun_intransitivePPbeg_23,,F2_Noun_intransitivePPbeg_23,,,6,7,1,
,,P1,x,x,x,,,,,,,,,
,,P2,the bears are next to the tree,mp,107576840,,,,,,,,,
,,P3,the pears are next to the tree,mp,210744133,,,,,,,,,
,,S1,the ladders are next to the tree,coord,266374580,,,,,,,,,
,,S2,the shoes are next to the tree,coord,279129368,,,,,,,,,
,,Un,the escalator is next to the tree,un,2981618,,,,,,,,,
,,Un,x,x,x,,,,,,,,,
,,,,,,,,,,,,,,
A,bull,,Linguistic unit,P type,Image ID,Male 1,Male 2,Female 2,Female 1,,Freq bin,Conc bin,Syllable,
,,Target,The bull stands on the grass,target,35054917,M1_Noun_intransitivePPbeg_26,,F2_Noun_intransitivePPbeg_26,,,6,7,1,
,,P1,x,x,x,,,,,,,,,
,,P2,The bulldog stands on the grass,close,281761124,,,,,,,,,
,,P3,x,x,x,,,,,,,,,
,,S1,The cow stands on the grass,coord,41145079,,,,,,,,,
,,S2,The sheep stands on the grass,coord,54959410,,,,,,,,,
,,Un,The horse stands on the grass,un,183036218,,,,,,,,,
,,Un,The goat stands on the grass,un,157673411,,,,,,,,,
,,,,,,,,,,,,,,
A,bottle,,Linguistic unit,P type,Image ID,Male 1,Male 2,Female 2,Female 1,,Freq bin,Conc bin,Syllable,
,,Target,The bottle is in her hand,target,282178793,M1_Noun_intransitivePPbeg_28,,F2_Noun_intransitivePPbeg_28,,,7,7,2,
,,P1,The bagel is in her hand,distant,32105731,,,,,,,,,
,,P2,The button is in her hand,close,191616134,,,,,,,,,
,,P3,The butter is in her hand,distant,70546201,,,,,,,,,
,,S1,The jug is in her hand,coord,195430988,,,,,,,,,
,,S2,The cup is in her hand,coord,184890191,,,,,,,,,
,,Un,x,x,x,,,,,,,,,
,,Un,x,x,x,,,,,,,,,
,,,,,,,,,,,,,,
A,fort,,Linguistic unit,P type,Image ID,Male 1,Male 2,Female 2,Female 1,,Freq bin,Conc bin,Syllable,
,,Target,the fort is in the garden,target,56914543,M1_Noun_intransitivePPbeg_32,,F2_Noun_intransitivePPbeg_32,,,5,7,1,
,,P1,the port is in the garden,mp,38794261,,,,,,,,,
,,P2,The foot is in the garden,close,259496132,,,,,,,,,
,,P3,the fork  is in the garden,mp,192369584,,,,,,,,,
,,S1,the knight is in the garden,coord,285073766,,,,,,,,,
,,S2,the pitch is in the garden,coord,290605997,,,,,,,,,
,,Un,x,x,x,,,,,,,,,
,,Un,x,x,x,,,,,,,,,
,,,,,,,,,,,,,,
A,castle,,Linguistic unit,P type,Image ID,Male 1,Male 2,Female 2,Female 1,,Freq bin,Conc bin,Syllable,
,,Target,The castle  stands on the hill,target,56914543,M1_Noun_intransitivePPbeg_33,,F2_Noun_intransitivePPbeg_33,,,7,7,2,
,,P1,x,x,x,,,,,,,,,
,,P2,The camel stands on the hill,mp,213316588,,,,,,,,,
,,P3,x,x,x,,,,,,,,,
,,S1,The pyramid stands on the hill,coord,63618628,,,,,,,,,
,,S2,The knight stands on the hill,coord,159070121,,,,,,,,,
,,Un,The house stands on the hill,coord,199360007,,,,,,,,,
,,Un,The church stands on the hill,un,78244051,,,,,,,,,
,,,,,,,,,,,,,,
A,wreath,,Linguistic unit,P type,Image ID,Male 1,Male 2,Female 2,Female 1,,Freq bin,Conc bin,Syllable,
,,Target,the wreath is on the fence,target,223486819,M1_Noun_intransitivePPbeg_37,,F2_Noun_intransitivePPbeg_37,,,5,7,1,
,,P1,the leaf is on the fence,close,306085607,,,,,,,,,
,,P2,the heath is on the fence,mp,135147749,,,,,,,,,
,,P3,x,x,x,,,,,,,,,
,,S1,the lantern is on the fence,assoc,307665356,,,,,,,,,
,,S2,the cone is on the fence,assoc,296833412,,,,,,,,,
,,Un,the boy is on the fence,un,221591896,,,,,,,,,
,,Un,x,x,x,,,,,,,,,
,,,,,,,,,,,,,,
A,sailor,,Linguistic unit,P type,Image ID,Male 1,Male 2,Female 2,Female 1,,Freq bin,Conc bin,Syllable,
,,Target,the sailor works all day,target,52091113,M1_Noun_intransitivePPbeg_38,,F2_Noun_intransitivePPbeg_38,,,5,7,2,
,,P1,the tailor works all day,mp,54007780,,,,,,,,,
,,P2,the singer works all day,distant,131682332,,,,,,,,,
,,P3,x,x,x,,,,,,,,,
,,S1,x,x,x,,,,,,,,,
,,S2,x,x,x,,,,,,,,,
,,Un,the baker works all day,un,236851948,,,,,,,,,
,,Un,the painter works all day,un,239813203,,,,,,,,,
,,,,,,,,,,,,,,
A,tree,,Linguistic unit,P type,Image ID,Male 1,Male 2,Female 2,Female 1,,Freq bin,Conc bin,Syllable,
,,Target,the tree is in the pot,target,97054988,M1_Noun_intransitivePPbeg_41,,F2_Noun_intransitivePPbeg_41,,,7,7,1,
,,P1,the pea is in the pot,mp,141257620,,,,,,,,,
,,P2,the key is in the pot,mp,308789171,,,,,,,,,
,,P3,the tea is in the pot,mp,89461159,,,,,,,,,
,,S1,the cactus is in the pot,coord,307663814,,,,,,,,,
,,S2,x,x,x,,,,,,,,,
,,Un,the carrot is in the pot,un,40789309,,,,,,,,,
,,Un,x,x,x,,,,,,,,,
,,,,,,,,,,,,,,
A,key,,Linguistic unit,P type,Image ID,Male 1,Male 2,Female 2,Female 1,,Freq bin,Conc bin,Syllable,
,,Target,the key is in the pot,target,308789171,M1_Noun_intransitivePPbeg_42,,F2_Noun_intransitivePPbeg_42,,,6,7,1,
,,P1,the tea is in the pot,mp,89461159,,,,,,,,,
,,P2,the pea is in the pot,mp,141257620,,,,,,,,,
,,P3,the tree is in the pot,mp,97054988,,,,,,,,,
,,S1,the lock is in the pot,assoc,40884034,,,,,,,,,
,,S2,x,x,x,,,,,,,,,
,,Un,the cactus is in the pot,un,307663814,,,,,,,,,
,,Un,x,x,x,,,,,,,,,
,,,,,,,,,,,,,,
A,hand,,Linguistic unit,P type,Image ID,Male 1,Male 2,Female 2,Female 1,,Freq bin,Conc bin,Syllable,
,,Target,the hand is on the book,target,38261293,M1_Noun_intransitivePPbeg_43,,F2_Noun_intransitivePPbeg_43,,,8,7,1,
,,P1,the band is on thebook,mp,72247603,,,,,,,,,
,,P2,x,x,x,,,,,,,,,
,,P3,the finger is on the book,close,127570844,,,,,,,,,
,,S1,the foot is on the book,coord,37700299,,,,,,,,,
,,S2,the paw is on the book,coord,249512593,,,,,,,,,
,,Un,the teapot is on the book,coord,38724982,,,,,,,,,
,,Un,x,x,x,,,,,,,,,
,,,,,,,,,,,,,,
A,cat,,Linguistic unit,P type,Image ID,Male 1,Male 2,Female 2,Female 1,,Freq bin,Conc bin,Syllable,
,,Target,The cat eats from the tree,target,146214605,,M2_Noun_intransitivePPbeg_49,,F1_Noun_intransitivePPbeg_49,,7,7,1,
,,P1,The rat eats from the tree,mp,305509376,,,,,,,,,
,,P2,The bat eats from the tree,mp,2226055,,,,,,,,,
,,P3,x,x,x,,,,,,,,,
,,S1,The dog eats from the tree,coord,321470204,,,,,,,,,
,,S2,The mouse eats from the tree,assoc,278432837,,,,,,,,,
,,Un,The squirrel eats from the tree,un,280475651,,,,,,,,,
,,Un,x,x,x,,,,,,,,,
,,,,,,,,,,,,,,
A,party,,Linguistic unit,P type,Image ID,Male 1,Male 2,Female 2,Female 1,,Freq bin,Conc bin,Syllable,
,,Target,the party is lively at the weekend,target,53683187,,M2_Noun_intransitivePPbeg_55,,F1_Noun_intransitivePPbeg_55,,8,5,2,
,,P1,the puppy is lively at the weekend,close,190931909,,,,,,,,,
,,P2,x,x,x,,,,,,,,,
,,P3,x,x,x,,,,,,,,,
,,S1,the crowd is lively at the weekend,assoc,256140502,,,,,,,,,
,,S2,the band is lively at the weekend,assoc,132936830,,,,,,,,,
,,Un,the boy is lively at the weekend,un,168286901,,,,,,,,,
,,Un,the class is lively at the weekend,un,197131463,,,,,,,,,
,,,,,,,,,,,,,,
A,carrot,,Linguistic unit,P type,Image ID,Male 1,Male 2,Female 2,Female 1,,Freq bin,Conc bin,Syllable,
,,Target,the carrot is in the bucket,target,40789309,,M2_Noun_intransitivePPbeg_59,,F1_Noun_intransitivePPbeg_59,,6,7,2,
,,P1,the parrot is in the bucket,mp,55506964,,,,,,,,,
,,P2,the ferret is in the bucket,distant,98441516,,,,,,,,,
,,P3,x,x,x,,,,,,,,,
,,S1,the cherry is in the bucket,coord,485695425,,,,,,,,,
,,S2,x,x,x,,,,,,,,,
,,Un,the hand is in the bucket,un,297466739,,,,,,,,,
,,Un,the horse is in the bucket,un,84453310,,,,,,,,,
,,,,,,,,,,,,,,
A,fog,,Linguistic unit,P type,Image ID,Male 1,Male 2,Female 2,Female 1,,Freq bin,Conc bin,Syllable,
,,Target,the fog settles in the morning,target,333213215,,M2_Noun_intransitivePPbeg_61,,F1_Noun_intransitivePPbeg_61,,6,7,2,
,,P1,the frog settles in the morning,mp,142027111,,,,,,,,,
,,P2,the dog settles in the morning,mp,35281393,,,,,,,,,
,,P3,x,x,x,,,,,,,,,
,,S1,the cloud settles in the morning,coord,34993927,,,,,,,,,
,,S2,the smoke settles in the morning,coord,318222137,,,,,,,,,
,,Un,x,x,x,,,,,,,,,
,,Un,the snow settles in the morning,un,372064699,,,,,,,,,
,,,,,,,,,,,,,,
A,mum,,Linguistic unit,P type,Image ID,Male 1,Male 2,Female 2,Female 1,,Freq bin,Conc bin,Syllable,
,,Target,his mum bleeds a little,target,298389623,,M2_Noun_intransitivePPbeg_67,,F1_Noun_intransitivePPbeg_67,,8,6,1,
,,P1,his gum bleeds a little,mp,299119580,,,,,,,,,
,,P2,his thumb bleeds a little,mp,64971208,,,,,,,,,
,,P3,x,x,x,,,,,,,,,
,,S1,his dad bleeds a little,coord,124514929,,,,,,,,,
,,S2,his sister bleeds a little,coord,144259036,,,,,,,,,
,,Un,x,x,x,,,,,,,,,
,,Un,his knee bleeds a little,x,108690767,,,,,,,,,
,,,,,,,,,,,,,,
,hour,,Linguistic unit,P type,Image ID,Male 1,Male 2,Female 2,Female 1,,Freq bin,Conc bin,Syllable,
A,,Target,the hour ends abruptly,target,261581783,,M2_Noun_intransitivePPbeg_68,,F1_Noun_intransitivePPbeg_68,,8,4,2,
,,P1,the shower ends abruptly,mp,196507322,,,,,,,,,
,,P2,the flour ends abruptly,mp,253980415,,,,,,,,,
,,P3,the power ends abruptly,mp,293143208,,,,,,,,,
,,S1,the race ends abruptly,un,31684419,,,,,,,,,
,,S2,the metre ends abruptly,coord,393762958,,,,,,,,,
,,Un,x,x,x,,,,,,,,,
,,Un,x,x,x,,,,,,,,,
,,,,,,,,,,,,,,
,group,,Linguistic unit,P type,Image ID,Male 1,Male 2,Female 2,Female 1,,Freq bin,Conc bin,Syllable,
A,,Target,the group agrees this time,target,169085519,,M2_Noun_intransitivePPbeg_73,,F1_Noun_intransitivePPbeg_73,,8,6,1,
,,P1,x,x,x,,,,,,,,,
,,P2,x,x,x,,,,,,,,,
,,P3,x,x,x,,,,,,,,,
,,S1,the man agrees this time,coord,222367264,,,,,,,,,
,,S2,the woman agrees this time,coord,284849651,,,,,,,,,
,,Un,the couple agree this time,un,164749469,,,,,,,,,
,,Un,the child agrees this time,un,213331933,,,,,,,,,
,,,,,,,,,,,,,,
,news,,Linguistic unit,P type,Image ID,Male 1,Male 2,Female 2,Female 1,,Freq bin,Conc bin,Syllable,
A,,Target,the news begins each day,target,262339823,,M2_Noun_intransitivePPbeg_75,,F1_Noun_intransitivePPbeg_75,,8,4,1,
,,P1,x,x,x,,,,,,,,,
,,P2,the booze begins each day,mp,28931146,,,,,,,,,
,,P3,x,x,x,,,,,,,,,
,,S1,the book begins each day,coord,31498157,,,,,,,,,
,,S2,the film begins each day,coord,276568709,,,,,,,,,
,,Un,the parliament begins each day,un,393815749,,,,,,,,,
,,Un,the race begins each day,un,45435085,,,,,,,,,
,,,,,,,,,,,,,,
,cub,,Linguistic unit,P type,Image ID,Male 1,Male 2,Female 2,Female 1,,Freq bin,Conc bin,Syllable,
A,,Target,the cub sits in her hands,target,147889253,,M2_Noun_intransitivePPbeg_76,F2_Noun_intransitivePPbeg_76,,,5,7,1,
,,P1,the cuff sits in her hands,mp,104206145,,,,,,,,,
,,P2,x,x,x,,,,,,,,,
,,P3,the cup sits in her hands,mp,283644452,,,,,,,,,
,,S1,the lamb sits in her hands,coord,345403865,,,,,,,,,
,,S2,the monkey sits in her hands,coord,350047088,,,,,,,,,
,,Un,the insect sits in her hands,un,331687541,,,,,,,,,
,,Un,x,x,,,,,,,,,,
,,,,,,,,,,,,,,
A,hut,,Linguistic unit,P type,Image ID,Male 1,Male 2,Female 2,Female 1,,Freq bin,Conc bin,Syllable,
,,Target,the hut stands in the garden,target,135506408,,M2_Noun_intransitivePPbeg_89,F2_Noun_intransitivePPbeg_89,,,5,7,1,
,,P1,the mug stands in the garden,distant,234367711,,,,,,,,,
,,P2,x,x,x,,,,,,,,,
,,P3,x,x,x,,,,,,,,,
,,S1,the house stands in the garden,coord,219251344,,,,,,,,,
,,S2,the fire stands in the garden,assoc,318222137,,,,,,,,,
,,Un,the swing stands in the garden,un,344299871,,,,,,,,,
,,Un,the tree stands in the garden,un,301034318,,,,,,,,,
,,,,,,,,,,,,,,
A,wife,,Linguistic unit,P type,Image ID,Male 1,Male 2,Female 2,Female 1,,Freq bin,Conc bin,Syllable,
,,Target,the wife lies on the floor,target,261202910,M1_Noun_intransitivePPbeg_44,,F2_Noun_intransitivePPbeg_44,,,8,6,1,1
,,P1,the knife lies on the floor,mp,180284681,,,,,,,,,
,,P2,the wine lies on the floor,mp,321160844,,,,,,,,,
,,P3,x,x,x,,,,,,,,,
,,S1,the child lies on the floor,coord,61875193,,,,,,,,,
,,S2,the husband lies on the floor,coord,246792211,,,,,,,,,
,,Un,the fork lies on the floor,un,187795829,,,,,,,,,
,,Un,x,x,x,,,,,,,,,
,,,,,,,,,,,,,,
A,van,,Linguistic unit,P type,Image ID,,,,,,,,,
,,Target,the van moves along the road,target,296073428,,,M3_ACT_011,F2_ACT_011,,7,7,1,1
,,P1,the man moves along the road,mp,130223891,,,,,,,,,
,,P2,the lamb moves along,distant,377654326,,,,,,,,,
,,P3,x,x,x,,,,,,,,,
,,S1,the car moves along,coord,157599014,,,,,,,,,
,,S2,the motorcycle moves along,coord,255844615,,,,,,,,,
,,un,the girl moves along,un,199461035,,,,,,,,,
,,Un,x,x,x,,,,,,,,,
,,,,,,,,,,,,,,
A,girl,,Linguistic unit,P type,Image ID,Male 1,Male 2,Male 3,Female 2,,Freq bin ,Conc bin,Syllable,
,,Target,the girl is on the sand,target,80781181,,,M3_ACT_012,F2_ACT_012,,8,7,1,1
,,P1,the pearl is on the sand,mp,76729282,,,,,,,,,
,,P2,the grill is on the sand,close,221680669,,,,,,,,,
,,P3,x,x,x,,,,,,,,,
,,S1,the woman is on the sand,coor,195510905,,,,,,,,,
,,S2,the boy is on the sand,coor,434555872,,,,,,,,,
,,Un,the necklace is on the sand,un,70011466,,,,,,,,,
,,Un,x,x,x,,,,,,,,,
,,,,,,,,,,,,,,
A,gnome,,Linguistic unit,P type,Image ID,Male 1,Male 2,Male 3,Female 2,,Freq bin,Conc bin,Syllable,
,,Target,the gnome stands in the garden,target,419805562,,M2_Noun_intransitivePPbeg_87,,F2_Noun_intransitivePPbeg_87,,4,7,1,
,,P1,the home stands in the garden,mp,219251344,,,,,,,,,
,,P2,the dome stands in the graden,mp,65442232,,,,,,,,,
,,P3,x,x,x,,,,,,,,,
,,S1,the statue stands in the garden,coord,171584237,,,,,,,,,
,,S2,the fairy stands in the garden,coord,252305677,,,,,,,,,
,,Un,the gardener stands in the garden,un,318222137,,,,,,,,,
,,Un,x,x,x,,,,,,,,,
