,lady,,Linguistic unit,P type,Image ID,Male 1,Male 2,Female 2,,,Freq bin,Conc bin,Syllable,
,,Target,the lady uses the phone,target,126153506,M1_Noun_transitivebeg_2,,F2_Noun_transitivebeg_2,,,8,6,2,0
,,P1,the baby uses the phone,distant,23830819,,,,,,,,,
,,P2,x,x,x,,,,,,,,,
,,P3,x,x,x,,,,,,,,,
,,S1,the girl uses the phone,coord,132348320,,,,,,,,,
,,S2,the man uses the phone,coord,87275050,,,,,,,,,
,,Un,the boy uses the phone,coord,279289346,,,,,,,,,
,,Un,the dog uses the phone,un,117492673,,,,,,,,,
,,,,,,,,,,,,,,
,cart,,Linguistic unit,P type,Image ID,Male 1,Male 2,Female 2,,,Freq bin,Conc bin,Syllable,
,,Target,the cart carries the dog,target,286018523,M1_Noun_transitivebeg_3,,F2_Noun_transitivebeg_3,,,5,7,1,
,,P1,the car carries the dog,mp,209412904,,,,,,,,,
,,P2,x,x,x,,,,,,,,,
,,P3,x,x,x,,,,,,,,,
,,S1,the scooter carries the dog,coord,174700670,,,,,,,,,
,,S2,x,x,x,,,,,,,,,
,,Un,the woman carries the dog,un,242797159,,,,,,,,,
,,Un,the boy carries the dog,un,291064715,,,,,,,,,
,,,,,,,,,,,,,,
,court,,Linguistic unit,P type,Image ID,Male 1,Male 2,Female 2,,,Freq bin,Conc bin,Syllable,
,,Target,the court makes the rules,target,243765985,M1_Noun_transitivebeg_5,,F2_Noun_transitivebeg_5,,,8,6,1,
,,P1,x,x,x,,,,,,,,,
,,P2,x,x,x,,,,,,,,,
,,P3,the prison make the rules,coord,121491379,,,,,,,,,
,,S1,the church makes the rules,coord,126543428,,,,,,,,,
,,S2,the queen makes the rules,coord,40450855,,,,,,,,,
,,Un,the mother makes the rules,coord,25033769,,,,,,,,,
,,Un,the boss makes the rules,coord,44182813,,,,,,,,,
,,,,,,,,,,,,,,
,dart,,Linguistic unit,P type,Image ID,Male 1,Male 2,Female 2,,,Freq bin,Conc bin,Syllable,
,,Target,the dart is on the wall,target,135168752,M1_Noun_transitivebeg_7,,F2_Noun_transitivebeg_7,,,5,7,1,
,,P1,the art is on the wall,mp,54508011,,,,,,,,,
,,P2,the heart is on the wall,mp,122500636,,,,,,,,,
,,P3,x,x,x,,,,,,,,,
,,S1,the dartboard is on the wall,assoc,98658545,,,,,,,,,
,,S2,x,x,x,,,,,,,,,
,,Un,the paint is on the wall,assoc,37101451,,,,,,,,,
,,Un,the plant is on the wall,un,69584754,,,,,,,,,
,,,,,,,,,,,,,,
,guy,,Linguistic unit,P type,Image ID,Male 1,Male 2,Female 2,,,Freq bin,Conc bin,Syllable,
,,Target,A guy flies a broomstick,target,30873232,M1_Noun_transitivebeg_8,,F2_Noun_transitivebeg_8,,,8,7,1,
,,P1,x,x,x,,,,,,,,,
,,P2,x,x,x,,,,,,,,,
,,P3,x,x,x,,,,,,,,,
,,S1,The woman flies a broomstick,coord,31684154,,,,,,,,,
,,S2,The girl flies a broomstick,coord,247800832,,,,,,,,,
,,Un,The boy flies a broomstick,coord,88844014,,,,,,,,,
,,Un,The bear has a broomstick,un,162435824,,,,,,,,,
,,,,,,,,,,,,,,
,hammer,,Linguistic unit,P type,Image ID,Male 1,Male 2,Female 2,,,Freq bin,Conc bin,Syllable,
,,Target,the hammer solves the problem,target,221714875,M1_Noun_transitivebeg_9,,F2_Noun_transitivebeg_9,,,7,7,2,
,,P1,the hamper solves the problem,mp,292671560,,,,,,,,,
,,P2,the hanger solves the problem,mp,197894261,,,,,,,,,
,,P3,the scanner solves the problem,distant,3322510,,,,,,,,,
,,S1,the saw solves the problem,coord,112072841,,,,,,,,,
,,S2,the spanner solves the problem,coord,234851836,,,,,,,,,
,,Un,x,x,x,,,,,,,,,
,,Un,x,x,x,,,,,,,,,
,,,,,,,,,,,,,,
,butterfly,,Linguistic unit,P type,Image ID,Male 1,Male 2,Female 2,,,Freq bin,Conc bin,Syllable,
,,Target,The butterfly flutters it's wings,target,262034852,M1_Noun_transitivebeg_14,,F2_Noun_transitivebeg_14,,,6,7,3,
,,P1,x,x,x,,,,,,,,,
,,P2,The fly  flutters it's wings,distant,781520,,,,,,,,,
,,P3,x,x,x,,,,,,,,,
,,S1,The dragonfly  flutters it's wings,coord,117170536,,,,,,,,,
,,S2,The bee  flutters it's wings,coord,401178718,,,,,,,,,
,,Un,The bird  flutters it's wings,coord,145892687,,,,,,,,,
,,Un,The ladybird flutters it's wings,coord,54079714,,,,,,,,,
,,,,,,,,,,,,,,
,fly,,Linguistic unit,P type,Image ID,Male 1,Male 2,Female 2,,,Freq bin,Conc bin,Syllable,
,,Target,the fly flies in the air,target,275672639,M1_Noun_transitivebeg_18,,F2_Noun_transitivebeg_18,,,7,7,1,
,,P1,the bee flies in the air,distant,401178718,,,,,,,,,
,,P2,x,x,x,,,,,,,,,
,,P3,x,x,x,,,,,,,,,
,,S1,the plane flies in the sky,coord,119845582,,,,,,,,,
,,S2,the bee flies in the air,coord,401178718,,,,,,,,,
,,Un,the bird flies in the air,un,145892687,,,,,,,,,
,,Un,the man in ties flies in the air,un,30873232,,,,,,,,,
,,,,,,,,,,,,,,
,rainbow,,Linguistic unit,P type,Image ID,Male 1,Male 2,Female 2,,,Freq bin,Conc bin,Syllable,
,,Target,the rainbow brightens his day,target,132632972,M1_Noun_transitivebeg_19,,F2_Noun_transitivebeg_19,,,6,7,2,
,,P1,the crossbow brightens his day,distant,79178638,,,,,,,,,
,,P2,the raincoat cheers him up,distant/coord,289942922,,,,,,,,,
,,P3,the bow brightens his day,distant,38261293,,,,,,,,,
,,S1,the sunset brightens his day,coord,15135205,,,,,,,,,
,,S2,the umberella brightens his day,coord,4096061,,,,,,,,,
,,Un,x,x,x,,,,,,,,,
,,Un,x,x,x,,,,,,,,,
,,,,,,,,,,,,,,
,art,,Linguistic unit,P type,Image ID,Male 1,Male 2,Female 2,,,Freq bin,Conc bin,Syllable,
,,Target,the art decorates the wall,target,54508011,M1_Noun_transitivebeg_20, ,F2_Noun_transitivebeg_20,,,8,6,1,
,,P1,the heart decorates the wall,mp,122500636,,,,,,,,,
,,P2,the dart decorates the wall,mp,135168752,,,,,,,,,
,,P3,x,x,x,,,,,,,,,
,,S1,the paintbrush decorates the wall,assoc,21963649,,,,,,,,,
,,S2,the paint decorates the wall,assoc,37101451,,,,,,,,,
,,Un,x,x,x,,,,,,,,,
,,Un,the plant decorates the wall,un,69584754,,,,,,,,,
,,,,,,,,,,,,,,
,secretary,,Linguistic unit,P type,Image ID,Male 1,Male 2,Female 2,,,Freq bin,Conc bin,Syllable,
,,Target,the secretary opens a letter,target,165377375,,M2_Noun_transitivebeg_21,F2_Noun_transitivebeg_21,,,8,7,4,
,,P1,x,x,x,,,,,,,,,
,,P2,x,x,x,,,,,,,,,
,,P3,x,x,x,,,,,,,,,
,,S1,the soldier opens a letter,coord,225659794,,,,,,,,,
,,S2,the child opens a letter,coord,168621560,,,,,,,,,
,,Un,the judge opens a letter,coord,316982918,,,,,,,,,
,,Un,the santa opens a letter,un,328977077,,,,,,,,,
,,,,,,,,,,,,,,
,friend,,Linguistic unit,P type,Image ID,Male 1,Male 2,Female 2,,,Freq bin,Conc bin,Syllable,
,,Target,the friend gives a gift,target,357762089,,M2_Noun_transitivebeg_24,F2_Noun_transitivebeg_24,,,8,4,1,
,,P1,the french give a gift,mp,340157162,,,,,,,,,
,,P2,x,x,x,,,,,,,,,
,,P3,x,x,x,,,,,,,,,
,,S1,the enemy gives a gift,coord,2120374,,,,,,,,,
,,S2,the mother gives a gift,coord,221321752,,,,,,,,,
,,Un,the father gives a gift,un,364209767,,,,,,,,,
,,Un,the friends give a gift,un,233240983,,,,,,,,,
,,,,,,,,,,,,,,
,family,,Linguistic unit,P type,Image ID,Male 1,Male 2,Female 2,,,Freq bin,Conc bin,Syllable,
,,Target,the family helps the man,target,383312308,,M2_Noun_transitivebeg_27,F2_Noun_transitivebeg_27,,,8,6,3,
,,P1,x,x,x,,,,,,,,,
,,P2,the fax helps the man,distant,270895163,,,,,,,,,
,,P3,the pharmacy helps the man,distant,300552995,,,,,,,,,
,,S1,the policeman helps the man,coord,384619180,,,,,,,,,
,,S2,the church helps the man,coord,194390858,,,,,,,,,
,,Un,the hospital helps the man,un,370382288,,,,,,,,,
,,Un,x,x,x,,,,,,,,,
,,,,,,,,,,,,,,
,glass,,Linguistic unit,P type,Image ID,Male 1,Male 2,Female 2,,,Freq bin,Conc bin,Syllable,
,,Target,the glass holds a drink,target,123784216,,M2_Noun_transitivebeg_31,F2_Noun_transitivebeg_31,,,7,7,1,
,,P1,the lass holds a drink,mp,283644452,,,,,,,,,
,,P2,x,x,x,,,,,,,,,
,,P3,x,x,x,,,,,,,,,
,,S1,the cup holds a drink,assoc,61468480,,,,,,,,,
,,S2,the pot holds a drink,assoc,17010621,,,,,,,,,
,,Un,the man holds a drink,un,24118450,,,,,,,,,
,,Un,the woman holds a drink,un,48948737,,,,,,,,,
,,,,,,,,,,,,,,
,hug,,Linguistic unit,P type,Image ID,Male 1,Male 2,Female 2,,,Freq bin,Conc bin,Syllable,
,,Target,the hug welcomes the woman,target,1451624,,M2_Noun_transitivebeg_35,F2_Noun_transitivebeg_35,,,6,6,1,
,,P1,the mug welcomes the woman,mp,48948737,,,,,,,,,
,,P2,the rug welcomes the woman,mp,96591748,,,,,,,,,
,,P3,the hut welcomes the woman,mp,162831755,,,,,,,,,
,,S1,the kiss welcomes the woman,coord,255768052,,,,,,,,,
,,S2,the handshake welcomes the woman,coord,284904062,,,,,,,,,
,,Un,x,x,x,,,,,,,,,
,,Un,x,x,x,,,,,,,,,
,,,,,,,,,,,,,,
,TV,,Linguistic unit,P type,Image ID,Male 1,Male 2,Female 2,,,Freq bin,Conc bin,Syllable,
,,Target,the TV entertains the child,target,102467006,,M2_Noun_transitivebeg_37,F2_Noun_transitivebeg_37,,,8,7,2,
,,P1,the teepee entertains the child,mp,263392979,,,,,,,,,
,,P2,x,x,x,,,,,,,,,
,,P3,the tea entertains the child,distant,153884597,,,,,,,,,
,,S1,the radio entertains the child,assoc,2038753,,,,,,,,,
,,S2,the bath entertains the child,assoc,74189155,,,,,,,,,
,,Un,the computer entertain the child,un,200231804,,,,,,,,,
,,Un,x,x,x,,,,,,,,,
,,,,,,,,,,,,,,
,hospital,,Linguistic unit,P type,Image ID,Male 1,Male 2,Female 2,,,Freq bin,Conc bin,Syllable,
,,Target,the hospital helps him,target,156022646,,M2_Noun_transitivebeg_38,F2_Noun_transitivebeg_38,,,8,7,3,
,,P1,the hostel helps him,distant,230648185,,,,,,,,,
,,P2,the hosepipe helps him,distant,106051277,,,,,,,,,
,,P3,x,x,x,,,,,,,,,
,,S1,the ambulance helps him,assoc,113421097,,,,,,,,,
,,S2,the stethoscope helps him,assoc,173685527,,,,,,,,,
,,Un,the plaster helps him,un,9778298,,,,,,,,,
,,Un,x,x,x,,,,,,,,,
,,,,,,,,,,,,,,
,picture,,Linguistic unit,P type,Image ID,Male 1,Male 2,Female 2,,,Freq bin,Conc bin,Syllable,
,,Target,the picture tells a story,target,313920950,,M2_Noun_transitivebeg_41,F2_Noun_transitivebeg_41,,,8,7,2,
,,P1,the pitcher tells a story,mp,9879619,,,,,,,,,
,,P2,the pitch tells a story,distant,154603907,,,,,,,,,
,,P3,the book tells a story,assoc,96598565,,,,,,,,,
,,S1,x,x,x,,,,,,,,,
,,S2,the gran tells a story,un,14145437,,,,,,,,,
,,Un,the child tells a story,un,132348320,,,,,,,,,
,,Un,x,x,x,,,,,,,,,
,,,,,,,,,,,,,,
,child,,Linguistic unit,P type,Image ID,Male 1,Male 2,Female 2,,,Freq bin,Conc bin,Syllable,
,,Target,the child feeds the animal,target,41145079,,M2_Noun_transitivebeg_43,F2_Noun_transitivebeg_43,,,8,7,1,
,,P1,x,x,x,,,,,,,,,
,,P2,x,x,x,,,,,,,,,
,,P3,the woman feeds the animal,coord,109044230,,,,,,,,,
,,S1,the man feeds the animal,coord,296068706,,,,,,,,,
,,S2,the animal feeds the animal,coord,251619766,,,,,,,,,
,,Un,the farmer feeds the animal,coord,330972647,,,,,,,,,
,,Un,x,x,x,,,,,,,,,
,,,,,,,,,,,,,,
,body,,Linguistic unit,P type,Image ID,Male 1,Male 2,Female 2,,,Freq bin,Conc bin,Syllable,
,,Target,his body likes the sun,target,132727688,,M2_Noun_transitivebeg_45,F2_Noun_transitivebeg_45,,,8,7,2,
,,P1,his baby likes the sun,distant,287113838,,,,,,,,,
,,P2,x,x,x,,,,,,,,,
,,P3,x,x,x,,,,,,,,,
,,S1,his foot likes the sun,assoc,223880488,,,,,,,,,
,,S2,his arm likes the sun,assoc,270431966,,,,,,,,,
,,Un,his plant likes the sun,un,377564509,,,,,,,,,
,,Un,his hand likes the sun,un,286591424,,,,,,,,,
,,,,,,,,,,,,,,
,sea,,Linguistic unit,P type,Image ID,Male 1,Male 2,Female 2,,,Freq bin,Conc bin,Syllable,
,,Target,the sea soothes the man,target,412963630,,M2_Noun_transitivebeg_50,F2_Noun_transitivebeg_50,,,8,7,1,
,,P1,the tea soothes the man,mp,33978516,,,,,,,,,
,,P2,the bee soothes the man,mp,159761339,,,,,,,,,
,,P3,x,x,x,,,,,,,,,
,,S1,the bath soothes the man,assoc,13681709,,,,,,,,,
,,S2,the jacuzzi soothes the man,assoc,99983423,,,,,,,,,
,,Un,the sand soothes the man,coord,213316588,,,,,,,,,
,,Un,x,x,x,,,,,,,,,
,,,,,,,,,,,,,,
,book,,Linguistic unit,P type,Image ID,Male 1,Male 2,Female 2,,,Freq bin,Conc bin,Syllable,
,,Target,The book fascinates the man,target,343235408,,M2_Noun_transitivebeg_51,F2_Noun_transitivebeg_51,,,8,7,1,
,,P1,The bike fascinates the man,close,26646892,,,,,,,,,
,,P2,x,x,x,,,,,,,,,
,,P3,x,x,x,,,,,,,,,
,,S1,the paper fascinates the man,assoc,5673755,,,,,,,,,
,,S2,the library fasicnates the man,coord,108584921,,,,,,,,,
,,Un,the clothes fascinates the man,assoc,49208377,,,,,,,,,
,,Un,the film fascinates the man,assoc,276568709,,,,,,,,,
,,,,,,,,,,,,,,
,market,,Linguistic unit,P type,Image ID,Male 1,Male 2,Female 2,,,Freq bin,Conc bin,Syllable,
,,Target,The market sells fruit,target,50418013,,M2_Noun_transitivebeg_52,F2_Noun_transitivebeg_52,,,8,7,2,
,,P1,x,x,x,,,,,,,,,
,,P2,x,x,x,,,,,,,,,
,,P3,x,x,x,,,,,,,,,
,,S1,The shop sells fruit,coord,127336061,,,,,,,,,
,,S2,The supermarket sells fruit,coord,85627606,,,,,,,,,
,,Un,The man sells fruit,un,289461785,,,,,,,,,
,,Un,The woman sells fruit,un,376125382,,,,,,,,,
,,,,,,,,,,,,,,
,building,,Linguistic unit,P type,Image ID,Male 1,Male 2,Female 2,,,Freq bin,Conc bin,Syllable,
,,Target,the building contains lots of people,target,212767738,,M2_Noun_transitivebeg_54,F2_Noun_transitivebeg_54,,,8,7,2,
,,P1,x,x,x,,,,,,,,,
,,P2,x,x,x,,,,,,,,,
,,P3,x,x,x,,,,,,,,,
,,S1,the lift contains lots of people,assoc,217343509,,,,,,,,,
,,S2,the tent conatins lots of people,coord,256329337,,,,,,,,,
,,Un,the park conatins lots of people,un,289765559,,,,,,,,,
,,Un,the bus conatins lots of people,un,88940851,,,,,,,,,
,,,,,,,,,,,,,,
,film,,Linguistic unit,P type,Image ID,Male 1,Male 2,Female 2,,,Freq bin,Conc bin,Syllable,
,,Target,The film entertains the man,target,276568709,,M2_Noun_transitivebeg_56,F2_Noun_transitivebeg_56,,,8,7,1,
,,P1,The kiln entertains the man,x,72827986,,,,,,,,,
,,P2,x,x,x,,,,,,,,,
,,P3,x,x,x,,,,,,,,,
,,S1,The theatre entertains the man,assoc,149938298,,,,,,,,,
,,S2,The radio entertains the man,assoc,263064374,,,,,,,,,
,,Un,The book entertains the man,un,343235408,,,,,,,,,
,,Un,The paper entertains the man,un,263064335,,,,,,,,,
,,,,,,,,,,,,,,
,garden,,Linguistic unit,P type,Image ID,Male 1,Male 2,Female 2,,,Freq bin,Conc bin,Syllable,
,,Target,The garden impresses people,target,10630510,,M2_Noun_transitivebeg_57,F2_Noun_transitivebeg_57,,,8,7,2,
,,P1,x,x,x,,,,,,,,,
,,P2,The curtain impresses people,distant,282676250,,,,,,,,,
,,P3,The guard impresses people,distant,159601043,,,,,,,,,
,,S1,The flower impresses people,assoc,175481372,,,,,,,,,
,,S2,The farmer impresses people,assoc,389753290,,,,,,,,,
,,Un,The house impresses people,coord,90784409,,,,,,,,,
,,Un,x,x,x,,,,,,,,,
,,,,,,,,,,,,,,
,baby,,Linguistic unit,P type,Image ID,Male 1,Male 2,Female 2,,,Freq bin,Conc bin,Syllable,
,,Target,the baby distracts her,target,66045379,,M2_Noun_transitivebeg_60,F2_Noun_transitivebeg_60,,,8,7,2,
,,P1,x,x,x,,,,,,,,,
,,P2,the bay distracts her,close,344654801,,,,,,,,,
,,P3,the bee distracts her,distant,160525967,,,,,,,,,
,,S1,the girl distracts her,coord,281311811,,,,,,,,,
,,S2,the boy distracts her,coord,54826561,,,,,,,,,
,,Un,x,x,x,,,,,,,,,
,,Un,the doll distracts her,assoc,178210733,,,,,,,,,
,,,,,,,,,,,,,,
,men,,Linguistic unit,P type,Image ID,Male 1,Male 2,Female 2,,,Freq bin,Conc bin,Syllable,
,,Target,the men eat the food,target,281080655,,M2_Noun_transitivebeg_63,F2_Noun_transitivebeg_63,,,8,7,1,
,,P1,the hen eats the food,mp,368721296,,,,,,,,,
,,P2,x,x,x,,,,,,,,,
,,P3,x,x,x,,,,,,,,,
,,S1,the women eat the food,assoc,172085822,,,,,,,,,
,,S2,the boys eat the food,assoc,177483386,,,,,,,,,
,,Un,the man eats the food,un,183077327,,,,,,,,,
,,Un,the children eat the food,un,284225669,,,,,,,,,
,,,,,,,,,,,,,,
,police,,Linguistic unit,P type,Image ID,Male 1,Male 2,Female 2,,,Freq bin,Conc bin,Syllable,
,,Target,Police help people,target,140116000,,M2_Noun_transitivebeg_65,F2_Noun_transitivebeg_65,,,8,7,2,
,,P1,Palace helps people,distant,118052080,,,,,,,,,
,,P2,x,x,x,,,,,,,,,
,,P3,x,x,x,,,,,,,,,
,,S1,Doctors help people,coord,31871541,,,,,,,,,
,,S2,Firemen help the people,coord,110384090,,,,,,,,,
,,Un,Ambulance men help people,un,113421097,,,,,,,,,
,,Un,helmets help the people,un,537967154,,,,,,,,,
,,,,,,,,,,,,,,
,children,,Linguistic unit,P type,Image ID,Male 1,Male 2,Female 2,,,Freq bin,Conc bin,Syllable,
,,Target,the children like the sun,target,45589032,,M2_Noun_transitivebeg_66,F2_Noun_transitivebeg_66,,,8,7,2,
,,P1,the chillies like the sun,distant,23479177,,,,,,,,,
,,P2,x,x,x,,,,,,,,,
,,P3,the chickens like the sun,distant,146137661,,,,,,,,,
,,S1,the parents like the sun,coord,271214891,,,,,,,,,
,,S2,the animals like the sun,coord,209477950,,,,,,,,,
,,Un,the woman like the sun,un,19178037,,,,,,,,,
,,Un,x,x,x,,,,,,,,,
,,,,,,,,,,,,,,
,night,,Linguistic unit,P type,Image ID,Male 1,Male 2,Female 2,,,Freq bin,Conc bin,Syllable,
,,Target,the night exhausted him,target,147104249,,M2_Noun_transitivebeg_68,F2_Noun_transitivebeg_68,,,8,7,1,
,,P1,the flight exhausted him,mp,35039263,,,,,,,,,
,,P2,the kite exhausted him,mp,142051378,,,,,,,,,
,,P3,the fight exhaused him,mp,122469562,,,,,,,,,
,,S1,x,x,x,,,,,,,,,
,,S2,x,x,x,,,,,,,,,
,,Un,the move exhausted him,un,169894820,,,,,,,,,
,,Un,the excercise exhausted him,un,99256847,,,,,,,,,
,,,,,,,,,,,,,,
,money,,Linguistic unit,P type,Image ID,Male 1,Male 2,Female 2,,,Freq bin,Conc bin,Syllable,
,,Target,the money helps the child,target,206032045,,M2_Noun_transitivebeg_69,F2_Noun_transitivebeg_69,,,8,7,2,
,,P1,the honey helps the child,mp,48475351,,,,,,,,,
,,P2,x,x,x,,,,,,,,,
,,P3,the pony helps the child,close,248994679,,,,,,,,,
,,S1,the gift helps the child,coord,53354971,,,,,,,,,
,,S2,the tool helps the child,coord,41138272,,,,,,,,,
,,Un,the book helps the child,un,81476065,,,,,,,,,
,,Un,x,x,x,,,,,,,,,
,,,,,,,,,,,,,,
,people,,Linguistic unit,P type,Image ID,Male 1,Male 2,Female 2,,,Freq bin,Conc bin,Syllable,
,,Target,the people wear a hat,target,66630172,,M2_Noun_transitivebeg_70,F2_Noun_transitivebeg_70,,,8,7,2,
,,P1,the pupil wears a hat,mp,378042577,,,,,,,,,
,,P2,x,x,x,,,,,,,,,
,,P3,x,x,x,,,,,,,,,
,,S1,the animals wear a hat,coord,266049689,,,,,,,,,
,,S2,the person wears a hat,assoc,305547781,,,,,,,,,
,,Un,the manikins wear a hat,coord,58824520,,,,,,,,,
,,Un,the hedgehog wears a hat,coord,155998067,,,,,,,,,
,,,,,,,,,,,,,,
,spot,,Linguistic unit,P type,Image ID,Male 1,Male 2,Female 2,,,Freq bin,Conc bin,Syllable,
,,Target,the spot distracts his friend,target,212377462,,M2_Noun_transitivebeg_71,F2_Noun_transitivebeg_71,,,8,6,1,
,,P1,the yacht distracts his friend,mp,135882398,,,,,,,,,
,,P2,the pot distracts his friend,mp,102442264,,,,,,,,,
,,P3,x,x,x,,,,,,,,,
,,S1,the cut distracts his friend,coord,309970697,,,,,,,,,
,,S2,the cream distracts his friend,assoc,191667893,,,,,,,,,
,,Un,the noise distracts his friend,un,76901272,,,,,,,,,
,,Un,x,x,x,,,,,,,,,
,,,,,,,,,,,,,,
,brother,,Linguistic unit,P type,Image ID,Male 1,Male 2,Female 2,,,Freq bin,Conc bin,Syllable,
,,Target,the brother lifts the shopping,target,192227978,,M2_Noun_transitivebeg_72,F2_Noun_transitivebeg_72,,,8,6,2,
,,P1,the mother lifts the shopping,close,294738866,,,,,,,,,
,,P2,the father lifts the shopping,distant,378601357,,,,,,,,,
,,P3,x,x,,,,,,,,,,
,,S1,the sister lifts the shopping,assoc,30672154,,,,,,,,,
,,S2,the wife lifts the shopping,coord,305322425,,,,,,,,,
,,Un,x,x,x,,,,,,,,,
,,Un,the animal lifts the shopping,un,117622096,,,,,,,,,
,,,,,,,,,,,,,,
,cook,,Linguistic unit,P type,Image ID,Male 1,Male 2,Female 2,,,Freq bin,Conc bin,Syllable,
,,Target,the cook tastes the food,target,109008392,,M2_Noun_transitivebeg_73,F2_Noun_transitivebeg_73,,,8,6,1,
,,P1,x,x,x,,,,,,,,,
,,P2,the cock tastes the food,mp,368721296,,,,,,,,,
,,P3,x,x,x,,,,,,,,,
,,S1,the waiter tastes the food,assoc,110620211,,,,,,,,,
,,S2,the customer tastes the food,assoc,142786210,,,,,,,,,
,,Un,the child tastes the food,un,64608,,,,,,,,,
,,Un,the cat tastes the food,un,273334064,,,,,,,,,
,,,,,,,,,,,,,,
,lad,,Linguistic unit,P type,Image ID,Male 1,Male 2,Female 2,,,Freq bin,Conc bin,Syllable,
,,Target,the lad provides the water,target,387320146,,M2_Noun_transitivebeg_74,F2_Noun_transitivebeg_74,,,5,6,1,
,,P1,x,x,x,,,,,,,,,
,,P2,the dad provides the water,mp,305099777,,,,,,,,,
,,P3,the lass provides the water,mp,391284280,,,,,,,,,
,,S1,the mum provides the water,coord,378855697,,,,,,,,,
,,S2,x,x,x,,,,,,,,,
,,Un,the waterfall provides the water,un,262980617,,,,,,,,,
,,Un,the tap provides the water,un,13681709,,,,,,,,,
,,,,,,,,,,,,,,
,government,,Linguistic unit,P type,Image ID,Male 1,Male 2,Female 2,,,Freq bin,Conc bin,Syllable,
,,Target,The government provides support,target,216091441,,M2_Noun_transitivebeg_75,F2_Noun_transitivebeg_75,,,8,4,3,
,,P1,x,x,x,,,,,,,,,
,,P2,x,x,x,,,,,,,,,
,,P3,x,x,x,,,,,,,,,
,,S1,The president provides support,assoc,240517264,,,,,,,,,
,,S2,The queen provides support,assoc,40450855,,,,,,,,,
,,Un,The frame provides support,un,18869171,,,,,,,,,
,,Un,The braces provides support,distant,160836320,,,,,,,,,
,,,,,,,,,,,,,,
,dishcloth,,Linguistic unit,P type,Image ID,Male 1,Male 2,Female 2,,,Freq bin,Conc bin,Syllable,
,,Target,she uses a dishcloth,target,286596803,,M2_Noun_transitivebeg_76,F2_Noun_transitivebeg_76,,,2,7,2,
,,P1,she uses a flannel,distant,24589580,,,,,,,,,
,,P2,x,x,x,,,,,,,,,
,,P3,x,x,x,,,,,,,,,
,,S1,she uses a dishbrush,coord,55320586,,,,,,,,,
,,S2,she uses a toothbrush,coord,155461550,,,,,,,,,
,,Un,she uses an oven glove,un,31468510,,,,,,,,,
,,Un,she uses a sink,un,155473094,,,,,,,,,
,,,,,,,,,,,,,,
,mouthwash,,Linguistic unit,P type,Image ID,Male 1,Male 2,Female 2,,,Freq bin,Conc bin,Syllable,
,,Target,the mouthwash looks disgusting,target,359669354,,M2_Noun_transitivebeg_77,F2_Noun_transitivebeg_77,,,3,7,2,
,,P1,the mouth looks disgusting,distant,303350900,,,,,,,,,
,,P2,x,x,x,,,,,,,,,
,,P3,x,x,x,,,,,,,,,
,,S1,the toothbrush looks disgusting,assoc,333669041,,,,,,,,,
,,S2,the toothpaste looks disgusting,assoc,18476004,,,,,,,,,
,,Un,the wines looks disgusting,un,16776497,,,,,,,,,
,,Un,the tooth looks disgusting,un,211296514,,,,,,,,,
,,,,,,,,,,,,,,
,cardigan,,Linguistic unit,P type,Image ID,Male 1,Male 2,Female 2,,,Freq bin,Conc bin,Syllable,
,,Target,the cardigan keeps her warm,target,262194317,,M2_Noun_transitivebeg_78,F2_Noun_transitivebeg_78,,,5,7,3,
,,P1,the car keeps him warm,distant,5536288,,,,,,,,,
,,P2,x,x,x,,,,,,,,,
,,P3,x,x,x,,,,,,,,,
,,S1,the jumper keeps him warm,coord,17952737,,,,,,,,,
,,S2,the shawl keeps him warm,coord,173240609,,,,,,,,,
,,Un,the coat keeps him warm,un,282882188,,,,,,,,,
,,Un,the fire keeps her warm,un,13735593,,,,,,,,,
,,,,,,,,,,,,,,
,windmill,,Linguistic unit,P type,Image ID,Male 1,Male 2,Female 2,,,Freq bin,Conc bin,Syllable,
,,Target,the windmill keeps him busy,target,376154074,,M2_Noun_transitivebeg_79,F2_Noun_transitivebeg_79,,,5,7,2,
,,P1,the treadmill keeps him busy,distant,293829731,,,,,,,,,
,,P2,the hand drill keeps him busy,distant,160490927,,,,,,,,,
,,P3,x,X,x,,,,,,,,,
,,S1,the fan keeps him busy,coord,86530687,,,,,,,,,
,,S2,the lighthouse keeps him busy,coord,281642321,,,,,,,,,
,,Un,the saw keeps him busy,un,335716481,,,,,,,,,
,,Un,x,x,x,,,,,,,,,
,,,,,,,,,,,,,,
,goldfish,,Linguistic unit,P type,Image ID,Male 1,Male 2,Female 2,,,Freq bin,Conc bin,Syllable,
,,Target,the goldfish impresses her,target,3172869,,M2_Noun_transitivebeg_80,F2_Noun_transitivebeg_80,,,5,7,2,
,,P1,the starfish impresses her,distant,186985487,,,,,,,,,
,,P2,the gold dish impresses her,mp,265482617,,,,,,,,,
,,P3,x,x,x,,,,,,,,,
,,S1,the goldfish bowl impresses her,assoc,258806957,,,,,,,,,
,,S2,the clownfish impresses her,coord,124683919,,,,,,,,,
,,Un,the goldplate impresses her,un,26890802,,,,,,,,,
,,Un,x,x,x,,,,,,,,,
,,,,,,,,,,,,,,
,doorbell,,Linguistic unit,P type,Image ID,Male 1,Male 2,Female 2,,,Freq bin,Conc bin,Syllable,
,,Target,he hears the doorbell,target,26105294,,M2_Noun_transitivebeg_81,F2_Noun_transitivebeg_81,,,5,7,2,
,,P1,x,x,x,,,,,,,,,
,,P2,he hears the bikebell,distant,203799691,,,,,,,,,
,,P3,x,x,x,,,,,,,,,
,,S1,he hears the doorknocker,assoc,405608575,,,,,,,,,
,,S2,he hears the letterbox,assoc,322567475,,,,,,,,,
,,Un,he hears the stereo,un,49117645,,,,,,,,,
,,Un,he hears the bell,un,941501,,,,,,,,,
,,,,,,,,,,,,,,
,windscreen,,Linguistic unit,P type,Image ID,Male 1,Male 2,Female 2,,,Freq bin,Conc bin,Syllable,
,,Target,he touches the windscreen,target,267749243,,M2_Noun_transitivebeg_82,F2_Noun_transitivebeg_82,,,5,7,2,
,,P1,x,x,x,,,,,,,,,
,,P2,he touches the window,distant,94503190,,,,,,,,,
,,P3,X,X,x,,,,,,,,,
,,S1,he touches the wingmirror,coord,235000282,,,,,,,,,
,,S2,he touches the wiper,assoc,373015594,,,,,,,,,
,,Un,he touches the key,un,133833095,,,,,,,,,
,,Un,he touches the pump,,223069789,,,,,,,,,
,,,,,,,,,,,,,,
,pianist,,Linguistic unit,P type,Image ID,Male 1,Male 2,Female 2,,,Freq bin,Conc bin,Syllable,
,,Target,she admires the pianist,target,280522151,,M2_Noun_transitivebeg_83,F2_Noun_transitivebeg_83,,,5,7,3,
,,P1,she admires the piano,distant,13892674,,,,,,,,,
,,P2,she admires the dentist,distant,113948344,,,,,,,,,
,,P3,x,x,x,,,,,,,,,
,,S1,she admires the conductor,assoc,36165929,,,,,,,,,
,,S2,she admires the guitarist,assoc,302609414,,,,,,,,,
,,Un,she admires the teeth,un,38230555,,,,,,,,,
,,Un,x,x,x,,,,,,,,,
,,,,,,,,,,,,,,
,snowman,,Linguistic unit,P type,Image ID,Male 1,Male 2,Female 2,,,Freq bin,Conc bin,Syllable,
,,Target,the snowman wears a hat,target,162729056,,M2_Noun_transitivebeg_84,F2_Noun_transitivebeg_84,,,5,7,2,
,,P1,the showman wears a hat,mp,317369807,,,,,,,,,
,,P2,x,x,x,,,,,,,,,
,,P3,x,x,x,,,,,,,,,
,,S1,the gnome wears a hat,assoc,123721669,,,,,,,,,
,,S2,the ski instructer wears a hat,assoc,251095078,,,,,,,,,
,,Un,the baby wears a hat,un,118708237,,,,,,,,,
,,Un,the old man wears a hat,un,134079974,,,,,,,,,
,,,,,,,,,,,,,,
,wand,,Linguistic unit,P type,Image ID,Male 1,Male 2,Female 2,,,Freq bin,Conc bin,Syllable,
,,Target,she feels the wand,target,309552086,,M2_Noun_transitivebeg_85,F2_Noun_transitivebeg_85,,,5,7,1,
,,P1,she feels the pond,mp,57479839,,,,,,,,,
,,P2,she feels the wind,mp,372934519,,,,,,,,,
,,P3,she feels the sword,coord,374661688,,,,,,,,,
,,S1,she feels the wing,assoc,208463902,,,,,,,,,
,,S2,she feels the duck,un,9748172,,,,,,,,,
,,Un,x,x,x,,,,,,,,,
,,Un,x,x,x,,,,,,,,,
,,,,,,,,,,,,,,
A,cat,,Linguistic unit,P type,Image ID,Male 1,Male 2,Female 2,,,Freq bin,Conc bin,Syllable,
,,Target,The cat eats some food,target,273334064,M1_Noun_transitivebeg_1,,F2_Noun_transitivebeg_1,,,7,7,1,
,,P1,The rat eats some food,mp,158972849,,,,,,,,,
,,P2,The bat eats some food,mp,2226055,,,,,,,,,
,,P3,The crab eats some food,distant,137595623,,,,,,,,,
,,S1,The lion eats some food,coord,231489154,,,,,,,,,
,,S2,The dog eats some food,coord,226643392,,,,,,,,,
,,Un,x,x,x,,,,,,,,,
,,Un,x,x,x,,,,,,,,,
,,,,,,,,,,,,,,
A,bull,,Linguistic unit,P type,Image ID,Male 1,Male 2,Female 2,,,Freq bin,Conc bin,Syllable,
,,Target,The bull eats the grass,target,35054917,M1_Noun_transitivebeg_6,,F2_Noun_transitivebeg_6,,,6,7,1,
,,P1,x,x,x,,,,,,,,,
,,P2,The bulldog eats the grass,close,315795323,,,,,,,,,
,,P3,x,x,x,,,,,,,,,
,,S1,The cow eats the grass,coord,41145079,,,,,,,,,
,,S2,The sheep eats the grass,coord,54959410,,,,,,,,,
,,Un,The horse eats the grass,un,183036218,,,,,,,,,
,,Un,The goat eats the grass,un,283711718,,,,,,,,,
,,,,,,,,,,,,,,
A,foot,,Linguistic unit,P type,Image ID,Male 1,Male 2,Female 2,,,Freq bin,Conc bin,Syllable,
,,Target,the foot touches the ball,target,259496132,M1_Noun_transitivebeg_11,,F2_Noun_transitivebeg_11,,,7,7,1,
,,P1,the fool touches the ball,distant,161143730,,,,,,,,,
,,P2,x,x,x,,,,,,,,,
,,P3,x,x,x,,,,,,,,,
,,S1,the hand touches the ball,coord,44769587,,,,,,,,,
,,S2,the paw touches the ball,coord,101513473,,,,,,,,,
,,Un,the shoe touches the ball,coord,195946388,,,,,,,,,
,,Un,the hoof touches the ball,coord,108973187,,,,,,,,,
,,,,,,,,,,,,,,
A,computer,,Linguistic unit,P type,Image ID,Male 1,Male 2,Female 2,,,Freq bin,Conc bin,Syllable,
,,Target,The computer uses energy,target,123654789,M1_Noun_transitivebeg_15,,F2_Noun_transitivebeg_15,,,7,7,3,
,,P1,The commuter uses energy,close,91445984,,,,,,,,,
,,P2,The composer uses energy,close,114099406,,,,,,,,,
,,P3,x,x,x,,,,,,,,,
,,S1,The television uses energy,coord,276568709,,,,,,,,,
,,S2,The train uses energy,un,214028590,,,,,,,,,
,,Un,The car uses energy,un,5089174,,,,,,,,,
,,Un,x,x,x,,,,,,,,,
,,,,,,,,,,,,,,
A,sailor,,Linguistic unit,P type,Image ID,Male 1,Male 2,Female 2,,,Freq bin,Conc bin,Syllable,
,,Target,the sailor enjoys his job,target,52091113,M1_Noun_transitivebeg_16,,F2_Noun_transitivebeg_16,,,5,7,2,
,,P1,the tailor enjoys his job,mp,54007780,,,,,,,,,
,,P2,the singer enjoys his job,distant,131682332,,,,,,,,,
,,P3,x,x,x,,,,,,,,,
,,S1,x,x,x,,,,,,,,,
,,S2,x,x,x,,,,,,,,,
,,Un,the cleaner enjoys his job,un,236851948,,,,,,,,,
,,Un,the painter enjoys his job,un,239813203,,,,,,,,,
,,,,,,,,,,,,,,
A,tree,,Linguistic unit,P type,Image ID,Male 1,Male 2,Female 2,,,Freq bin,Conc bin,Syllable,
,,Target,the tree has some leaves,target,24244065,M1_Noun_transitivebeg_17,,F2_Noun_transitivebeg_17,,,7,7,1,
,,P1,the pea has some leaves,mp,90186349,,,,,,,,,
,,P2,the tea has some leaves,mp,304287875,,,,,,,,,
,,P3,x,x,x,,,,,,,,,
,,S1,the plant has some leaves,coord,51599364,,,,,,,,,
,,S2,x,x,x,,,,,,,,,
,,Un,the ground has some leaves,un,546628555,,,,,,,,,
,,Un,the lettuce has some leaves,un,103256255,,,,,,,,,
,,,,,,,,,,,,,,
A,bird,,Linguistic unit,P type,Image ID,Male 1,Male 2,Female 2,,,Freq bin,Conc bin,Syllable,
,,Target,The bird drinks the water,target,69969022,,M2_Noun_transitivebeg_22,F2_Noun_transitivebeg_22,,,8,7,1,
,,P1,The heard drinks the water,mp,310955243,,,,,,,,,
,,P2,The ladybird drinks the water,distant,49532590,,,,,,,,,
,,P3,x,x,x,,,,,,,,,
,,S1,The deer drinks the water,coord,317647301,,,,,,,,,
,,S2,The squirrel drinks the water,coord,296804969,,,,,,,,,
,,Un,The bee drinks the water,coord,143717215,,,,,,,,,
,,Un,x,x,x,,,,,,,,,
,,,,,,,,,,,,,,
,shop,,Linguistic unit,P type,Image ID,Male 1,Male 2,Female 2,,,Freq bin,Conc bin,Syllable,
A,,Target,the shop sells fish,target,392165797,,M2_Noun_transitivebeg_25,F2_Noun_transitivebeg_25,,,8,6,1,
,,P1,the ship sells fish,mp,392186665,,,,,,,,,
,,P2,x,x,x,,,,,,,,,
,,P3,x,x,x,,,,,,,,,
,,S1,the stall sells fish,coord,345995960,,,,,,,,,
,,S2,the fisherman sells fish,coord,12097798,,,,,,,,,
,,Un,the restaurant sells fish,un,369954467,,,,,,,,,
,,Un,the fair sells fish,un,119508997,,,,,,,,,
,,,,,,,,,,,,,,
A,cub,,Linguistic unit,P type,Image ID,Male 1,Male 2,Female 2,,,Freq bin,Conc bin,Syllable,
,,Target,the cub eats the food,target,98592071,,M2_Noun_transitivebeg_30,F2_Noun_transitivebeg_30,,,5,7,1,
,,P1,the crab eats the food,mp,137595623,,,,,,,,,
,,P2,x,x,x,,,,,,,,,
,,P3,x,x,x,,,,,,,,,
,,S1,the sheep eats the food,coord,157673411,,,,,,,,,
,,S2,the spider eats the food,coord,172181477,,,,,,,,,
,,Un,the child eats the food,coord,987661,,,,,,,,,
,,Un,the lion eats the food,coord,88705651,,,,,,,,,
,,,,,,,,,,,,,,
A,gnome,,Linguistic unit,P type,Image ID,Male 1,Male 2,Female 2,,,Freq bin,Conc bin,Syllable,
,,Target,the gnome holds the tool,target,1232829512,,M2_Noun_transitivebeg_32,F2_Noun_transitivebeg_32,,,4,7,1,
,,P1,x,x,x,,,,,,,,,
,,P2,the dome holds the tool,mp,328163780,,,,,,,,,
,,P3,x,x,x,,,,,,,,,
,,S1,the snowman holds the tool,coord,21490372,,,,,,,,,
,,S2,the woman holds the tool,coord,13423453,,,,,,,,,
,,Un,the man holds the tool,un,315475769,,,,,,,,,
,,Un,santa holds the tool,un,10907459,,,,,,,,,
,,,,,,,,,,,,,,
A,hut,,Linguistic unit,P type,Image ID,Male 1,Male 2,Female 2,,,Freq bin,Conc bin,Syllable,
,,Target,the hut welcomes the woman,target,162831755,,M2_Noun_transitivebeg_36,F2_Noun_transitivebeg_36,,,6,6,1,
,,P1,the hug welcomes the woman,mp,1451624,,,,,,,,,
,,P2,the mug welcomes the woman,mp,48948737,,,,,,,,,
,,P3,the rug welcomes the woman,mp,96591748,,,,,,,,,
,,S1,the house welcomes the woman,coord,274467731,,,,,,,,,
,,S2,the fire comforts the woman,coord,125362388,,,,,,,,,
,,Un,x,x,x,,,,,,,,,
,,Un,x,x,x,,,,,,,,,
,,,,,,,,,,,,,,
A,box,,Linguistic unit,P type,Image ID,Male 1,Male 2,Female 2,,,Freq bin,Conc bin,Syllable,
,,Target,The box holds the food,target,112430936,,M2_Noun_transitivebeg_40,F2_Noun_transitivebeg_40,,,8,7,1,
,,P1,The fox holds the food,mp,7310695,,,,,,,,,
,,P2,x,x,x,,,,,,,,,
,,P3,x,x,x,,,,,,,,,
,,S1,The shopping basket holds the food,assoc,142229620,,,,,,,,,
,,S2,The paper bag holds the food,assoc,152086250,,,,,,,,,
,,Un,The trolley holds the food,un,85627606,,,,,,,,,
,,Un,The tray holds the food,x,30566110,,,,,,,,,
,,,,,,,,,,,,,,
A,land,,Linguistic unit,P type,Image ID,Male 1,Male 2,Female 2,,,Freq bin,Conc bin,Syllable,
,,Target,the land tells a story,target,289749473,,M2_Noun_transitivebeg_46,F2_Noun_transitivebeg_46,,,8,7,1,
,,P1,the hand tells a story,mp,358075310,,,,,,,,,
,,P2,the band tells a story,mp,132936830,,,,,,,,,
,,P3,x,x,x,,,,,,,,,
,,S1,the sea tells a story,coord,315699206,,,,,,,,,
,,S2,x,x,x,,,,,,,,,
,,Un,the book tells a story,un,1020405060,,,,,,,,,
,,Un,the film tells a story,un,101597905,,,,,,,,,
,,,,,,,,,,,,,,
A,lead,,Linguistic unit,P type,Image ID,Male 1,Male 2,Female 2,,,Freq bin,Conc bin,Syllable,
,,Target,The lead restrains the dog,target,120683020,,M2_Noun_transitivebeg_47,F2_Noun_transitivebeg_47,,,8,7,1,
,,P1,The lad restrains the dog,mp,32024939,,,,,,,,,
,,P2,x,x,x,,,,,,,,,
,,P3,x,x,x,,,,,,,,,
,,S1,The muzzle restrains the dog,assoc,72786568,,,,,,,,,
,,S2,The rope restrains the dog,coord,8566624,,,,,,,,,
,,Un,The hand restrains the dog,un,141057496,,,,,,,,,
,,Un,The cage restrains the dog,un,304336754,,,,,,,,,
,,,,,,,,,,,,,,
A,fire,,Linguistic unit,P type,Image ID,Male 1,Male 2,Female 2,,,Freq bin,Conc bin,Syllable,
,,Target,The fire causes problems,target,220431301,,M2_Noun_transitivebeg_48,F2_Noun_transitivebeg_48,,,8,7,1,
,,P1,the tyre causes problems,mp,140950111,,,,,,,,,
,,P2,the wire causes problems,mp,409748842,,,,,,,,,
,,P3,x,x,x,,,,,,,,,
,,S1,the match causes problems,assoc,41792443,,,,,,,,,
,,S2,The water causes problems,assoc,148484927,,,,,,,,,
,,Un,The sun causes problems,un,149247635,,,,,,,,,
,,Un,x,x,x,,,,,,,,,
,,,,,,,,,,,,,,
A,stage,,Linguistic unit,P type,Image ID,Male 1,Male 2,Female 2,,,Freq bin,Conc bin,Syllable,
,,Target,the stage sets the scene,target,149938298,,M2_Noun_transitivebeg_49,F2_Noun_transitivebeg_49,,,8,7,1,
,,P1,the page sets the scene,mp,373972306,,,,,,,,,
,,P2,x,x,x,,,,,,,,,
,,P3,x,x,x,,,,,,,,,
,,S1,the book sets the scene,coord,226663429,,,,,,,,,
,,S2,the film sets the scene,coord,276568709,,,,,,,,,
,,Un,the man sets the scene,un,319650710,,,,,,,,,
,,Un,the child sets the scene,un,80781181234,,,,,,,,,
,,,,,,,,,,,,,,
A,father,,Linguistic unit,P type,Image ID,Male 1,Male 2,Female 2,,,Freq bin,Conc bin,Syllable,
,,Target,The father destroys the building,target,168280301,,M2_Noun_transitivebeg_55,F2_Noun_transitivebeg_55,,,8,7,2,
,,P1,x,x,x,,,,,,,,,
,,P2,The lava destroys the building,close,111331940,,,,,,,,,
,,P3,x,x,x,,,,,,,,,
,,S1,The mother destroys the building,coord,195437825,,,,,,,,,
,,S2,The car destroys the building,un,42364747,,,,,,,,,
,,Un,The bulldozer destroys the building,un,64351513,,,,,,,,,
,,Un,The fire destroys the building,un,96146573,,,,,,,,,
,,,,,,,,,,,,,,
A,bank,,Linguistic unit,P type,Image ID,Male 1,Male 2,Female 2,,,Freq bin,Conc bin,Syllable,
,,Target,The bank contains the money,target,265092359,,M2_Noun_transitivebeg_58,F2_Noun_transitivebeg_58,,,8,7,1,
,,P1,x,x,x,,,,,,,,,
,,P2,x,x,x,,,,,,,,,
,,P3,x,x,x,,,,,,,,,
,,S1,The safe contains the money,assoc,694352,,,,,,,,,
,,S2,The jar contains the money,coord,93054619,,,,,,,,,
,,Un,The piggy bank contains the money,assoc,120322174,,,,,,,,,
,,Un,The wallet contains the money,coord,38785265,,,,,,,,,
,,,,,,,,,,,,,,
A,girl,,Linguistic unit,P type,Image ID,Male 1,Male 2,Female 2,,,Freq bin,Conc bin,Syllable,
,,Target,the girl attracts attention,target,211291357,,M2_Noun_transitivebeg_61,F2_Noun_transitivebeg_61,,,8,7,1,
,,P1,the pearl attracts attention,mp,98123969,,,,,,,,,
,,P2,x,x,x,,,,,,,,,
,,P3,x,x,x,,,,,,,,,
,,S1,the dress attracts attention,assoc,271394918,,,,,,,,,
,,S2,the boy attracts attention,coord,50495386,,,,,,,,,
,,Un,the fire attracts attention,un,96146573,,,,,,,,,
,,Un,the man attracts attention,un,369632516,,,,,,,,,
,,,,,,,,,,,,,,
A,watch,,Linguistic unit,P type,Image ID,Male 1,Male 2,Female 2,,,Freq bin,Conc bin,Syllable,
,,Target,the watch tells the time,target,121562689,,M2_Noun_transitivebeg_62,F2_Noun_transitivebeg_62,,,8,7,1,
,,P1,x,x,x,,,,,,,,,
,,P2,the witch tells the time,mp,244461529,,,,,,,,,
,,P3,x,x,x,,,,,,,,,
,,S1,the sundial tells the time,assoc,64891771,,,,,,,,,
,,S2,the clock tells the time,assoc,312464915,,,,,,,,,
,,Un,the phone tells the time,un,193992773,,,,,,,,,
,,Un,the alarmclock tells the time,un,52601096,,,,,,,,,
,,,,,,,,,,,,,,
A,game,,Linguistic unit,P type,Image ID,Male 1,Male 2,Female 2,,,Freq bin,Conc bin,Syllable,
,,Target,the game entertains the child,target,70300393,,M2_Noun_transitivebeg_67,F2_Noun_transitivebeg_67,,,8,7,1,
,,P1,x,x,x,,,,,,,,,
,,P2,the flame entertains the child,mp,217246285,,,,,,,,,
,,P3,the gate entertains the child,mp,26275540,,,,,,,,,
,,S1,the computer entertains the child,assoc,200231804,,,,,,,,,
,,S2,x,x,x,,,,,,,,,
,,Un,the water entertains the child,un,238989970,,,,,,,,,
,,Un,the bubble entertains the child,un,355530821,,,,,,,,,
