,island,,Linguistic unit,P type,Image ID,Male 1,Male 2,Female 2,,,Freq bin,Conc bin,Syllable,
,,Target,She likes the island,target,19178037,,M2_Noun_transitiveend_1,F2_Noun_transitiveend_1,,,7,7,2,
,,P1,She likes the almond,distant,3191120,,,,,,,,,
,,P2,x,x,x,,,,,,,,,
,,P3,x,x,x,,,,,,,,,
,,S1,She likes the boat,assoc,35138139,,,,,,,,,
,,S2,She likes the shell,assoc,50806008,,,,,,,,,
,,Un,She likes the dog,un,47080304,,,,,,,,,
,,Un,She likes the swing,un,49071878,,,,,,,,,
,,,,,,,,,,,,,,
,career,,Linguistic unit,P type,Image ID,Male 1,Male 2,Female 2,,,Freq bin,Conc bin,Syllable,
,,Target,She has a career,target,53310156,,M2_Noun_transitiveend_2,F2_Noun_transitiveend_2,,,8,4,2,
,,P1,She has a curry,distant,51452409,,,,,,,,,
,,P2,She has an ear,distant,38620788,,,,,,,,,
,,P3,x,x,x,,,,,,,,,
,,S1,She has money,assoc,24845446,,,,,,,,,
,,S2,x,x,x,,,,,,,,,
,,Un,She has a cat,un,22599826,,,,,,,,,
,,Un,She has a bird,un,23488073,,,,,,,,,
,,,,,,,,,,,,,,
,language,,Linguistic unit,P type,Image ID,Male 1,Male 2,Female 2,,,Freq bin,Conc bin,Syllable,
,,Target,She learns the language,target,36524920,,M2_Noun_transitiveend_3,F2_Noun_transitiveend_3,,,7,2,2,
,,P1,x,x,x,,,,,,,,,
,,P2,x,x,x,,,,,,,,,
,,P3,x,x,x,,,,,,,,,
,,S1,She learns the music,coord,39911307,,,,,,,,,
,,S2,She learns the script,assoc,33917242,,,,,,,,,
,,Un,She learns the route,un,53225438,,,,,,,,,
,,Un,She learns the dance,un,38405728,,,,,,,,,
,,,,,,,,,,,,,,
,science,,Linguistic unit,P type,Image ID,Male 1,Male 2,Female 2,,,Freq bin,Conc bin,Syllable,
,,Target,The teacher likes science,target,32511024,,M2_Noun_transitiveend_4,F2_Noun_transitiveend_4,,,6,4,2,
,,P1,The teacher likes silence,mp,53584129,,,,,,,,,
,,P2,x,x,x,,,,,,,,,
,,P3,The teacher likes music,coord,39793476,,,,,,,,,
,,S1,The teacher likes art,coord,33928541,,,,,,,,,
,,S2,x,x,x,,,,,,,,,
,,Un,The teacher likes mess,un,52332562,,,,,,,,,
,,Un,The teacher likes exercise,un,40277707,,,,,,,,,
,,,,,,,,,,,,,,
,justice,,Linguistic unit,P type,Image ID,Male 1,Male 2,Female 2,,,Freq bin,Conc bin,Syllable,
,,Target,She wants justice,target,53310156,,M2_Noun_transitiveend_5,F2_Noun_transitiveend_5,,,7,1,2,
,,P1,She wants a necklace,distant,33916017,,,,,,,,,
,,P2,She wants a jumper,distant,38285108,,,,,,,,,
,,P3,x,x,x,,,,,,,,,
,,S1,She wants peace,assoc,20784460,,,,,,,,,
,,S2,x,x,x,,,,,,,,,
,,Un,She wants a house,un,47609103,,,,,,,,,
,,Un,She wants a blanket,un,29930957,,,,,,,,,
,,,,,,,,,,,,,,
,mistake,,Linguistic unit,P type,Image ID,Male 1,Male 2,Female 2,,,Freq bin,Conc bin,Syllable,
,,Target,He makes a mistake,target,39928269,,M2_Noun_transitiveend_6,F2_Noun_transitiveend_6,,,7,1,2,
,,P1,He makes a steak,close,17343484,,,,,,,,,
,,P2,He makes a cake,distant,10206184,,,,,,,,,
,,P3,x,x,x,,,,,,,,,
,,S1,x,x,x,,,,,,,,,
,,S2,he makes a scarf,un,13735593,,,,,,,,,
,,Un,He makes a painting,un,27722535,,,,,,,,,
,,Un,He makes a jacket,un,49208377,,,,,,,,,
,,,,,,,,,,,,,,
,nature,,Linguistic unit,P type,Image ID,Male 1,Male 2,Female 2,,,Freq bin,Conc bin,Syllable,
,,Target,He loves nature,target,14259763,,M2_Noun_transitiveend_7,F2_Noun_transitiveend_7,,,7,3,2,
,,P1,He loves nachos,distant,29651803,,,,,,,,,
,,P2,x,x,x,,,,,,,,,
,,P3,x,x,x,,,,,,,,,
,,S1,He loves horses,assoc,16658327,,,,,,,,,
,,S2,he loves dogs,assoc,201034253,,,,,,,,,
,,Un,He loves chicken,un,35233010,,,,,,,,,
,,Un,He loves cards,un,41055785,,,,,,,,,
,,,,,,,,,,,,,,
,safety,,Linguistic unit,P type,Image ID,Male 1,Male 2,Female 2,,,Freq bin,Conc bin,Syllable,
,,Target,He works in safety,target,45001925,,M2_Noun_transitiveend_8,F2_Noun_transitiveend_8,,,7,2,2,
,,P1,He works in sailing,distant,52091113,,,,,,,,,
,,P2,x,x,x,,,,,,,,,
,,P3,x,x,x,,,,,,,,,
,,S1,x,x,x,,,,,,,,,
,,S2,x,x,x,,,,,,,,,
,,Un,He works in science,un,32511024,,,,,,,,,
,,Un,He works in law,un,33765791,,,,,,,,,
,,,,,,,,,,,,,,
,knowledge,,Linguistic unit,P type,Image ID,Male 1,Male 2,Female 2,,,Freq bin,Conc bin,Syllable,
,,Target,He shares his knowledge,target,41856544,,M2_Noun_transitiveend_9,F2_Noun_transitiveend_9,,,7,1,2,
,,P1,He shares his sausage,distant,18713376,,,,,,,,,
,,P2,x,x,x,,,,,,,,,
,,P3,x,x,x,,,,,,,,,
,,S1,He shares his lollipop,coord,50493876,,,,,,,,,
,,S2,x,x,x,,,,,,,,,
,,Un,He shares his love,un,17265799,,,,,,,,,
,,Un,He shares his music,un,19037372,,,,,,,,,
,,,,,,,,,,,,,,
,bedroom,,Linguistic unit,P type,Image ID,Male 1,Male 2,Female 2,,,Freq bin,Conc bin,Syllable,
,,Target,the maid cleans the bedroom,target,274592342,M1_Noun_transitiveend_12,,F2_Noun_transitiveend_12,,,8,7,1,
,,P1,the maid cleans the bathroom,close,194984315,,,,,,,,,
,,P2,x,x,x,,,,,,,,,
,,P3,x,x,x,,,,,,,,,
,,S1,the maid cleans the living room,coord,166287176,,,,,,,,,
,,S2,x,x,x,,,,,,,,,
,,Un,the maid cleans the floor,un,166287182,,,,,,,,,
,,Un,the maid cleans the window,un,183164669,,,,,,,,,
,,,,,,,,,,,,,,
,typewriter,,Linguistic unit,P type,Image ID,Male 1,Male 2,Female 2,,,Freq bin,Conc bin,Syllable,
,,Target,he uses the typewriter,target,328977077,M1_Noun_transitiveend_15,,F2_Noun_transitiveend_15,,,4,7,3,
,,P1,x,x,x,,,,,,,,,
,,P2,he uses the lighter,distant,320898851,,,,,,,,,
,,P3,x,x,x,,,,,,,,,
,,S1,he uses the computer,coord,320399756,,,,,,,,,
,,S2,he uses the phone,coord,311400035,,,,,,,,,
,,Un,x,x,x,,,,,,,,,
,,Un,he uses the radio,un,306425741,,,,,,,,,
,,,,,,,,,,,,,,
,rainbow,,Linguistic unit,P type,Image ID,Male 1,Male 2,Female 2,,,Freq bin,Conc bin,Syllable,
,,Target,he loves the rainbow,target,132632972,M1_Noun_transitiveend_17,,F2_Noun_transitiveend_17,,,6,7,2,
,,P1,he loees the crossbow,distant,79178638,,,,,,,,,
,,P2,he loves the rain,distant/coord,289942922,,,,,,,,,
,,P3,he loves the bow,distant,38261293,,,,,,,,,
,,S1,he loves the sunset,coord,15135205,,,,,,,,,
,,S2,he loves the umberella,coord,4096061,,,,,,,,,
,,Un,x,x,x,,,,,,,,,
,,Un,x,x,x,,,,,,,,,
,,,,,,,,,,,,,,
,bathroom,,Linguistic unit,P type,Image ID,Male 1,Male 2,Female 2,,,Freq bin,Conc bin,Syllable,
,,Target,the maid cleans the bathroom,target,194984315,M1_Noun_transitiveend_18,,F2_Noun_transitiveend_18,,,7,7,2,
,,P1,the maid cleans the bedroom,close,274592342,,,,,,,,,
,,P2,x,x,x,,,,,,,,,
,,P3,x,x,x,,,,,,,,,
,,S1,the maid cleans the living room,coord,166287176,,,,,,,,,
,,S2,x,x,x,,,,,,,,,
,,Un,the maid cleans the floor,un,166287182,,,,,,,,,
,,Un,the maid cleans the window,un,183164669,,,,,,,,,
,,,,,,,,,,,,,,
,mushroom,,Linguistic unit,P type,Image ID,Male 1,Male 2,Female 2,,,Freq bin,Conc bin,Syllable,
,,Target,the cook cuts a mushroom,target,130753628,M1_Noun_transitiveend_19,,F2_Noun_transitiveend_19,,,5,7,2,
,,P1,x,x,x,,,,,,,,,
,,P2,x,x,x,,,,,,,,,
,,P3,the cook cuts a carrot,assoc,257104510,,,,,,,,,
,,S1,the cook cuts an onion,assoc,130666667,,,,,,,,,
,,S2,the cook cuts a pepper,assoc,130654985,,,,,,,,,
,,Un,the cook cuts a cucumber,assoc,130666601,,,,,,,,,
,,Un,the cook cuts a tomato,assoc,41876749,,,,,,,,,
,,,,,,,,,,,,,,
,lock,,Linguistic unit,P type,Image ID,Male 1,Male 2,Female 2,,,Freq bin,Conc bin,Syllable,
,,Target,the man holds a lock,target,196274444,M1_Noun_transitiveend_21,,F2_Noun_transitiveend_21,,,6,7,1,
,,P1,the man holds a sock,mp,310809407,,,,,,,,,
,,P2,the man holds a rock,mp,290237021,,,,,,,,,
,,P3,the man holds a clock,mp,234886804,,,,,,,,,
,,S1,the man holds a key,assoc,228118633,,,,,,,,,
,,S2,x,x,x,,,,,,,,,
,,Un,the man holds a brick,un,193518410,,,,,,,,,
,,Un,x,x,x,,,,,,,,,
,,,,,,,,,,,,,,
,neck,,Linguistic unit,P type,Image ID,Male 1,Male 2,Female 2,,,Freq bin,Conc bin,Syllable,
,,Target,The woman holds the neck,target,164183780,M1_Noun_transitiveend_27,,F2_Noun_transitiveend_27,,,8,7,1,
,,P1,The woman holds the cheque,mp,205981591,,,,,,,,,
,,P2,The woman holds the wreck,mp,135832223,,,,,,,,,
,,P3,x,x,x,,,,,,,,,
,,S1,The woman holds the necklace,subord,33916017,,,,,,,,,
,,S2,The woman holds the ankle,coord,112950334,,,,,,,,,
,,Un,The woman holds the scarf,coord,190473419,,,,,,,,,
,,Un,x,x,x,,,,,,,,,
,,,,,,,,,,,,,,
,hammer,,Linguistic unit,P type,Image ID,Male 1,Male 2,Female 2,,,Freq bin,Conc bin,Syllable,
,,Target,the man uses a hammer,target,315475769,M1_Noun_transitiveend_34,,F2_Noun_transitiveend_34,,,7,7,2,
,,P1,the man uses a hamper,mp,151925816,,,,,,,,,
,,P2,the man uses a hanger,mp,280925774,,,,,,,,,
,,P3,the man uses a scanner,distant,3322510,,,,,,,,,
,,S1,the man uses a saw,coord,112072841,,,,,,,,,
,,S2,the man uses a spanner,coord,234851836,,,,,,,,,
,,Un,x,x,x,,,,,,,,,
,,Un,x,x,x,,,,,,,,,
,,,,,,,,,,,,,,
,wall,,Linguistic unit,P type,Image ID,Male 1,Male 2,Female 2,,,Freq bin,Conc bin,Syllable,
,,Target,he fixes the wall,target,122509672,M1_Noun_transitiveend_37,,F2_Noun_transitiveend_37,,,8,7,1,
,,P1,he fixes the shawl,mp,268502327,,,,,,,,,
,,P2,he fixes the ball,mp,39731194,,,,,,,,,
,,P3,x,x,x,,,,,,,,,
,,S1,he fixes the window,coord,94503190,,,,,,,,,
,,S2,he fixes the ceiling,coord,129232532,,,,,,,,,
,,Un,he fixes the fence,coord,15239422,,,,,,,,,
,,Un,x,x,x,,,,,,,,,
,,,,,,,,,,,,,,
,record,,Linguistic unit,P type,Image ID,Male 1,Male 2,Female 2,,,Freq bin,Conc bin,Syllable,
,,Target,he gets a record,target,195177908,M1_Noun_transitiveend_41,,F2_Noun_transitiveend_41,,,8,6,2,
,,P1,he gets a reward,close,82427092,,,,,,,,,
,,P2,he gets an award,close,18456895,,,,,,,,,
,,P3,he gets a recorder,distant,201483977,,,,,,,,,
,,S1,he gets a CD,coord,179522198,,,,,,,,,
,,S2,he gets a tape,coord,301134431,,,,,,,,,
,,Un,x,x,x,,,,,,,,,
,,Un,x,x,x,,,,,,,,,
,,,,,,,,,,,,,,
,art,,Linguistic unit,P type,Image ID,Male 1,Male 2,Female 2,,,Freq bin,Conc bin,Syllable,
,,Target,the woman displays her art,target,191322113,M1_Noun_transitiveend_42,,F2_Noun_transitiveend_42,,,8,6,1,
,,P1,the woman displays her heart,mp,2516690,,,,,,,,,
,,P2,the woman displays her dart,mp,161979275,,,,,,,,,
,,P3,x,x,x,,,,,,,,,
,,S1,the woman displays her paintbrush,assoc,250532548,,,,,,,,,
,,S2,the woman displays her photos,assoc,248395063,,,,,,,,,
,,Un,x,x,x,,,,,,,,,
,,Un,the woman displays her pastries,un,30566110,,,,,,,,,
,,,,,,,,,,,,,,
,dart,,Linguistic unit,P type,Image ID,Male 1,Male 2,Female 2,,,Freq bin,Conc bin,Syllable,
,,Target,the woman displays her dart,target,161979275,M1_Noun_transitiveend_43,,F2_Noun_transitiveend_43,,,5,7,1,
,,P1,the woman displays her art,mp,191322113,,,,,,,,,
,,P2,the woman displays her heart,mp,2516690,,,,,,,,,
,,P3,x,x,x,,,,,,,,,
,,S1,x,x,x,,,,,,,,,
,,S2,x,x,x,,,,,,,,,
,,Un,the woman displays her paintbrush,un,250532548,,,,,,,,,
,,Un,the woman displays her photos,un,248395063,,,,,,,,,
,,,,,,,,,,,,,,
,teapot,,Linguistic unit,P type,Image ID,Male 1,Male 2,Female 2,,,Freq bin,Conc bin,Syllable,
,,Target,the person holds the teapot,target,284012081,M1_Noun_transitiveend_44,,F2_Noun_transitiveend_44,,,5,7,2,
,,P1,the person holds the teepee,close,263392979,,,,,,,,,
,,P2,the person holds the plant,distant,38881137,,,,,,,,,
,,P3,the person holds the pot,distant,31468510,,,,,,,,,
,,S1,the person holds the coffeepot,coord,209171185,,,,,,,,,
,,S2,the person holds the key,coord,228118633,,,,,,,,,
,,Un,x,x,x,,,,,,,,,
,,Un,x,x,x,,,,,,,,,
,,,,,,,,,,,,,,
,strike,,Linguistic unit,P type,Image ID,Male 1,Male 2,Female 2,,,Freq bin,Conc bin,Syllable,
,,Target,the government hates strikes,target,51311013,M1_Noun_transitiveend_46,,F2_Noun_transitiveend_46,,,7,4,1,
,,P1,the government hates bikes,mp,27169607,,,,,,,,,
,,P2,x,x,x,,,,,,,,,
,,P3,the government hates stripes,mp,130243382,,,,,,,,,
,,S1,the government hates elections,coord,190794164,,,,,,,,,
,,S2,the government hates fights,un,268614719,,,,,,,,,
,,Un,the government hates games,unun,23419268,,,,,,,,,
,,Un,x,x,x,,,,,,,,,
,,,,,,,,,,,,,,
,court,,Linguistic unit,P type,Image ID,Male 1,Male 2,Female 2,,,Freq bin,Conc bin,Syllable,
,,Target,the man leads the court,target,243765985,M1_Noun_transitiveend_48,,F2_Noun_transitiveend_48,,,8,6,1,
,,P1,the man leads the cart,mp,49692304,,,,,,,,,
,,P2,the man leads the fort,mp,92749732,,,,,,,,,
,,P3,x,x,x,,,,,,,,,
,,S1,the man leads the church,coord,126543428,,,,,,,,,
,,S2,the man leads the company,coord,44182813,,,,,,,,,
,,Un,the man leads the class,un,32511024,,,,,,,,,
,,Un,x,x,x,,,,,,,,,
,,,,,,,,,,,,,,
,cart,,Linguistic unit,P type,Image ID,Male 1,Male 2,Female 2,,,Freq bin,Conc bin,Syllable,
,,Target,the dog has a cart,target,286018523,M1_Noun_transitiveend_49,,F2_Noun_transitiveend_49,,,5,7,1,
,,P1,the dog has a heart,mp,173014952,,,,,,,,,
,,P2,the dog has a car,mp,209412904,,,,,,,,,
,,P3,the dog has a card,mp,179732639,,,,,,,,,
,,S1,the dog has a scooter,coord,174700670,,,,,,,,,
,,S2,x,x,x,,,,,,,,,
,,Un,x,x,x,,,,,,,,,
,,Un,the dog has a toy,un,291462158,,,,,,,,,
,,,,,,,,,,,,,,
,hanger,,Linguistic unit,P type,Image ID,Male 1,Male 2,Female 2,,,Freq bin,Conc bin,Syllable,
,,Target,she uses the hanger,target,326905355,M1_Noun_transitiveend_50,,F2_Noun_transitiveend_50,,,4,7,2,
,,P1,she uses the hamper,close,317473967,,,,,,,,,
,,P2,x,x,x,,,,,,,,,
,,P3,she uses the hammer,close,13423453,,,,,,,,,
,,S1,she uses the coat,coord,138710468,,,,,,,,,
,,S2,she uses the wardrobe,coord,134523755,,,,,,,,,
,,Un,she uses the handbag,un,57467314,,,,,,,,,
,,Un,x,x,x,,,,,,,,,
,,,,,,,,,,,,,,
,bush,,Linguistic unit,P type,Image ID,Male 1,Male 2,Female 2,,,Freq bin,Conc bin,Syllable,
,,Target,the man cuts the bush,target,287707931,M1_Noun_transitiveend_51,,F2_Noun_transitiveend_51,,,6,7,1,
,,P1,x,x,x,,,,,,,,,
,,P2,the man cuts the book,mp,173084678,,,,,,,,,
,,P3,x,x,x,,,,,,,,,
,,S1,the man cuts the tree,coord,112072841,,,,,,,,,
,,S2,the man cuts the grass,coord,35865163,,,,,,,,,
,,Un,the man cuts the wood,un,335716481,,,,,,,,,
,,Un,the man cuts the apple,un,590037,,,,,,,,,
,,,,,,,,,,,,,,
,butterfly,,Linguistic unit,P type,Image ID,Male 1,Male 2,Female 2,,,Freq bin,Conc bin,Syllable,
,,Target,He feels the butterfly,target,143498137,M1_Noun_transitiveend_53,,F2_Noun_transitiveend_53,,,6,7,3,
,,P1,x,x,x,,,,,,,,,
,,P2,x,x,x,,,,,,,,,
,,P3,He feels the fly,distant,66699028,,,,,,,,,
,,S1,He feels the bee,coord,160525967,,,,,,,,,
,,S2,He feel the ladybird,coord,29579935,,,,,,,,,
,,Un,He feels the snail,coord,1027757,,,,,,,,,
,,Un,He feels the horse,un,16658327,,,,,,,,,
,,,,,,,,,,,,,,
,lady,,Linguistic unit,P type,Image ID,Male 1,Male 2,Female 2,,,Freq bin,Conc bin,Syllable,
,,Target,the caller rings the lady,target,126153506,M1_Noun_transitiveend_59,,F2_Noun_transitiveend_59,,,8,6,2,
,,P1,the caller rings the baby,distant,23830819,,,,,,,,,
,,P2,x,x,x,,,,,,,,,
,,P3,x,x,x,,,,,,,,,
,,S1,the caller rings the girl,coord,132348320,,,,,,,,,
,,S2,the caller rings the man,coord,87275050,,,,,,,,,
,,Un,the caller rings the boy,coord,279289346,,,,,,,,,
,,Un,the caller rings the dog,un,117492673,,,,,,,,,
,,,,,,,,,,,,,,
,escalator,,Linguistic unit,P type,Image ID,Male 1,Male 2,Female 2,,,Freq bin,Conc bin,Syllable,
,,Target,he holds the escalator,target,50402473,M1_Noun_transitiveend_66,,F2_Noun_transitiveend_66,,,4,7,4,
,,P1,he holds the calculator,mp,239062618,,,,,,,,,
,,P2,he holds the grater,mp,292934069,,,,,,,,,
,,P3,he holds the alligator,close,183043415,,,,,,,,,
,,S1,he holds the stairs,coord,45100279,,,,,,,,,
,,S2,he holds the computer,coord,5559412,,,,,,,,,
,,Un,x,x,x,,,,,,,,,
,,Un,x,x,x,,,,,,,,,
,,,,,,,,,,,,,,
,throne,,Linguistic unit,P type,Image ID,Male 1,Male 2,Female 2,,,Freq bin,Conc bin,Syllable,
,,Target,he uses the throne,target,214078708,M1_Noun_transitiveend_68,,F2_Noun_transitiveend_68,,,6,7,1,
,,P1,he uses the home,mp,27421377,,,,,,,,,
,,P2,he uses the gnome,mp,163246046,,,,,,,,,
,,P3,he uses the foam,mp,74189155,,,,,,,,,
,,S1,he uses the chair,coord,3259218,,,,,,,,,
,,S2,he uses the crown,coord,146076287,,,,,,,,,
,,Un,x,x,x,,,,,,,,,
,,Un,x,x,x,,,,,,,,,
,,,,,,,,,,,,,,
,dome,,Linguistic unit,P type,Image ID,Male 1,Male 2,Female 2,,,Freq bin,Conc bin,Syllable,
,,Target,he uses the dome,target,257451121,M1_Noun_transitiveend_69,,F2_Noun_transitiveend_69,,,5,7,1,
,,P1,he uses the home,mp,276568709,,,,,,,,,
,,P2,he uses the throne,mp,214078708,,,,,,,,,
,,P3,he uses the foam,mp,45059092,,,,,,,,,
,,S1,he uses the tower,coord,144019315,,,,,,,,,
,,S2,he uses the teepee,coord,3333610,,,,,,,,,
,,Un,x,x,x,,,,,,,,,
,,Un,x,x,x,,,,,,,,,
,,,,,,,,,,,,,,
,flower,,Linguistic unit,P type,Image ID,Male 1,Male 2,Female 2,,,Freq bin,Conc bin,Syllable,
,,Target,she likes the flower,target,224471617,M1_Noun_transitiveend_72,,F2_Noun_transitiveend_72,,,7,7,2,
,,P1,she likes the tower,mp,303476060,,,,,,,,,
,,P2,she likes the shower,mp,126536075,,,,,,,,,
,,P3,x,x,x,,,,,,,,,
,,S1,she likes the plant,coord,48950445,,,,,,,,,
,,S2,she likes the vase,coord,164536922,,,,,,,,,
,,Un,she likes the bath,un,30524832,,,,,,,,,
,,Un,x,x,x,,,,,,,,,
,,,,,,,,,,,,,,
,shore,,Linguistic unit,P type,Image ID,Male 1,Male 2,Female 2,,,Freq bin,Conc bin,Syllable,
,,Target,he likes the shore,target,315098789,M1_Noun_transitiveend_73,,F2_Noun_transitiveend_73,,,6,7,1,
,,P1,he likes the door,mp,146964704,,,,,,,,,
,,P2,he likes the saw,mp,217821505,,,,,,,,,
,,P3,he likes the floor,mp,61875193,,,,,,,,,
,,S1,he likes the boat,coord,52091113,,,,,,,,,
,,S2,x,x,x,,,,,,,,,
,,Un,he likes the sheep,un,157673411,,,,,,,,,
,,Un,x,x,x,,,,,,,,,
,,,,,,,,,,,,,,
,flies,,Linguistic unit,P type,Image ID,Male 1,Male 2,Female 2,,,Freq bin,Conc bin,Syllable,
,,Target,he hates flies,target,781520,M1_Noun_transitiveend_74,,F2_Noun_transitiveend_74,,,7,7,1,
,,P1,he hates eyes,mp,130786277,,,,,,,,,
,,P2,he hates pies,mp,318698831,,,,,,,,,
,,P3,he hates ties,mp,193059866,,,,,,,,,
,,S1,he hates bees,coord,71844580,,,,,,,,,
,,S2,he hates glasses,coord,27276302,,,,,,,,,
,,Un,x,x,x,,,,,,,,,
,,Un,x,x,x,,,,,,,,,
,,,,,,,,,,,,,,
,doctor,,Linguistic unit,P type,Image ID,Male 1,Male 2,Female 2,,,Freq bin,Conc bin,Syllable,
,,Target,the woman visits her doctor,target,32851088,,M2_Noun_transitiveend_80,F2_Noun_transitiveend_80,,,8,7,1,
,,P1,the woman visits her daughter,close,264133985,,,,,,,,,
,,P2,x,x,x,,,,,,,,,
,,P3,x,x,x,,,,,,,,,
,,S1,the woman visits her vet,coord,242966920,,,,,,,,,
,,S2,the woman visits her nurse,coord,36818562,,,,,,,,,
,,Un,the woman visits her patient,un,180192032,,,,,,,,,
,,Un,x,un,x,,,,,,,,,
,,,,,,,,,,,,,,
,iron,,Linguistic unit,P type,Image ID,Male 1,Male 2,Female 2,,,Freq bin,Conc bin,Syllable,
,,Target,the man has the iron,target,51388888,,M2_Noun_transitiveend_83,F2_Noun_transitiveend_83,,,7,7,2,
,,P1,the man has the lion,mp,134472080,,,,,,,,,
,,P2,the man has the onion,distant,130666667,,,,,,,,,
,,P3,x,x,x,,,,,,,,,
,,S1,the man has the sock,assoc,310809407,,,,,,,,,
,,S2,the man has the hanger,assoc,280925774,,,,,,,,,
,,Un,the man has the laundry,assoc,19291843,,,,,,,,,
,,Un,x,x,x,,,,,,,,,
,,,,,,,,,,,,,,
,vehicle,,Linguistic unit,P type,Image ID,Male 1,Male 2,Female 2,,,Freq bin,Conc bin,Syllable,
,,Target,the lady has a vehicle,target,273382271,,M2_Noun_transitiveend_85,F2_Noun_transitiveend_85,,,7,7,2,
,,P1,the lady has a wrinkle,close,319607033,,,,,,,,,
,,P2,the lady has an ankle,distant,7065985,,,,,,,,,
,,P3,x,x,x,,,,,,,,,
,,S1,the lady has a bicycle,coord,27169607,,,,,,,,,
,,S2,the lady has a boat,coord,16714930,,,,,,,,,
,,Un,x,x,x,,,,,,,,,
,,Un,the lady has a skateboard,un,44013858,,,,,,,,,
,,,,,,,,,,,,,,
,alcohol,,Linguistic unit,P type,Image ID,Male 1,Male 2,Female 2,,,Freq bin,Conc bin,Syllable,
,,Target,he likes alcohol,target,30150678,,M2_Noun_transitiveend_86,F2_Noun_transitiveend_86,,,7,7,3,
,,P1,x,x,x,,,,,,,,,
,,P2,x,x,x,,,,,,,,,
,,P3,he likes cereal,un,322932869,,,,,,,,,
,,S1,he likes juice,coord,37726548,,,,,,,,,
,,S2,he likes water,coord,164756279,,,,,,,,,
,,Un,he likes tea,un,24118450,,,,,,,,,
,,Un,he likes ketchup,un,59734207,,,,,,,,,
,,,,,,,,,,,,,,
,evidence,,Linguistic unit,P type,Image ID,Male 1,Male 2,Female 2,,,Freq bin,Conc bin,Syllable,
,,Target,he takes the evidence,target,187941386,,M2_Noun_transitiveend_88,F2_Noun_transitiveend_88,,,8,5,3,
,,P1,he takes the elephant,distant,380995561,,,,,,,,,
,,P2,he takes the ambulance,distant,113421097,,,,,,,,,
,,P3,x,x,x,,,,,,,,,
,,S1,he takes the car,assoc,35390329,,,,,,,,,
,,S2,he takes the man,assoc,17843134,,,,,,,,,
,,Un,he takes the money,assoc,283020137,,,,,,,,,
,,Un,x,x,x,,,,,,,,,
,,,,,,,,,,,,,,
,race,,Linguistic unit,P type,Image ID,Male 1,Male 2,Female 2,,,Freq bin,Conc bin,Syllable,
,,Target,the woman has a race,target,324777122,,M2_Noun_transitiveend_89,F2_Noun_transitiveend_89,,,8,5,1,
,,P1,the woman has a case,mp,133534244,,,,,,,,,
,,P2,the woman has a lace,mp,7593510526,,,,,,,,,
,,P3,the woman has a face,mp,126009806,,,,,,,,,
,,S1,the woman has a water,assoc,42316112,,,,,,,,,
,,S2,the woman has a stretch,assoc,45896520,,,,,,,,,
,,Un,x,x,x,,,,,,,,,
,,Un,x,x,x,,,,,,,,,
,,,,,,,,,,,,,,
,doll,,Linguistic unit,P type,Image ID,Male 1,Male 2,Female 2,,,Freq bin,Conc bin,Syllable,
,,Target,the child has a doll,target,181238870,,M2_Noun_transitiveend_91,F2_Noun_transitiveend_91,,,6,7,1,
,,P1,the child has a bowl,close,178210637,,,,,,,,,
,,P2,the child has a drill,distant,204591244,,,,,,,,,
,,P3,the child has a goal,close,201975412,,,,,,,,,
,,S1,the child has a bear,coord,249462853,,,,,,,,,
,,S2,the child has a rabbit,coord,345403865,,,,,,,,,
,,Un,x,x,x,,,,,,,,,
,,Un,x,x,x,,,,,,,,,
,,,,,,,,,,,,,,
,helmet,,Linguistic unit,P type,Image ID,Male 1,Male 2,Female 2,,,Freq bin,Conc bin,Syllable,
,,Target,the person wears a helmet,target,301821125,,M2_Noun_transitiveend_92,F2_Noun_transitiveend_92,,,6,7,2,
,,P1,the person wears a hairnet,close,2794065,,,,,,,,,
,,P2,x,x,x,,,,,,,,,
,,P3,x,x,x,,,,,,,,,
,,S1,the person wears a hat,coord,305547781,,,,,,,,,
,,S2,the person wears a headscarf,coord,262663967,,,,,,,,,
,,Un,the person wears a cap,coord,241372813,,,,,,,,,
,,Un,the person wears a scarf,un,220796884,,,,,,,,,
,,,,,,,,,,,,,,
,parrot,,Linguistic unit,P type,Image ID,Male 1,Male 2,Female 2,,,Freq bin,Conc bin,Syllable,
,,Target,the bucket holds a parrot,target,55506964,,M2_Noun_transitiveend_94,F2_Noun_transitiveend_94,,,5,7,2,
,,P1,the bucket holds a carrot,mp,40789309,,,,,,,,,
,,P2,the bucket holds a ferret,distant,98441516,,,,,,,,,
,,P3,x,x,x,,,,,,,,,
,,S1,the bucket holds an egg,assoc,7456320504,,,,,,,,,
,,S2,x,x,x,,,,,,,,,
,,Un,the bucket holds cherries,un,485695425,,,,,,,,,
,,Un,the bucket holds feed,un,84453310,,,,,,,,,
,,,,,,,,,,,,,,
,friend,,Linguistic unit,P type,Image ID,Male 1,Male 2,Female 2,,,Freq bin,Conc bin,Syllable,
,,Target,he passes the food to the friend,target,207120154,,M2_Noun_transitiveend_96,F2_Noun_transitiveend_96,,,8,4,1,
,,P1,x,close,x,,,,,,,,,
,,P2,he passes the food to the father,distant,389358862,,,,,,,,,
,,P3,x,x,x,,,,,,,,,
,,S1,he passes the food to his hero,coord,154792349,,,,,,,,,
,,S2,he passes the food to his mother,assoc,3532303,,,,,,,,,
,,Un,he passes the food to his bear,un,331667633,,,,,,,,,
,,Un,he passes the food to the cow,x,41145079,,,,,,,,,
,,,,,,,,,,,,,,
,step,,Linguistic unit,P type,Image ID,Male 1,Male 2,Female 2,,,Freq bin,Conc bin,Syllable,
,,Target,the boy stands on the step,target,380055670,,M2_Noun_transitiveend_99,F2_Noun_transitiveend_99,,,8,6,1,
,,P1,x,x,x,,,,,,,,,
,,P2,the boy stands on the stick,close,393594262,,,,,,,,,
,,P3,the boy stands on the stepping stone,distant,1147210,,,,,,,,,
,,S1,the boy stands on the beach,coord,11178658,,,,,,,,,
,,S2,x,x,x,,,,,,,,,
,,Un,the boy stands on the ladder,coord,239324323,,,,,,,,,
,,Un,the boy stands on the swing,un,66253366,,,,,,,,,
,,,,,,,,,,,,,,
,queen,,Linguistic unit,P type,Image ID,Male 1,Male 2,Female 2,,,Freq bin,Conc bin,Syllable,
,,Target,he adores the queen,target,263241815,,M2_Noun_transitiveend_100,F2_Noun_transitiveend_100,,,8,6,1,
,,P1,he adores the bean,mp,28058533,,,,,,,,,
,,P2,he adores the teen,mp,39236048,,,,,,,,,
,,P3,x,x,x,,,,,,,,,
,,S1,he adores the bride,x,62125843,,,,,,,,,
,,S2,he adores the crown,x,192996161,,,,,,,,,
,,Un,he adores the necklace,x,33916017,,,,,,,,,
,,Un,x,x,x,,,,,,,,,
,,,,,,,,,,,,,,
,mate,,Linguistic unit,P type,Image ID,Male 1,Male 2,Female 2,,,Freq bin,Conc bin,Syllable,
,,Target,the man meets his mate,target,280125002,,M2_Noun_transitiveend_101,F2_Noun_transitiveend_101,,,8,6,1,
,,P1,x,x,x,,,,,,,,,
,,P2,the man meets his date,mp,187720691,,,,,,,,,
,,P3,x,x,x,,,,,,,,,
,,S1,the man meets his mum,coord,1451624,,,,,,,,,
,,S2,the man meets his wife,coord,31696184,,,,,,,,,
,,Un,the man meets his family,un,217879750,,,,,,,,,
,,Un,the man meets his son,un,350451290,,,,,,,,,
,,,,,,,,,,,,,,
,air,,Linguistic unit,P type,Image ID,Male 1,Male 2,Female 2,,,Freq bin,Conc bin,Syllable,
,,Target,the man uses the air,target,135832223,,M2_Noun_transitiveend_103,F2_Noun_transitiveend_103,,,8,6,1,
,,P1,the man uses the chair,mp,106318892,,,,,,,,,
,,P2,the man uses the oar,close,148515005,,,,,,,,,
,,P3,x,x,x,,,,,,,,,
,,S1,the man uses the water,coord,302714480,,,,,,,,,
,,S2,the man uses the fire,coord,319650710,,,,,,,,,
,,Un,the man uses the knife,un,232456983,,,,,,,,,
,,Un,x,x,x,,,,,,,,,
,,,,,,,,,,,,,,
,light,,Linguistic unit,P type,Image ID,Male 1,Male 2,Female 2,,,Freq bin,Conc bin,Syllable,
,,Target,the boy holds the light,target,361720232,,M2_Noun_transitiveend_104,F2_Noun_transitiveend_104,,,8,6,1,
,,P1,x,x,x,,,,,,,,,
,,P2,the boy holds the kite,mp,142051378,,,,,,,,,
,,P3,the boy holds the knight,mp,118463368,,,,,,,,,
,,S1,the boy holds the match,assoc,41792443,,,,,,,,,
,,S2,the boy holds the candle,coord,380368156,,,,,,,,,
,,Un,the boy holds the book,un,394913227,,,,,,,,,
,,Un,x,x,x,,,,,,,,,
,,,,,,,,,,,,,,
,music,,Linguistic unit,P type,Image ID,Male 1,Male 2,Female 2,,,Freq bin,Conc bin,Syllable,
,,Target,she hates the music,target,367559495,,M2_Noun_transitiveend_105,F2_Noun_transitiveend_105,,,8,6,2,
,,P1,she hates the sick,close,246882316,,,,,,,,,
,,P2,she hates the moose,close,96205961,,,,,,,,,
,,P3,she hates the mousse,close,6977368,,,,,,,,,
,,S1,x,x,x,,,,,,,,,
,,S2,she hates the movie,coord,247008445,,,,,,,,,
,,Un,she hates the photo,un,313920950,,,,,,,,,
,,Un,x,x,x,,,,,,,,,
,,,,,,,,,,,,,,
,pressure,,Linguistic unit,P type,Image ID,Male 1,Male 2,Female 2,,,Freq bin,Conc bin,Syllable,
,,Target,the man watches the pressure,target,159748715,,M2_Noun_transitiveend_108,F2_Noun_transitiveend_108,,,8,4,2,
,,P1,the man watches the press,distant,316734743,,,,,,,,,
,,P2,the man watches the treasure,close,380894197,,,,,,,,,
,,P3,x,x,x,,,,,,,,,
,,S1,the man watches the match,coord,384134488,,,,,,,,,
,,S2,the man watches the operation,coord,226271230,,,,,,,,,
,,Un,the man watches the film,un,243996961,,,,,,,,,
,,Un,x,x,x,,,,,,,,,
,,,,,,,,,,,,,,
,part,,Linguistic unit,P type,Image ID,Male 1,Male 2,Female 2,,,Freq bin,Conc bin,Syllable,
,,Target,he repairs the part,target,26631547,,M2_Noun_transitiveend_110,F2_Noun_transitiveend_110,,,8,4,1,
,,P1,he repairs the heart,mp,226271230,,,,,,,,,
,,P2,he repairs the cart,mp,255274603,,,,,,,,,
,,P3,x,x,x,,,,,,,,,
,,S1,he repairs the sink,assoc,233588119,,,,,,,,,
,,S2,he repairs the car,coord,249727981,,,,,,,,,
,,Un,he repairs the glass,un,48536376,,,,,,,,,
,,Un,x,x,x,,,,,,,,,
,,,,,,,,,,,,,,
,page,,Linguistic unit,P type,Image ID,Male 1,Male 2,Female 2,,,Freq bin,Conc bin,Syllable,
,,Target,he holds the page,target,48422428,,M2_Noun_transitiveend_113,F2_Noun_transitiveend_113,,,7,7,1,
,,P1,x,x,x,,,,,,,,,
,,P2,x,x,x,,,,,,,,,
,,P3,he holds the cage,mp,247915564,,,,,,,,,
,,S1,he holds the pen,assoc,65947648124,,,,,,,,,
,,S2,he holds the book,coord,38261293,,,,,,,,,
,,Un,he holds the bread,un,183077327,,,,,,,,,
,,Un,he holds the bird,un,392172100,,,,,,,,,
,,,,,,,,,,,,,,
,dad,,Linguistic unit,P type,Image ID,Male 1,Male 2,Female 2,,,Freq bin,Conc bin,Syllable,
,,Target,he loves his dad,target,193607378,,M2_Noun_transitiveend_115,F2_Noun_transitiveend_115,,,8,6,1,
,,P1,he loves his pad,mp,379947652,,,,,,,,,
,,P2,x,x,x,,,,,,,,,
,,P3,x,x,x,,,,,,,,,
,,S1,he loves his mum,coord,207034693,,,,,,,,,
,,S2,he loves his car,assoc,150360950,,,,,,,,,
,,Un,he loves his drum,un,278138576,,,,,,,,,
,,Un,he loves his dog,un,13502128,,,,,,,,,
,,,,,,,,,,,,,,
,price,,Linguistic unit,P type,Image ID,Male 1,Male 2,Female 2,,,Freq bin,Conc bin,Syllable,
,,Target,the woman loves the price,target,88374013,,M2_Noun_transitiveend_116,F2_Noun_transitiveend_116,,,8,5,1,
,,P1,the woman loves the rice,mp,204624412,,,,,,,,,
,,P2,the woman loves the ice,mp,324371012,,,,,,,,,
,,P3,the woman loves the dice,mp,392313700,,,,,,,,,
,,S1,the woman loves the money,assoc,24845446,,,,,,,,,
,,S2,the woman loves the shop,assoc,196555813,,,,,,,,,
,,Un,x,x,x,,,,,,,,,
,,Un,x,x,x,,,,,,,,,
,,,,,,,,,,,,,,
,budget,,Linguistic unit,P type,Image ID,Male 1,Male 2,Female 2,,,Freq bin,Conc bin,Syllable,
,,Target,he breaks his budget,target,368067722,,M2_Noun_transitiveend_117,F2_Noun_transitiveend_117,,,8,4,2,
,,P1,he breaks his bucket,mp,205540435,,,,,,,,,
,,P2,x,x,x,,,,,,,,,
,,P3,x,x,x,,,,,,,,,
,,S1,he breaks his creditcard,assoc,339398393,,,,,,,,,
,,S2,he breaks his money,assoc,18917902,,,,,,,,,
,,Un,he breaks his glass,un,35303551,,,,,,,,,
,,Un,he breaks his leg,un,220907341,,,,,,,,,
,,,,,,,,,,,,,,
,business,,Linguistic unit,P type,Image ID,Male 1,Male 2,Female 2,,,Freq bin,Conc bin,Syllable,
,,Target,he loves his business,target,321986768,,M2_Noun_transitiveend_119,F2_Noun_transitiveend_119,,,8,4,2,
,,P1,he loves his Christmas,distant,342506507,,,,,,,,,
,,P2,he loves his guinness,close,341723657,,,,,,,,,
,,P3,x,x,x,,,,,,,,,
,,S1,he loves his TV,assoc,102467006,,,,,,,,,
,,S2,he loves his friends,un,280125002,,,,,,,,,
,,Un,he loves his exercise,un,98478128,,,,,,,,,
,,Un,x,x,x,,,,,,,,,
,,,,,,,,,,,,,,
,morning,,Linguistic unit,P type,Image ID,Male 1,Male 2,Female 2,,,Freq bin,Conc bin,Syllable,
,,Target,he hates the morning,target,109628927,,M2_Noun_transitiveend_120,F2_Noun_transitiveend_120,,,8,4,2,
,,P1,he hates the warning,mp,151349951,,,,,,,,,
,,P2,x,x,x,,,,,,,,,
,,P3,x,x,x,,,,,,,,,
,,S1,he hates the evening,coord,177438065,,,,,,,,,
,,S2,he hates the rooster,assoc,120543727,,,,,,,,,
,,Un,he hates the meal,un,2256795,,,,,,,,,
,,Un,he hates the rain,un,328811969,,,,,,,,,
,,,,,,,,,,,,,,
,number,,Linguistic unit,P type,Image ID,Male 1,Male 2,Female 2,,,Freq bin,Conc bin,Syllable,
,,Target,he writes a number,target,209283049,,M2_Noun_transitiveend_121,F2_Noun_transitiveend_121,,,8,4,2,
,,P1,x,x,x,,,,,,,,,
,,P2,x,x,x,,,,,,,,,
,,P3,he writes a note,distant,39793476,,,,,,,,,
,,S1,he writes a letter,coord,49095394,,,,,,,,,
,,S2,he writes a symbol,coord,76596058,,,,,,,,,
,,Un,he writes an email,un,854585459,,,,,,,,,
,,Un,he writes a letter,un,65947648124,,,,,,,,,
,,,,,,,,,,,,,,
,room,,Linguistic unit,P type,Image ID,Male 1,Male 2,Female 2,,,Freq bin,Conc bin,Syllable,
,,Target,he cleans the room,target,250746889,,M2_Noun_transitiveend_124,F2_Noun_transitiveend_124,,,8,7,1,
,,P1,he cleans the broom,mp,366875036,,,,,,,,,
,,P2,he cleans the roof,close,319361939,,,,,,,,,
,,P3,he cleans the rim,mp,226268131,,,,,,,,,
,,S1,he cleans the sofa,assoc,39307075,,,,,,,,,
,,S2,he cleans the car,coord,220621123,,,,,,,,,
,,Un,x,x,x,,,,,,,,,
,,Un,x,x,x,,,,,,,,,
,,,,,,,,,,,,,,
,lad,,,Linguistic unit,Image ID,Image ID,Image ID,,,,Freq bin,Conc bin,Syllable,
,,Target,the tv entertains the lad,target,102467006,,M2_Noun_transitiveend_127,F2_Noun_transitiveend_127,,,5,6,1,
,,P1,x,x,x,,,,,,,,,
,,P2,the tv entertains the dad,mp,276568709,,,,,,,,,
,,P3,the tv entertains the lass,close,394094179,,,,,,,,,
,,S1,the tv entertains the mum,coord,394574974,,,,,,,,,
,,S2,x,x,x,,,,,,,,,
,,Un,the tv entertains the children,un,386905405,,,,,,,,,
,,Un,the tv entertains the animal,un,191548769,,,,,,,,,
,,,,,,,,,,,,,,
,company,,Linguistic unit,P type,Image ID,Male 1,Male 2,Female 2,,,Freq bin,Conc bin,Syllable,
,,Target,he owns the company,target,321792839,,M2_Noun_transitiveend_129,F2_Noun_transitiveend_129,,,8,6,3,
,,P1,he owns the computer,distant,151134563,,,,,,,,,
,,P2,he owns the compass,distant,25543776,,,,,,,,,
,,P3,x,x,x,,,,,,,,,
,,S1,he owns the skyscraper,assoc,246847408,,,,,,,,,
,,S2,he owns the suit,assoc,96547844,,,,,,,,,
,,Un,he owns the house,un,46387740,,,,,,,,,
,,Un,x,x,x,,,,,,,,,
,,,,,,,,,,,,,,
,carpet,,Linguistic unit,P type,Image ID,Male 1,Male 2,Female 2,,,Freq bin,Conc bin,Syllable,
,,Target,The man carries the carpet,target,216801100,,M2_Noun_transitiveend_130,F2_Noun_transitiveend_130,,,6,7,2,
,,P1,The man carries the car,distant,229439167,,,,,,,,,
,,P2,The man carries the carp,distant,12097798,,,,,,,,,
,,P3,The man carries the pet,distant,291064715,,,,,,,,,
,,S1,the man carries the rug,coord,161138762,,,,,,,,,
,,S2,the man carries the laminate,coord,121805014,,,,,,,,,
,,Un,x,x,x,,,,,,,,,
,,Un,x,x,x,,,,,,,,,
,,,,,,,,,,,,,,
,chequebook,,Linguistic unit,P type,Image ID,Male 1,Male 2,Female 2,,,Freq bin,Conc bin,Syllable,
,,Target,he uses the chequebook,target,55047901,,M2_Noun_transitiveend_131,F2_Noun_transitiveend_131,,,3,7,2,
,,P1,he uses the cheque,distant,306277037,,,,,,,,,
,,P2,he uses the book,distant,34013737,,,,,,,,,
,,P3,x,x,x,,,,,,,,,
,,S1,he uses the creditcard,coord,92386033,,,,,,,,,
,,S2,he uses the cash,coord,141173497,,,,,,,,,
,,Un,he uses the till,un,36599685,,,,,,,,,
,,Un,x,x,x,,,,,,,,,
,,,,,,,,,,,,,,
,glass,,Linguistic unit,P type,Image ID,Male 1,Male 2,Female 2,,,Freq bin,Conc bin,Syllable,
,,Target,he holds the glass,target,30150678,,M2_Noun_transitiveend_137,F2_Noun_transitiveend_137,,,7,7,1,
,,P1,x,x,x,,,,,,,,,
,,P2,he holds the gas,mp,165653651,,,,,,,,,
,,P3,he holds the glasses,mp,193425293,,,,,,,,,
,,S1,he holds the cup,coord,45209191,,,,,,,,,
,,S2,he holds the pot,coord,129946700,,,,,,,,,
,,Un,he holds the lass,un,267241793,,,,,,,,,
,,Un,x,x,x,,,,,,,,,
,,,,,,,,,,,,,,
,glasses,,Linguistic unit,P type,Image ID,Male 1,Male 2,Female 2,,,Freq bin,Conc bin,Syllable,
,,Target,he holds the glasses,target,193425293,,M2_Noun_transitiveend_138,F2_Noun_transitiveend_138,,,6,7,2,
,,P1,x,x,x,,,,,,,,,
,,P2,he holds the glass,close,30150678,,,,,,,,,
,,P3,x,x,x,,,,,,,,,
,,S1,he holds the binoculars,coord,305250251,,,,,,,,,
,,S2,he holds the mirror,coord,37714207,,,,,,,,,
,,Un,he holds the cup,un,45209191,,,,,,,,,
,,Un,he holds the lasses,un,343416740,,,,,,,,,
,,,,,,,,,,,,,,
,hug,,Linguistic unit,P type,Image ID,Male 1,Male 2,Female 2,,,Freq bin,Conc bin,Syllable,
,,Target,she likes the hug,target,1451624,,M2_Noun_transitiveend_142,F2_Noun_transitiveend_142,,,6,6,1,
,,P1,she likes the mug,mp,48948737,,,,,,,,,
,,P2,she likes the rug,mp,87750751,,,,,,,,,
,,P3,she likes the hut,mp,213339481,,,,,,,,,
,,S1,she likes the kiss,coord,31857694,,,,,,,,,
,,S2,she likes the gift,coord,32738520,,,,,,,,,
,,Un,x,x,x,,,,,,,,,
,,Un,x,x,x,,,,,,,,,
,,,,,,,,,,,,,,
,TV,,Linguistic unit,P type,Image ID,Male 1,Male 2,Female 2,,,Freq bin,Conc bin,Syllable,
,,Target,she likes the TV,target,184296587,,M2_Noun_transitiveend_144,F2_Noun_transitiveend_144,,,8,7,2,
,,P1,she likes the Teepee,mp,263392979,,,,,,,,,
,,P2,x,x,x,,,,,,,,,
,,P3,she likes the tea,mp,153884597,,,,,,,,,
,,S1,she likes the radio,coord,2038753,,,,,,,,,
,,S2,she likes the computer,coord,200231804,,,,,,,,,
,,Un,x,x,x,,,,,,,,,
,,Un,she likes the bath,un,74189155,,,,,,,,,
,,,,,,,,,,,,,,
,hospital,,Linguistic unit,P type,Image ID,Male 1,Male 2,Female 2,,,Freq bin,Conc bin,Syllable,
,,Target,he uses the hospital,Target,156022646,,M2_Noun_transitiveend_146,F2_Noun_transitiveend_146,,,8,7,3,
,,P1,he uses the hostel,distant,230648185,,,,,,,,,
,,P2,he uses the hosepipe,distant,106051277,,,,,,,,,
,,P3,he uses the kettle,distant,13375702,,,,,,,,,
,,S1,he uses the ambulance,assoc,113421097,,,,,,,,,
,,S2,he uses the stethescope,assoc,173685527,,,,,,,,,
,,Un,x,x,x,,,,,,,,,
,,Un,x,x,x,,,,,,,,,
,,,,,,,,,,,,,,
,gold,,Linguistic unit,P type,Image ID,Male 1,Male 2,Female 2,,,Freq bin,Conc bin,Syllable,
,,Target,he touches the gold,Target,17808023,,M2_Noun_transitiveend_148,F2_Noun_transitiveend_148,,,8,7,1,
,,P1,he touches the goal,mp,7273203,,,,,,,,,
,,P2,he touches the mould,mp,265967048,,,,,,,,,
,,P3,x,x,x,,,,,,,,,
,,S1,he touches the silver,coord,218030857,,,,,,,,,
,,S2,he touches the money,assoc,255690187,,,,,,,,,
,,Un,he touches the medal,un,344500301,,,,,,,,,
,,Un,x,x,x,,,,,,,,,
,,,,,,,,,,,,,,
,bed,,Linguistic unit,P type,Image ID,Male 1,Male 2,Female 2,,,Freq bin,Conc bin,Syllable,
,,Target,he hates bed,target,33724414,,M2_Noun_transitiveend_150,F2_Noun_transitiveend_150,,,8,7,1,
,,P1,he hates red,mp,93580291,,,,,,,,,
,,P2,he hates bread,mp,255437584,,,,,,,,,
,,P3,x,x,x,,,,,,,,,
,,S1,he hates baths,assoc,13681709,,,,,,,,,
,,S2,he hates medicine,un,199237232,,,,,,,,,
,,Un,he hates spiders,un,172181477,,,,,,,,,
,,Un,x,x,x,,,,,,,,,
,,,,,,,,,,,,,,
,football,,Linguistic unit,P type,Image ID,Male 1,Male 2,Female 2,,,Freq bin,Conc bin,Syllable,
,,Target,he buys a football,target,66600742,,M2_Noun_transitiveend_151,F2_Noun_transitiveend_151,,,8,7,2,
,,P1,he buys a tennisball,distant,123665758,,,,,,,,,
,,P2,he buys a golfball,distant,6202031512,,,,,,,,,
,,P3,he buys a beachball,distant,40167793,,,,,,,,,
,,S1,he buys a football boot,assoc,154603907,,,,,,,,,
,,S2,x,x,x,,,,,,,,,
,,Un,he buys a snooker ball,un,61880773,,,,,,,,,
,,Un,x,x,x,,,,,,,,,
,,,,,,,,,,,,,,
,icecream,,Linguistic unit,P type,Image ID,Male 1,Male 2,Female 2,,,Freq bin,Conc bin,Syllable,
,,Target,she eats the icecream,target,41602096,,M2_Noun_transitiveend_153,F2_Noun_transitiveend_153,,,1,6,2,
,,P1,she eats the cream,distant,191667893,,,,,,,,,
,,P2,she eats the ice,distant,10293484,,,,,,,,,
,,P3,x,x,x,,,,,,,,,
,,S1,she eats the icelolly,assoc,289592339,,,,,,,,,
,,S2,she eats the custard,assoc,193400474,,,,,,,,,
,,Un,she eats the cake,un,262980617,,,,,,,,,
,,Un,x,x,x,,,,,,,,,
,,,,,,,,,,,,,,
,asterix,,Linguistic unit,P type,Image ID,Male 1,Male 2,Female 2,,,Freq bin,Conc bin,Syllable,
,,Target,he uses an asterix,target,1.02938E+11,,M2_Noun_transitiveend_154,F2_Noun_transitiveend_154,,,2,6,3,
,,P1,he uses a whisk,distant,79997773,,,,,,,,,
,,P2,x,x,x,,,,,,,,,
,,P3,x,x,x,,,,,,,,,
,,S1,he uses an exclamation mark,coord,78534512,,,,,,,,,
,,S2,he uses a star,coord,26890802,,,,,,,,,
,,Un,he uses a pencil,un,180710084,,,,,,,,,
,,Un,he uses a postit note,un,343165013,,,,,,,,,
,,,,,,,,,,,,,,
,aubergine,,Linguistic unit,P type,Image ID,Male 1,Male 2,Female 2,,,Freq bin,Conc bin,Syllable,
,,Target,he enjoys the aubergine,target,227191732,,M2_Noun_transitiveend_155,F2_Noun_transitiveend_155,,,2,7,3,
,,P1,he enjoys the machine,distant,19291843,,,,,,,,,
,,P2,x,x,x,,,,,,,,,
,,P3,x,x,x,,,,,,,,,
,,S1,he enjoys the cougette,coord,304119680,,,,,,,,,
,,S2,he enjoys the plum,coord,418148908,,,,,,,,,
,,Un,he enjoys the cucmber,un,277260890,,,,,,,,,
,,Un,he enjoys the tomato,un,32087522,,,,,,,,,
,,,,,,,,,,,,,,
,denture,,Linguistic unit,P type,Image ID,Male 1,Male 2,Female 2,,,Freq bin,Conc bin,Syllable,
,,Target,she needs the denture,target,313129289,,M2_Noun_transitiveend_156,F2_Noun_transitiveend_156,,,2,7,2,
,,P1,she needs the adventure,distant,127158875,,,,,,,,,
,,P2,she needs the dentist,distant,40912380,,,,,,,,,
,,P3,x,x,x,,,,,,,,,
,,S1,he needs the brace,coord,247862461,,,,,,,,,
,,S2,he needs the mouthguard,coord,351429749,,,,,,,,,
,,Un,he needs the toothpaste,un,28093608,,,,,,,,,
,,Un,x,x,x,,,,,,,,,
,,,,,,,,,,,,,,
,necktie,,Linguistic unit,P type,Image ID,Male 1,Male 2,Female 2,,,Freq bin,Conc bin,Syllable,
,,Target,he has a necktie,target,193059866,,M2_Noun_transitiveend_157,F2_Noun_transitiveend_157,,,2,7,2,
,,P1,x,x,x,,,,,,,,,
,,P2,he has a black eye,distant,130786277,,,,,,,,,
,,P3,he has a necklace,distant,17161279,,,,,,,,,
,,S1,he has a bowler hat,assoc,226670272,,,,,,,,,
,,S2,he has a shirt,assoc,114499204,,,,,,,,,
,,Un,he has a scarf,un,21490372,,,,,,,,,
,,Un,x,x,x,,,,,,,,,
,,,,,,,,,,,,,,
,bowtie,,Linguistic unit,P type,Image ID,Male 1,Male 2,Female 2,,,Freq bin,Conc bin,Syllable,
,,Target,he has a bowtie,target,108811424,,M2_Noun_transitiveend_158,F2_Noun_transitiveend_158,,,2,7,2,
,,P1,he has a necktie,distant,96547844,,,,,,,,,
,,P2,he has a boat,close,52091113,,,,,,,,,
,,P3,he has a stirfry,distant,7649269,,,,,,,,,
,,S1,he has a cuff,assoc,104206145,,,,,,,,,
,,S2,he has a scarf,assoc,21490372,,,,,,,,,
,,Un,x,x,x,,,,,,,,,
,,Un,xx,x,x,,,,,,,,,
,,,,,,,,,,,,,,
,skateboarder,,Linguistic unit,P type,Image ID,Male 1,Male 2,Female 2,,,Freq bin,Conc bin,Syllable,
,,Target,he watches the skateboarder,target,315526541,,M2_Noun_transitiveend_159,F2_Noun_transitiveend_159,,,2,7,3,
,,P1,he watches the snowboarder,distant,378119188,,,,,,,,,
,,P2,x,x,x,,,,,,,,,
,,P3,x,x,x,,,,,,,,,
,,S1,he watches the scooter rider,assoc,287563922,,,,,,,,,
,,S2,he watches the cyclist,coord,85200544,,,,,,,,,
,,Un,he watches the skier,un,127158875,,,,,,,,,
,,Un,he watches the gymnast,un,110354987,,,,,,,,,
,,,,,,,,,,,,,,
,doorknob,,Linguistic unit,P type,Image ID,Male 1,Male 2,Female 2,,,Freq bin,Conc bin,Syllable,
,,Target,she uses the doorknob,target,326781500,,M2_Noun_transitiveend_160,F2_Noun_transitiveend_160,,,2,7,2,
,,P1,she uses the door,distant,250857736,,,,,,,,,
,,P2,she uses the doormat,distant,96591748,,,,,,,,,
,,P3,x,x,x,,,,,,,,,
,,S1,she uses the doorknocker,assoc,405608575,,,,,,,,,
,,S2,she uses the door bell,assoc,26105294,,,,,,,,,
,,Un,she uses the letterbox,un,322567475,,,,,,,,,
,,Un,x,x,x,,,,,,,,,
,,,,,,,,,,,,,,
,bellybutton,,Linguistic unit,P type,Image ID,Male 1,Male 2,Female 2,,,Freq bin,Conc bin,Syllable,
,,Target,he shows his bellybutton,target,271721936,,M2_Noun_transitiveend_161,F2_Noun_transitiveend_161,,,2,7,4,
,,P1,he shows his button,distant,289933967,,,,,,,,,
,,P2,x,x,x,,,,,,,,,
,,P3,x,x,x,,,,,,,,,
,,S1,he shows his belt,assoc,2213280,,,,,,,,,
,,S2,he shows his spot,assoc,260573111,,,,,,,,,
,,Un,he shows his nose,un,30725120,,,,,,,,,
,,Un,he shows his foot,un,72036652,,,,,,,,,
,,,,,,,,,,,,,,
,pillowcase,,Linguistic unit,P type,Image ID,Male 1,Male 2,Female 2,,,Freq bin,Conc bin,Syllable,
,,Target,he irons the pillowcase,target,266615786,,M2_Noun_transitiveend_162,F2_Noun_transitiveend_162,,,2,7,3,
,,P1,x,x,x,,,,,,,,,
,,P2,x,x,x,,,,,,,,,
,,P3,x,x,x,,,,,,,,,
,,S1,he irons the shirt,assoc,49984180,,,,,,,,,
,,S2,he irons the sheet,coord,269179574,,,,,,,,,
,,Un,he irons the hankie,un,233796352,,,,,,,,,
,,Un,he irons the trousers,un,1055770,,,,,,,,,
,,,,,,,,,,,,,,
,icicle,,Linguistic unit,P type,Image ID,Male 1,Male 2,Female 2,,,Freq bin,Conc bin,Syllable,
,,Target,she touches the icicle,target,180404060,,M2_Noun_transitiveend_163,F2_Noun_transitiveend_163,,,2,7,3,
,,P1,she touches bicycle,mp,325745795,,,,,,,,,
,,P2,she touches tricycle,mp,309310754,,,,,,,,,
,,P3,x,x,x,,,,,,,,,
,,S1,she touches snow ball,assoc,226913350,,,,,,,,,
,,S2,she touches icecube,assoc,10293484,,,,,,,,,
,,Un,she touches iceberg,un,124451737,,,,,,,,,
,,Un,x,x,x,,,,,,,,,
,,,,,,,,,,,,,,
,stiletto,,Linguistic unit,P type,Image ID,Male 1,Male 2,Female 2,,,Freq bin,Conc bin,Syllable,
,,Target,she wears a stiletto,target,64275163,,M2_Noun_transitiveend_164,F2_Noun_transitiveend_164,,,2,7,3,
,,P1,x,x,x,,,,,,,,,
,,P2,x,x,x,,,,,,,,,
,,P3,x,x,x,,,,,,,,,
,,S1,she wears a shoe,coord,100100117,,,,,,,,,
,,S2,she wears a trainer,coord,39355348,,,,,,,,,
,,Un,she wears a dress,un,39740263,,,,,,,,,
,,Un,she wears a sandal,un,246308425,,,,,,,,,
,,,,,,,,,,,,,,
,marshland,,Linguistic unit,P type,Image ID,Male 1,Male 2,Female 2,,,Freq bin,Conc bin,Syllable,
,,Target,they enjoy the marshland,target,286745942,,M2_Noun_transitiveend_165,F2_Noun_transitiveend_165,,,3,6,2,
,,P1,they enjoy marshmallow,distant,243131872,,,,,,,,,
,,P2,they enjoy the sand,distant,238022962,,,,,,,,,
,,P3,they enjoy the band,distant,132936830,,,,,,,,,
,,S1,they enjoy the pastures,coord,47325622,,,,,,,,,
,,S2,they enjoy the snow,assoc,4956321521,,,,,,,,,
,,Un,x,un,x,,,,,,,,,
,,Un,x,un,x,,,,,,,,,
,,,,,,,,,,,,,,
,colander,,Linguistic unit,P type,Image ID,Male 1,Male 2,Female 2,,,Freq bin,Conc bin,Syllable,
,,Target,she uses the colander,target,246523108,,M2_Noun_transitiveend_166,F2_Noun_transitiveend_166,,,3,6,3,
,,P1,she uses the coriander,close,306721070,,,,,,,,,
,,P2,x,x,x,,,,,,,,,
,,P3,x,x,x,,,,,,,,,
,,S1,she uses the sieve,coord,387996418,,,,,,,,,
,,S2,she uses the pan,assoc,221737165,,,,,,,,,
,,Un,she uses the kitchen,un,243653452,,,,,,,,,
,,Un,she uses the knife,un,257104510,,,,,,,,,
,,,,,,,,,,,,,,
,splinter,,Linguistic unit,P type,Image ID,Male 1,Male 2,Female 2,,,Freq bin,Conc bin,Syllable,
,,Target,she removes the splinter,target,354683045,,M2_Noun_transitiveend_167,F2_Noun_transitiveend_167,,,3,6,2,
,,P1,she removes the splint,mp,233782147,,,,,,,,,
,,P2,x,x,x,,,,,,,,,
,,P3,x,x,x,,,,,,,,,
,,S1,she removes the hair,coord,207763012,,,,,,,,,
,,S2,she removes the wood,assoc,244134130,,,,,,,,,
,,Un,she removes the lice,un,194803352,,,,,,,,,
,,Un,she removes the gloves,un,16011407,,,,,,,,,
,,,,,,,,,,,,,,
,aerial,,Linguistic unit,P type,Image ID,Male 1,Male 2,Female 2,,,Freq bin,Conc bin,Syllable,
,,Target,they need the aerial,target,85383910,,M2_Noun_transitiveend_168,F2_Noun_transitiveend_168,,,3,5,3,
,,P1,they need the airer,distant,259953095,,,,,,,,,
,,P2,x,x,x,,,,,,,,,
,,P3,x,x,x,,,,,,,,,
,,S1,they need the tv,assoc,276568709,,,,,,,,,
,,S2,they need the satellite dish,coord,54724903,,,,,,,,,
,,Un,they need the pylon,un,386963053,,,,,,,,,
,,Un,they need the dryer,un,21865069,,,,,,,,,
,,,,,,,,,,,,,,
,attic,,Linguistic unit,P type,Image ID,Male 1,Male 2,Female 2,,,Freq bin,Conc bin,Syllable,
,,Target,they use the attic,target,279318857,,M2_Noun_transitiveend_169,F2_Noun_transitiveend_169,,,3,7,2,
,,P1,x,x,x,,,,,,,,,
,,P2,x,x,x,,,,,,,,,
,,P3,x,x,x,,,,,,,,,
,,S1,they use the roof,coord,106637366,,,,,,,,,
,,S2,they use the balcony,coord,425463859,,,,,,,,,
,,Un,they use the bathroom,un,5689075,,,,,,,,,
,,Un,they use the ladder,un,211790278,,,,,,,,,
,,,,,,,,,,,,,,
,cobweb,,Linguistic unit,P type,Image ID,Male 1,Male 2,Female 2,,,Freq bin,Conc bin,Syllable,
,,Target,she removes the cobweb,target,282634247,,M2_Noun_transitiveend_170,F2_Noun_transitiveend_170,,,3,7,2,
,,P1,x,x,x,,,,,,,,,
,,P2,x,x,x,,,,,,,,,
,,P3,x,x,x,,,,,,,,,
,,S1,she removes the spider,assoc,172181477,,,,,,,,,
,,S2,she removes the fluff,coord,285619658,,,,,,,,,
,,Un,she removes the dust,un,273329774,,,,,,,,,
,,Un,she removes the plates,un,103819709,,,,,,,,,
,,,,,,,,,,,,,,
,sling,,Linguistic unit,P type,Image ID,Male 1,Male 2,Female 2,,,Freq bin,Conc bin,Syllable,
,,Target,he uses a sling,target,37071241,,M2_Noun_transitiveend_171,F2_Noun_transitiveend_171,,,3,7,1,
,,P1,x,mp,x,,,,,,,,,
,,P2,he uses a ring,mp,329483489,,,,,,,,,
,,P3,he uses a swing,mp,291109313,,,,,,,,,
,,S1,he uses a crutch,assoc,51622749,,,,,,,,,
,,S2,he uses a pot,un,220907341,,,,,,,,,
,,Un,he uses a basket,un,102603500,,,,,,,,,
,,Un,x,x,x,,,,,,,,,
,,,,,,,,,,,,,,
,dustpan,,Linguistic unit,P type,Image ID,Male 1,Male 2,Female 2,,,Freq bin,Conc bin,Syllable,
,,Target,he uses a dustpan,target,215384365,,M2_Noun_transitiveend_172,F2_Noun_transitiveend_172,,,3,7,2,
,,P1,he uses a pan,distant,221737165,,,,,,,,,
,,P2,x,x,x,,,,,,,,,
,,P3,x,x,x,,,,,,,,,
,,S1,he uses a brush,assoc,215384356,,,,,,,,,
,,S2,he uses a bin,assoc,290582624,,,,,,,,,
,,Un,he uses a vacuum,un,269726894,,,,,,,,,
,,Un,he uses a shovel,un,275598881,,,,,,,,,
,,,,,,,,,,,,,,
,hotdog,,Linguistic unit,P type,Image ID,Male 1,Male 2,Female 2,,,Freq bin,Conc bin,Syllable,
,,Target,the boy holds the hotdog,target,371681632,,M2_Noun_transitiveend_173,F2_Noun_transitiveend_173,,,3,7,2,
,,P1,the boy holds the dog,distant,291064715,,,,,,,,,
,,P2,the boy holds the fishing rod,distant,106752422,,,,,,,,,
,,P3,x,x,x,,,,,,,,,
,,S1,the boy holds the sausage,assoc,18713376,,,,,,,,,
,,S2,the boy holds the burger,assoc,379741396,,,,,,,,,
,,Un,the boy holds the sweetcorn,x,235308943,,,,,,,,,
,,Un,x,x,x,,,,,,,,,
,,,,,,,,,,,,,,
,bagpipe,,Linguistic unit,P type,Image ID,Male 1,Male 2,Female 2,,,Freq bin,Conc bin,Syllable,
,,Target,he uses the bagpipe,target,232270822,,M2_Noun_transitiveend_174,F2_Noun_transitiveend_174,,,3,7,2,
,,P1,he uses the drain,distant,160638044,,,,,,,,,
,,P2,x,x,x,,,,,,,,,
,,P3,x,x,x,,,,,,,,,
,,S1,he uses the trumpet,assoc,322366319,,,,,,,,,
,,S2,he uses the pipe,coord,130647503,,,,,,,,,
,,Un,he uses the tap,un,13681709,,,,,,,,,
,,Un,he uses the ball pump,un,39731194,,,,,,,,,
,,,,,,,,,,,,,,
,mouthwash,,Linguistic unit,P type,Image ID,Male 1,Male 2,Female 2,,,Freq bin,Conc bin,Syllable,
,,Target,he uses the mouthwash,target,359669354,,M2_Noun_transitiveend_175,F2_Noun_transitiveend_175,,,3,7,2,
,,P1,he uses the car wash,distant,51806659,,,,,,,,,
,,P2,x,x,x,,,,,,,,,
,,P3,x,x,x,,,,,,,,,
,,S1,he uses the toothbrush,assoc,28093608,,,,,,,,,
,,S2,he uses the toothpaste,assoc,18476004,,,,,,,,,
,,Un,he uses the wine,un,242159350,,,,,,,,,
,,Un,he uses the ketchup,un,156179357,,,,,,,,,
,,,,,,,,,,,,,,
,freckles,,Linguistic unit,P type,Image ID,Male 1,Male 2,Female 2,,,Freq bin,Conc bin,Syllable,
,,Target,she has lots of freckles,target,346392299,,M2_Noun_transitiveend_176,F2_Noun_transitiveend_176,,,3,7,2,
,,P1,she has lots of pebbles,distant,35915879802,,,,,,,,,
,,P2,x,x,x,,,,,,,,,
,,P3,x,x,x,,,,,,,,,
,,S1,she has lots of spots,coord,212377462,,,,,,,,,
,,S2,she has lots of suncream,assoc,288265619,,,,,,,,,
,,Un,she has lots of bricks,un,61575769,,,,,,,,,
,,Un,she has lots of cream,un,110760617,,,,,,,,,
,,,,,,,,,,,,,,
,shoelace,,Linguistic unit,P type,Image ID,Male 1,Male 2,Female 2,,,Freq bin,Conc bin,Syllable,
,,Target,she holds the shoelace,target,132756662,,M2_Noun_transitiveend_177,F2_Noun_transitiveend_177,,,3,7,2,
,,P1,she holds the suitcase,distant,39070440,,,,,,,,,
,,P2,x,x,x,,,,,,,,,
,,P3,x,x,x,,,,,,,,,
,,S1,she holds the rope,coord,270511217,,,,,,,,,
,,S2,she holds the velcro,coord,294306182,,,,,,,,,
,,Un,she holds the sandel,un,246308425,,,,,,,,,
,,Un,she holds the sock,un,24704315,,,,,,,,,
,,,,,,,,,,,,,,
,satchel,,Linguistic unit,P type,Image ID,Male 1,Male 2,Female 2,,,Freq bin,Conc bin,Syllable,
,,Target,he has a satchel,target,238975351,,M2_Noun_transitiveend_178,F2_Noun_transitiveend_178,,,3,7,2,
,,P1,x,x,x,,,,,,,,,
,,P2,x,x,x,,,,,,,,,
,,P3,x,x,x,,,,,,,,,
,,S1,he has a doctors bag,coord,253140481,,,,,,,,,
,,S2,he has a briefcase,coord,95587774,,,,,,,,,
,,Un,he has a handbag,un,45261254,,,,,,,,,
,,Un,he has a lunchbox,un,134349818,,,,,,,,,
,,,,,,,,,,,,,,
,teabag,,Linguistic unit,P type,Image ID,Male 1,Male 2,Female 2,,,Freq bin,Conc bin,Syllable,
,,Target,he uses the teabag,target,244649245,,M2_Noun_transitiveend_179,F2_Noun_transitiveend_179,,,3,7,2,
,,P1,x,x,x,,,,,,,,,
,,P2,x,x,x,,,,,,,,,
,,P3,x,x,x,,,,,,,,,
,,S1,he uses the teapot,assoc,17010621,,,,,,,,,
,,S2,he uses the teastrainer,assoc,173274095,,,,,,,,,
,,Un,he uses the spoon,un,241049668,,,,,,,,,
,,Un,he uses the mug,un,243796720,,,,,,,,,
,,,,,,,,,,,,,,
,lightbulb,,Linguistic unit,P type,Image ID,Male 1,Male 2,Female 2,,,Freq bin,Conc bin,Syllable,
,,Target,he needs a lightbulb,target,170629925,,M2_Noun_transitiveend_180,F2_Noun_transitiveend_180,,,3,7,2,
,,P1,ne needs a lighter,distant,58276510,,,,,,,,,
,,P2,x,x,x,,,,,,,,,
,,P3,x,x,x,,,,,,,,,
,,S1,he needs a lampshade,coord,244858375,,,,,,,,,
,,S2,he needs a lightswitch,coord,230953855,,,,,,,,,
,,Un,he needs a plant bulb,un,369645341,,,,,,,,,
,,Un,he needs a candle,un,229764619,,,,,,,,,
,,,,,,,,,,,,,,
,pliers,,Linguistic unit,P type,Image ID,Male 1,Male 2,Female 2,,,Freq bin,Conc bin,Syllable,
,,Target,he uses the pliers,target,132536999,,M2_Noun_transitiveend_181,F2_Noun_transitiveend_181,,,3,7,2,
,,P1,x,close,45998853,,,,,,,,,
,,P2,he uses the tyres,mp,254236186,,,,,,,,,
,,P3,he uses the plasters,distant,9778298,,,,,,,,,
,,S1,he uses the hammers,coord,151997177,,,,,,,,,
,,S2,he uses the tweezers,coord,64750123,,,,,,,,,
,,Un,he uses the nutcrackers,un,384406444,,,,,,,,,
,,Un,x,x,x,,,,,,,,,
,,,,,,,,,,,,,,
,eggshell,,Linguistic unit,P type,Image ID,Male 1,Male 2,Female 2,,,Freq bin,Conc bin,Syllable,
,,Target,she holds the egg shell,target,308759213,,M2_Noun_transitiveend_182,F2_Noun_transitiveend_182,,,3,7,2,
,,P1,she holds the seashell,distant,50806008,,,,,,,,,
,,P2,x,x,x,,,,,,,,,
,,P3,she holds the well,distant,89366383,,,,,,,,,
,,S1,she holds the chicken,assoc,41111999,,,,,,,,,
,,S2,x,x,x,,,,,,,,,
,,Un,she holds the crab,un,179789882,,,,,,,,,
,,Un,x,x,x,,,,,,,,,
,,,,,,,,,,,,,,
,bookmark,,Linguistic unit,P type,Image ID,Male 1,Male 2,Female 2,,,Freq bin,Conc bin,Syllable,
,,Target,he uses the bookmark,target,1828265,,M2_Noun_transitiveend_183,F2_Noun_transitiveend_183,,,3,7,2,
,,P1,he uses the book,distant,17580496,,,,,,,,,
,,P2,x,x,x,,,,,,,,,
,,P3,x,x,x,,,,,,,,,
,,S1,he uses the paperclip,coord,198562463,,,,,,,,,
,,S2,he uses the bookshelf,assoc,196039253,,,,,,,,,
,,Un,he uses the lecturn,un,397543681,,,,,,,,,
,,Un,he uses the library,un,108584921,,,,,,,,,
,,,,,,,,,,,,,,
,camcorder,,Linguistic unit,P type,Image ID,Male 1,Male 2,Female 2,,,Freq bin,Conc bin,Syllable,
,,Target,he plays with the camcorder,target,172659737,,M2_Noun_transitiveend_184,F2_Noun_transitiveend_184,,,3,7,3,
,,P1,he plays with the recorder,distant,74014495,,,,,,,,,
,,P2,x,x,x,,,,,,,,,
,,P3,x,x,x,,,,,,,,,
,,S1,he plays with the camera,coord,176789477,,,,,,,,,
,,S2,he plays with the film reel,assoc,71941894,,,,,,,,,
,,Un,he plays with the trumpet,un,322366319,,,,,,,,,
,,Un,he plays with the director,un,125381384,,,,,,,,,
,,,,,,,,,,,,,,
,lampshade,,Linguistic unit,P type,Image ID,Male 1,Male 2,Female 2,,,Freq bin,Conc bin,Syllable,
,,Target,he holds the lampshade,target,63051328,,M2_Noun_transitiveend_185,F2_Noun_transitiveend_185,,,3,7,2,
,,P1,x,x,x,,,,,,,,,
,,P2,x,x,x,,,,,,,,,
,,P3,x,x,x,,,,,,,,,
,,S1,he hlds the lightbulb,coord,405842518,,,,,,,,,
,,S2,he holds the switch,coord,230953855,,,,,,,,,
,,Un,he holds the candle,un,336829169,,,,,,,,,
,,Un,he holds the blind,un,163860881,,,,,,,,,
,,,,,,,,,,,,,,
,crutch,,Linguistic unit,P type,Image ID,Male 1,Male 2,Female 2,,,Freq bin,Conc bin,Syllable,
,,Target,the man uses a crutch,target,51622749,,M2_Noun_transitiveend_186,F2_Noun_transitiveend_186,,,3,7,1,
,,P1,the man uses a hutch,mp,143230042,,,,,,,,,
,,P2,x,x,x,,,,,,,,,
,,P3,x,x,x,,,,,,,,,
,,S1,the man uses a wheelchair,coord,129921902,,,,,,,,,
,,S2,the man uses a walking stick,coord,9352848,,,,,,,,,
,,Un,the man uses a cage,un,147204548,,,,,,,,,
,,Un,the man uses a lunchbox,un,269181908,,,,,,,,,
,,,,,,,,,,,,,,
,videotape,,Linguistic unit,P type,Image ID,Male 1,Male 2,Female 2,,,Freq bin,Conc bin,Syllable,
,,Target,he holds the videotape,target,318236540,,M2_Noun_transitiveend_187,F2_Noun_transitiveend_187,,,3,7,4,
,,P1,he holds the sellotape,distant,225389731,,,,,,,,,
,,P2,he holds the masking tape,distant,149267327,,,,,,,,,
,,P3,x,x,x,,,,,,,,,
,,S1,he holds the camcorder,assoc,172659737,,,,,,,,,
,,S2,he holds the DVD,coord,231810271,,,,,,,,,
,,Un,he holds the CD,un,95741050,,,,,,,,,
,,Un,X,x,x,,,,,,,,,
,,,,,,,,,,,,,,
,knob,,Linguistic unit,P type,Image ID,Male 1,Male 2,Female 2,,,Freq bin,Conc bin,Syllable,
,,Target,he uses the knob,target,314088086,,M2_Noun_transitiveend_188,F2_Noun_transitiveend_188,,,5,7,1,
,,P1,he uses the knot,mp,93788887,,,,,,,,,
,,P2,he uses the hob,mp,274039817,,,,,,,,,
,,P3,he uses the knib,mp,42632431,,,,,,,,,
,,S1,he uses the handle,coord,20930901,,,,,,,,,
,,S2,he uses the door,assoc,250857736,,,,,,,,,
,,Un,x,un,x,,,,,,,,,
,,Un,x,un,x,,,,,,,,,
,,,,,,,,,,,,,,
,pram,,Linguistic unit,P type,Image ID,Male 1,Male 2,Female 2,,,Freq bin,Conc bin,Syllable,
,,Target,she buys the pram,target,80317405,,M2_Noun_transitiveend_189,F2_Noun_transitiveend_189,,,5,7,1,
,,P1,she buys the ham,mp,175737962,,,,,,,,,
,,P2,she buys the jam,mp,134500634,,,,,,,,,
,,P3,x,x,x,,,,,,,,,
,,S1,she buys the pushchair,coord,252091969,,,,,,,,,
,,S2,she buys the dummy,assoc,60768199,,,,,,,,,
,,Un,she buys the pig,un,182523626,,,,,,,,,
,,Un,x,x,x,,,,,,,,,
,,,,,,,,,,,,,,
,koala,,Linguistic unit,P type,Image ID,Male 1,Male 2,Female 2,,,Freq bin,Conc bin,Syllable,
,,Target,he holds the koala,target,242187553,,M2_Noun_transitiveend_190,F2_Noun_transitiveend_190,,,5,7,3,
,,P1,he holds the cola,close,199945058,,,,,,,,,
,,P2,x,x,x,,,,,,,,,
,,P3,x,x,x,,,,,,,,,
,,S1,he holds the kangeroo,assoc,21273163,,,,,,,,,
,,S2,he holds the squirrel,coord,296804969,,,,,,,,,
,,Un,he holds the lemonade,un,183554057,,,,,,,,,
,,Un,he holds the chimp,un,41080057,,,,,,,,,
,,,,,,,,,,,,,,
,wellies,,Linguistic unit,P type,Image ID,Male 1,Male 2,Female 2,,,Freq bin,Conc bin,Syllable,
,,Target,he hates wellies,target,63459826,,M2_Noun_transitiveend_191,F2_Noun_transitiveend_191,,,5,7,2,
,,P1,he hates jellies,mp,309164012,,,,,,,,,
,,P2,he hates tellies,mp,386374522,,,,,,,,,
,,P3,x,x,x,,,,,,,,,
,,S1,he hates raincoats,assoc,289942922,,,,,,,,,
,,S2,he hates boots,coord,103290425,,,,,,,,,
,,Un,he hates fish,un,124683919,,,,,,,,,
,,Un,x,x,x,,,,,,,,,
,,,,,,,,,,,,,,
,doughnut,,Linguistic unit,P type,Image ID,Male 1,Male 2,Female 2,,,Freq bin,Conc bin,Syllable,
,,Target,she eats a doughnut,target,235634152,,M2_Noun_transitiveend_192,F2_Noun_transitiveend_192,,,5,7,2,
,,P1,she eats a coconut,distant,226317511,,,,,,,,,
,,P2,she eats a dough,distant,261246989,,,,,,,,,
,,P3,x,x,x,,,,,,,,,
,,S1,she eats a muffin,coord,336829601,,,,,,,,,
,,S2,she eats a bagel,coord,306210500,,,,,,,,,
,,Un,she eats a biscuit,un,318098882,,,,,,,,,
,,Un,x,x,x,,,,,,,,,
,,,,,,,,,,,,,,
,hive,,Linguistic unit,P type,Image ID,Male 1,Male 2,Female 2,,,Freq bin,Conc bin,Syllable,
,,Target,he watches the hive,target,296617940,,M2_Noun_transitiveend_193,F2_Noun_transitiveend_193,,,5,7,1,
,,P1,x,x,x,,,,,,,,,
,,P2,he watches the dive,mp,96072599,,,,,,,,,
,,P3,he watches the hide,mp,51155673,,,,,,,,,
,,S1,he watches the bee,assoc,401178718,,,,,,,,,
,,S2,he watches the nest,assoc,266238692,,,,,,,,,
,,Un,he watches the ladybird,un,29579935,,,,,,,,,
,,Un,x,x,x,,,,,,,,,
,,,,,,,,,,,,,,
,canoe,,Linguistic unit,P type,Image ID,Male 1,Male 2,Female 2,,,Freq bin,Conc bin,Syllable,
,,Target,he uses the canoe,target,44125521,,M2_Noun_transitiveend_194,F2_Noun_transitiveend_194,,,5,7,2,
,,P1,he uses the can,close,413590123,,,,,,,,,
,,P2,he uses the glue,distant,378706285,,,,,,,,,
,,P3,he uses the loo,distant,8717051,,,,,,,,,
,,S1,he uses the paddle,coord,180577271,,,,,,,,,
,,S2,he uses the boat,coord,242000377,,,,,,,,,
,,Un,x,x,x,,,,,,,,,
,,Un,x,x,x,,,,,,,,,
,,,,,,,,,,,,,,
,flea,,Linguistic unit,P type,Image ID,Male 1,Male 2,Female 2,,,Freq bin,Conc bin,Syllable,
,,Target,he hate the flea,target,201646163,,M2_Noun_transitiveend_195,F2_Noun_transitiveend_195,,,5,7,1,
,,P1,he hates the pea,mp,313330862,,,,,,,,,
,,P2,he hates the tea,mp,33978516,,,,,,,,,
,,P3,he hates the key,mp,27229660,,,,,,,,,
,,S1,he hates the cat,assoc,192340511,,,,,,,,,
,,S2,he hates the fly,coord,781520,,,,,,,,,
,,Un,x,x,x,,,,,,,,,
,,Un,x,x,x,,,,,,,,,
,,,,,,,,,,,,,,
,tights,,Linguistic unit,P type,Image ID,Male 1,Male 2,Female 2,,,Freq bin,Conc bin,Syllable,
,,Target,she likes the tights,target,224167642,,M2_Noun_transitiveend_196,F2_Noun_transitiveend_196,,,5,7,1,
,,P1,she likes the lights,mp,293052248,,,,,,,,,
,,P2,she likes the kites,mp,14683836,,,,,,,,,
,,P3,she likes the ties,mp,402709396,,,,,,,,,
,,S1,she likes the socks,coord,249013738,,,,,,,,,
,,S2,she likes the leggings,coord,414450067,,,,,,,,,
,,Un,x,x,x,,,,,,,,,
,,Un,x,x,x,,,,,,,,,
,,,,,,,,,,,,,,
,problem,,Linguistic unit,P type,Image ID,Male 1,Male 2,Female 2,,,Freq bin,Conc bin,Syllable,
,,Target,she struggles with the problem,target,258121907,,M2_Noun_transitiveend_198,F2_Noun_transitiveend_198,,,8,4,2,
,,P1,she struggles with the pollen,distant,195143984,,,,,,,,,
,,P2,x,x,x,,,,,,,,,
,,P3,x,x,x,,,,,,,,,
,,S1,she struggles with the books,assoc,284559344,,,,,,,,,
,,S2,she struggles with the bag,assoc,176289686,,,,,,,,,
,,Un,she struggles with the insect,un,30046045,,,,,,,,,
,,Un,she struggles with the dream,un,250095046,,,,,,,,,
,,,,,,,,,,,,,,
,health,,Linguistic unit,P type,Image ID,Male 1,Male 2,Female 2,,,Freq bin,Conc bin,Syllable,
,,Target,The man enjoys his health,target,38215016,,M2_Noun_transitiveend_199,F2_Noun_transitiveend_199,,,8,4,1,
,,P1,The man enjoys his wealth,mp,127785641,,,,,,,,,
,,P2,The man enjoys his shelf,close,49224176,,,,,,,,,
,,P3,x,x,x,,,,,,,,,
,,S1,x,x,x,,,,,,,,,
,,S2,x,x,x,,,,,,,,,
,,Un,The man enjoys his car,un,5089174,,,,,,,,,
,,Un,The man enjoys his book,un,34013737,,,,,,,,,
,,,,,,,,,,,,,,
,brain,,Linguistic unit,P type,Image ID,Male 1,Male 3,Female 2,,,Freq bin,Conc bin,Syllable,
,,Target,the museum displays the brain,target,321437849,,M3_ACT_37,F_ACT_37,,,7,7,1,
,,P1,x,x,x,,,,,,,,,
,,P2,the museum displays the vein,mp,381836731,,,,,,,,,
,,P3,the museum displays the train,mp,95260588,,,,,,,,,
,,S1,the museum displays the calculator,assoc,324522782,,,,,,,,,
,,S2,the museum displays the computer,un,65485258,,,,,,,,,
,,Un,x,x,x,,,,,,,,,
,,Un,the museum displays the car,un,323450258,,,,,,,,,
,,,,,,,,,,,,,,
A,earth,,Linguistic unit,P type,Image ID,Male 1,Male 2,Female 2,,,Freq bin,Conc bin,Syllable,
,,Target,the gardener lays the earth,target,281534549,M1_Noun_transitiveend_11,,F2_Noun_transitiveend_11,,,8,7,1,
,,P1,the gardener lays the turf,distant,28992223,,,,,,,,,
,,P2,x,x,x,,,,,,,,,
,,P3,x,x,x,,,,,,,,,
,,S1,the gardener lays the seeds,assoc,144755131,,,,,,,,,
,,S2,x,x,x,,,,,,,,,
,,Un,the gardener lays the path,un,171208130,,,,,,,,,
,,Un,the gardner lays the tiles,un,176160314,,,,,,,,,
,,,,,,,,,,,,,,
A,rock,,Linguistic unit,P type,Image ID,Male 1,Male 2,Female 2,,,Freq bin,Conc bin,Syllable,
,,Target,the man holds up a rock,target,290237021,M1_Noun_transitiveend_13,,F2_Noun_transitiveend_13,,,8,7,1,
,,P1,the man holds up a lock,mp,196274444,,,,,,,,,
,,P2,the man holds up a sock,mp,310809407,,,,,,,,,
,,P3,the man holds up a clock,mp,234886804,,,,,,,,,
,,S1,the man holds up a diamond,coord,80882989,,,,,,,,,
,,S2,the man holds up a brick,coord,193518410,,,,,,,,,
,,Un,x,x,x,,,,,,,,,
,,Un,x,x,x,,,,,,,,,
,,,,,,,,,,,,,,
A,sock,,Linguistic unit,P type,Image ID,Male 1,Male 2,Female 2,,,Freq bin,Conc bin,Syllable,
,,Target,the man holds a sock,target,310809407,M1_Noun_transitiveend_20,,F2_Noun_transitiveend_20,,,5,7,1,
,,P1,the man holds a rock,mp,290237021,,,,,,,,,
,,P2,the man holds a lock,mp,196274444,,,,,,,,,
,,P3,the man holds a clock,mp,234886804,,,,,,,,,
,,S1,the man holds a shoe,assoc,296267624,,,,,,,,,
,,S2,x,x,x,,,,,,,,,
,,Un,the man holds a brick,un,193518410,,,,,,,,,
,,Un,x,x,x,,,,,,,,,
,,,,,,,,,,,,,,
A,bird,,Linguistic unit,P type,Image ID,Male 1,Male 2,Female 2,,,Freq bin,Conc bin,Syllable,
,,Target,The man traps the bird,target,239424394,M1_Noun_transitiveend_26,,F2_Noun_transitiveend_26,,,8,7,1,
,,P1,The man traps the heard,mp,315131234,,,,,,,,,
,,P2,x,x,x,,,,,,,,,
,,P3,x,x,x,,,,,,,,,
,,S1,The man traps the bear,distant,322963184,,,,,,,,,
,,S2,The man traps the mouse,coord,241171159,,,,,,,,,
,,Un,The man traps the fly,coord,240608635,,,,,,,,,
,,Un,x,x,x,,,,,,,,,
,,,,,,,,,,,,,,
A,floor,,linguistic unit,P type,Image ID,Male 1,Male 2,Female 2,,,Freq bin,Conc bin,Syllable,
,,Target,The woman cleans the floor,target,166287182,M1_Noun_transitiveend_28,,F2_Noun_transitiveend_28,,,8,7,1,
,,P1,The woman cleans the door,mp,141057496,,,,,,,,,
,,P2,The woman cleans the paw,mp,261359645,,,,,,,,,
,,P3,The woman cleans the jaw,mp,79552726,,,,,,,,,
,,S1,The woman cleans the ceiling,coord,82883296,,,,,,,,,
,,S2,The woman cleans the window,assoc,183164669,,,,,,,,,
,,Un,x,x,x,,,,,,,,,
,,Un,x,x,x,,,,,,,,,
,,,,,,,,,,,,,,
A,saw,,Linguistic unit,P type,Image ID,Male 1,Male 2,Female 2,,,Freq bin,Conc bin,Syllable,
,,Target,The builder holds the saw,target,335716481,M1_Noun_transitiveend_29,,F2_Noun_transitiveend_29,,,8,7,1,
,,P1,The builder holds the door,mp,211398829,,,,,,,,,
,,P2,The buidler holds the floor,mp,174323105,,,,,,,,,
,,P3,The builder holds the core,mp,197777534,,,,,,,,,
,,S1,The builder holds the hammer,coord,315475769,,,,,,,,,
,,S2,The builder holds the knife,coord,231418219,,,,,,,,,
,,Un,x,x,x,,,,,,,,,
,,Un,x,x,x,,,,,,,,,
,,,,,,,,,,,,,,
A,paw,,Linguistic unit,P type,Image ID,Male 1,Male 2,Female 2,,,Freq bin,Conc bin,Syllable,
,,Target,The cat licks the paw,target,80598130,M1_Noun_transitiveend_30,,F2_Noun_transitiveend_30,,,5,6,1,
,,P1,x,x,x,,,,,,,,,
,,P2,The cat licks the door,mp,155988113,,,,,,,,,
,,P3,x,x,x,,,,,,,,,
,,S1,The cat licks the finger,coord,6179392,,,,,,,,,
,,S2,The cat licks the milk,coord,273334064,,,,,,,,,
,,Un,The cat licks the arm,coord,46421686,,,,,,,,,
,,Un,The cat licks the icecream,un,115520299,,,,,,,,,
,,,,,,,,,,,,,,
A,stairs,,Linguistic unit,P type,Image ID,Male 1,Male 2,Female 2,,,Freq bin,Conc bin,Syllable,
,,Target,The boy touches the stairs,target,45100267,M1_Noun_transitiveend_31,,F2_Noun_transitiveend_31,,,6,7,1,
,,P1,The boy touches the hares,mp,153350132,,,,,,,,,
,,P2,The boy touches the bears,mp,331667633,,,,,,,,,
,,P3,The boy touches the pears,mp,159320303,,,,,,,,,
,,S1,The boy touches the ladder,coord,273463571,,,,,,,,,
,,S2,The boy touches the escalator,coord,50402473,,,,,,,,,
,,Un,x,x,x,,,,,,,,,
,,Un,x,x,x,,,,,,,,,
,,,,,,,,,,,,,,
A,gate,,Linguistic unit,P type,Image ID,Male 1,Male 2,Female 2,,,Freq bin,Conc bin,Syllable,
,,Target,The father holds the gate,targte,134607995,M1_Noun_transitiveend_32,,F2_Noun_transitiveend_32,,,6,7,1,
,,P1,The father holds the bait,mp,155584481,,,,,,,,,
,,P2,The father holds the weight,mp,205970725,,,,,,,,,
,,P3,The father holds the plate,mp,255992242,,,,,,,,,
,,S1,the father holds the door,coord,218658199,,,,,,,,,
,,S2,the father holds the fence,coord,15239422,,,,,,,,,
,,Un,x,x,x,,,,,,,,,
,,Un,x,x,x,,,,,,,,,
,,,,,,,,,,,,,,
A,foot,,Linguistic unit,P type,Image ID,Male 1,Male 2,Female 2,,,Freq bin,Conc bin,Syllable,
,,Target,he holds the foot,target,72036652,M1_Noun_transitiveend_36,,F2_Noun_transitiveend_36,,,7,7,1,
,,P1,he holds the fat,mp,191076125,,,,,,,,,
,,P2,x,x,x,,,,,,,,,
,,P3,x,x,x,,,,,,,,,
,,S1,he holds the hand,coord,248813368,,,,,,,,,
,,S2,he holds the paw,coord,129140138,,,,,,,,,
,,Un,he holds the shoe,coord,113689486,,,,,,,,,
,,Un,he holds the sock,coord,310809407,,,,,,,,,
,,,,,,,,,,,,,,
A,bottle,,Linguistic unit,P type,Image ID,Male 1,Male 2,Female 2,,,Freq bin,Conc bin,Syllable,
,,Target,The woman holds a bottle,target,282178793,M1_Noun_transitiveend_47,,F2_Noun_transitiveend_47,,,7,7,2,
,,P1,The woman holds a bagel,distant,32105731,,,,,,,,,
,,P2,The woman holds a button,close,191616134,,,,,,,,,
,,P3,The woman holds a butter,distant,70546201,,,,,,,,,
,,S1,The woman holds a jug,coord,195430988,,,,,,,,,
,,S2,The woman holds a cup,coord,184890191,,,,,,,,,
,,Un,x,x,x,,,,,,,,,
,,Un,x,x,x,,,,,,,,,
,,,,,,,,,,,,,,
A,fort,,Linguistic unit,P type,Image ID,Male 1,Male 2,Female 2,,,Freq bin,Conc bin,Syllable,
,,Target,the man leads the fort,target,92749732,M1_Noun_transitiveend_52,,F2_Noun_transitiveend_52,,,5,7,1,
,,P1,the man leads the port,mp,306425741,,,,,,,,,
,,P2,x,x,x,,,,,,,,,
,,P3,the man leads the court,mp,243765985,,,,,,,,,
,,S1,the man leads the church,coord,126543428,,,,,,,,,
,,S2,the man leads the company,coord,44182813,,,,,,,,,
,,Un,the man leads the class,un,32511024,,,,,,,,,
,,Un,x,x,x,,,,,,,,,
,,,,,,,,,,,,,,
A,castle,,Linguistic unit,P type,Image ID,Male 1,Male 2,Female 2,,,Freq bin,Conc bin,Syllable,
,,Target,She plays with the castle,target,1337402,M1_Noun_transitiveend_55,,F2_Noun_transitiveend_55,,,7,7,2,
,,P1,She plays with the cattle,mp,136240529,,,,,,,,,
,,P2,She plays with the camel,mp,126527894,,,,,,,,,
,,P3,She plays with the parcel,mp,73954855,,,,,,,,,
,,S1,She plays with the pyramid,coord,221915008,,,,,,,,,
,,S2,She plays with the knight,coord,150687311,,,,,,,,,
,,Un,x,x,x,,,,,,,,,
,,Un,x,x,x,,,,,,,,,
,,,,,,,,,,,,,,
A,computer,,Linguistic unit,P type,Image ID,Male 1,Male 2,Female 2,,,Freq bin,Conc bin,Syllable,
,,Target,He likes the computer,target,123654789,M1_Noun_transitiveend_56,,F2_Noun_transitiveend_56,,,7,7,3,
,,P1,He likes the commuter,close,88940851,,,,,,,,,
,,P2,He likes the composer,close,114099406,,,,,,,,,
,,P3,x,x,x,,,,,,,,,
,,S1,He likes the television,coord,276568709,,,,,,,,,
,,S2,He likes the train,un,214028590,,,,,,,,,
,,Un,He likes the car,un,5089174,,,,,,,,,
,,Un,x,x,x,,,,,,,,,
,,,,,,,,,,,,,,
A,wreath,,Linguistic unit,P type,Image ID,Male 1,Male 2,Female 2,,,Freq bin,Conc bin,Syllable,
,,Target,the woman picks a wreath,target,153766862,M1_Noun_transitiveend_58,,F2_Noun_transitiveend_58,,,5,7,1,
,,P1,the woman picks a heath,mp,127281629,,,,,,,,,
,,P2,the woman picks a leaf,close,142677784,,,,,,,,,
,,P3,the woman picks a reed,mp,224186557,,,,,,,,,
,,S1,the woman picks a tree,assoc,168680933,,,,,,,,,
,,S2,x,x,x,,,,,,,,,
,,Un,x,x,x,,,,,,,,,
,,Un,the woman picks a jumper,un,38285108,,,,,,,,,
,,,,,,,,,,,,,,
A,tree,,Linguistic unit,P type,Image ID,Male 1,Male 2,Female 2,,,Freq bin,Conc bin,Syllable,
,,Target,the girl has a tree,target,168680933,M1_Noun_transitiveend_63,,F2_Noun_transitiveend_63,,,7,7,1,
,,P1,the girl has a pea,mp,268997915,,,,,,,,,
,,P2,the girl has a key,mp,193792745,,,,,,,,,
,,P3,the girl has a tea,mp,206507557,,,,,,,,,
,,S1,the girl has a plant,coord,51599364,,,,,,,,,
,,S2,x,x,x,,,,,,,,,
,,Un,the girl has a sprout,un,116764645,,,,,,,,,
,,Un,x,x,x,,,,,,,,,
,,,,,,,,,,,,,,
A,key,,Linguistic unit,P type,Image ID,Male 1,Male 2,Female 2,,,Freq bin,Conc bin,Syllable,
,,Target,the girl has a key,target,193792745,M1_Noun_transitiveend_64,,F2_Noun_transitiveend_64,,,6,7,1,
,,P1,the girl has a tea,mp,206507557,,,,,,,,,
,,P2,the girl has a pea,mp,268997915,,,,,,,,,
,,P3,the girl has a tree,mp,168680933,,,,,,,,,
,,S1,the girl has a lock,assoc,330301778,,,,,,,,,
,,S2,x,x,x,,,,,,,,,
,,Un,the girl has a broom,un,74533156,,,,,,,,,
,,Un,x,x,x,,,,,,,,,
,,,,,,,,,,,,,,
A,hand,,Linguistic unit,P type,Image ID,Male 1,Male 2,Female 2,,,Freq bin,Conc bin,Syllable,
,,Target,the woman holds the hand,target,20327430,M1_Noun_transitiveend_65,,F2_Noun_transitiveend_65,,,8,7,1,
,,P1,the woman holds the band,mp,109500947,,,,,,,,,
,,P2,the woman holds the sand,mp,104151680,,,,,,,,,
,,P3,the woman holds the handle,close,88812964,,,,,,,,,
,,S1,the woman holds the foot,coord,112950334,,,,,,,,,
,,S2,the woman holds the paw,coord,129140138,,,,,,,,,
,,Un,x,x,x,,,,,,,,,
,,Un,x,x,x,,,,,,,,,
,,,,,,,,,,,,,,
A,wife,,Linguistic unit,P type,Image ID,Male 1,Male 2,Female 2,,,Freq bin,Conc bin,Syllable,
,,Target,he holds his wife,target,5045122,M1_Noun_transitiveend_67,,F2_Noun_transitiveend_67,,,8,6,1,
,,P1,he holds his knife,mp,10681814,,,,,,,,,
,,P2,he holds his wine,mp,31696184,,,,,,,,,
,,P3,he holds his wipe,mp,172134821,,,,,,,,,
,,S1,he holds his child,coord,17957811,,,,,,,,,
,,S2,he holds his beer,coord,117036529,,,,,,,,,
,,Un,x,x,x,,,,,,,,,
,,Un,x,x,x,,,,,,,,,
,,,,,,,,,,,,,,
,bull,,Linguistic unit,P type,Image ID,Male 1,Male 2,Female 2,,,Freq bin,Conc bin,Syllable,
A,,Target,The man approaches the  bull,target,155340758,,M2_Noun_transitiveend_78,F2_Noun_transitiveend_78,,,6,7,1,
,,P1,x,x,x,,,,,,,,,
,,P2,The man approaches the bus,mp,217875652,,,,,,,,,
,,P3,The man approaches the bulldog,distant,315814664,,,,,,,,,
,,S1,The man approaches the cow,coord,287776706,,,,,,,,,
,,S2,The man approaches the sheep,coord,157673411,,,,,,,,,
,,Un,The man approaches the horse,un,296068706,,,,,,,,,
,,Un,x,x,x,,,,,,,,,
,,,,,,,,,,,,,,
,sailor,,Linguistic unit,P type,Image ID,Male 1,Male 2,Female 2,,,Freq bin,Conc bin,Syllable,
A,,Target,he wants to be a sailor,target,127601281,,M2_Noun_transitiveend_79,F2_Noun_transitiveend_79,,,5,7,2,
,,P1,he wants to be a tailor,mp,127601282,,,,,,,,,
,,P2,he wants to be a singer,distant,127601283,,,,,,,,,
,,P3,x,x,x,,,,,,,,,
,,S1,x,x,x,,,,,,,,,
,,S2,x,x,x,,,,,,,,,
,,Un,he wants to be a baker,un,127601284,,,,,,,,,
,,Un,he wants to be a painter,un,127601285,,,,,,,,,
,,,,,,,,,,,,,,
,star,,Linguistic unit,P type,Image ID,Male 1,Male 2,Female 2,,,Freq bin,Conc bin,Syllable,
A,,Target,the woman has a star,target,201425111,,M2_Noun_transitiveend_81,F2_Noun_transitiveend_81,,,8,7,1,
,,P1,the woman has a scar,mp,43636121,,,,,,,,,
,,P2,the woman has a car,mp,286954073,,,,,,,,,
,,P3,the woman has a spa,mp,310512803,,,,,,,,,
,,S1,x,x,x,,,,,,,,,
,,S2,x,x,x,,,,,,,,,
,,Un,the woman has a moon,un,2014251111,,,,,,,,,
,,Un,x,x,x,,,,,,,,,
,,,,,,,,,,,,,,
,furniture,,Linguistic unit,P type,Image ID,Male 1,Male 2,Female 2,,,Freq bin,Conc bin,Syllable,
A,,Target,the man makes the furniture,target,115217656,,M2_Noun_transitiveend_84,F2_Noun_transitiveend_84,,,7,7,3,
,,P1,the man makes the picture,distant,27722535,,,,,,,,,
,,P2,the man makes the signature,distant,42632431,,,,,,,,,
,,P3,x,x,x,,,,,,,,,
,,S1,the man makes the floor,assoc,176160314,,,,,,,,,
,,S2,x,x,x,,,,,,,,,
,,Un,the man makes the bread,un,49245224,,,,,,,,,
,,Un,the man makes the jacket,un,49208377,,,,,,,,,
,,,,,,,,,,,,,,
,party,,Linguistic unit,P type,Image ID,Male 1,Male 2,Female 2,,,Freq bin,Conc bin,Syllable,
A,,Target,the girl likes her party,target,53683187,,M2_Noun_transitiveend_90,F2_Noun_transitiveend_90,,,8,5,2,
,,P1,the girl likes her puppy,close,47080304,,,,,,,,,
,,P2,the girl likes her poppy,mp,292492715,,,,,,,,,
,,P3,x,x,x,,,,,,,,,
,,S1,the girl likes her balloon,assoc,51162910,,,,,,,,,
,,S2,the girl likes her cake,assoc,26721297,,,,,,,,,
,,Un,x,x,x,,,,,,,,,
,,Un,the girl likes her football,un,213006334,,,,,,,,,
,,,,,,,,,,,,,,
,carrot,,Linguistic unit,P type,Image ID,Male 1,Male 2,Female 2,,,Freq bin,Conc bin,Syllable,
A,,Target,the bucket holds a carrot,target,40789309,,M2_Noun_transitiveend_93,F2_Noun_transitiveend_93,,,6,7,2,
,,P1,the bucket holds a parrot,mp,55506964,,,,,,,,,
,,P2,the bucket holds a ferret,distant,98441516,,,,,,,,,
,,P3,x,x,x,,,,,,,,,
,,S1,the bucket holds cherries,coord,485695425,,,,,,,,,
,,S2,x,x,x,,,,,,,,,
,,Un,the buckets holds water,un,297466739,,,,,,,,,
,,Un,the bucket holds feed,un,84453310,,,,,,,,,
,,,,,,,,,,,,,,
,shop,,Linguistic unit,P type,Image ID,Male 1,Male 2,Female 2,,,Freq bin,Conc bin,Syllable,
A,,Target,the man uses the shop,target,92386033,,M2_Noun_transitiveend_97,F2_Noun_transitiveend_97,,,8,6,1,
,,P1,the man uses the mop,mp,37984563,,,,,,,,,
,,P2,the man uses the ship,mp,132894758,,,,,,,,,
,,P3,the man uses the top,mp,127241900,,,,,,,,,
,,S1,the man uses the shopping bag,assoc,223179652,,,,,,,,,
,,S2,the man uses the money,assoc,141577285,,,,,,,,,
,,Un,x,x,x,,,,,,,,,
,,Un,x,x,x,,,,,,,,,
,,,,,,,,,,,,,,
,place,,Linguistic unit,P type,Image ID,Male 1,Male 2,Female 2,,,Freq bin,Conc bin,Syllable,
A,,Target,she finds the place,target,53225438,,M2_Noun_transitiveend_111,F2_Noun_transitiveend_111,,,8,4,1,
,,P1,she finds the lace,mp,126154586,,,,,,,,,
,,P2,she finds the ace,mp,296138117,,,,,,,,,
,,P3,x,x,x,,,,,,,,,
,,S1,she finds the car,assoc,274064687,,,,,,,,,
,,S2,she finds the keys,assoc,47122173,,,,,,,,,
,,Un,she finds the flowers,un,41247999,,,,,,,,,
,,Un,x,x,x,,,,,,,,,
,,,,,,,,,,,,,,
,group,,Linguistic unit,P type,Image ID,Male 1,Male 2,Female 2,,,Freq bin,Conc bin,Syllable,
A,,Target,he loves the group,target,132936830,,M2_Noun_transitiveend_114,F2_Noun_transitiveend_114,,,8,6,1,
,,P1,he loves the scoop,mp,259752032,,,,,,,,,
,,P2,he loves the hoop,mp,324295628,,,,,,,,,
,,P3,he loves the soup,mp,275973800,,,,,,,,,
,,S1,he loves the man,coord,258089546,,,,,,,,,
,,S2,he loves the classroom,coord,32511024,,,,,,,,,
,,Un,x,x,x,,,,,,,,,
,,Un,x,x,x,,,,,,,,,
,,,,,,,,,,,,,,
,news,,Linguistic unit,P type,Image ID,Male 1,Male 2,Female 2,,,Freq bin,Conc bin,Syllable,
A,,Target,the man loves the news,target,37118861,,M2_Noun_transitiveend_118,F2_Noun_transitiveend_118,,,8,4,1,
,,P1,x,x,x,,,,,,,,,
,,P2,the man loves the booze,mp,263064422,,,,,,,,,
,,P3,x,x,x,,,,,,,,,
,,S1,the man loves the book,coord,8452381,,,,,,,,,
,,S2,the man loves the film,coord,243996961,,,,,,,,,
,,Un,the man loves the parliament,un,393815749,,,,,,,,,
,,Un,the man loves the race,un,115338595,,,,,,,,,
,,,,,,,,,,,,,,
A,claw,,Linguistic unit,P type,Image ID,Male 1,Male 2,Female 2,,,Freq bin,Conc bin,Syllable,
,,Target,the man holds the claw,target,152220809,,M2_Noun_transitiveend_132,F2_Noun_transitiveend_132,,,6,7,2,
,,P1,the man holds the paw,mp/coord,129140138,,,,,,,,,
,,P2,the man holds the door,mp,154859315,,,,,,,,,
,,P3,the man holds the saw,mp,335716481,,,,,,,,,
,,S1,the man holds the hand,coord,248813368,,,,,,,,,
,,S2,the man holds the foot,coord,72036652,,,,,,,,,
,,Un,x,x,x,,,,,,,,,
,,Un,x,x,x,,,,,,,,,
,,,,,,,,,,,,,,
A,cub,,Linguistic unit,P type,Image ID,Male 1,Male 2,Female 2,,,Freq bin,Conc bin,Syllable,
,,Target,she holds the cub,target,147889253,,M2_Noun_transitiveend_133,F2_Noun_transitiveend_133,,,5,7,1,
,,P1,she holds the cuff,mp,104206145,,,,,,,,,
,,P2,she holds the cut,mp,309970697,,,,,,,,,
,,P3,she holds the cup,mp,283644452,,,,,,,,,
,,S1,she holds the lamb,coord,345403865,,,,,,,,,
,,S2,she holds the monkey,coord,350047088,,,,,,,,,
,,Un,x,x,x,,,,,,,,,
,,Un,x,x,x,,,,,,,,,
,,,,,,,,,,,,,,
A,cuff,,Linguistic unit,P type,Image ID,Male 1,Male 2,Female 2,,,Freq bin,Conc bin,Syllable,
,,Target,she holds the cuff,target,104206145,,M2_Noun_transitiveend_134,F2_Noun_transitiveend_134,,,4,7,1,
,,P1,she holds the cub,mp,147889253,,,,,,,,,
,,P2,she holds the fluff,mp,307930622,,,,,,,,,
,,P3,she holds the cup,mp,283644452,,,,,,,,,
,,S1,she holds the collar,coord,128787542,,,,,,,,,
,,S2,she holds the lead,coord,88335778,,,,,,,,,
,,Un,x,x,x,,,,,,,,,
,,Un,x,x,x,,,,,,,,,
,,,,,,,,,,,,,,
A,flares,,Linguistic unit,P type,Image ID,Male 1,Male 2,Female 2,,,Freq bin,Conc bin,Syllable,
,,Target,she loves the flares,target,264861935,,M2_Noun_transitiveend_135,F2_Noun_transitiveend_135,,,4,7,2,
,,P1,she loves the hares,mp,191462102,,,,,,,,,
,,P2,she loves the pears,mp,252329434,,,,,,,,,
,,P3,she loves the tears,mp,283507979,,,,,,,,,
,,S1,she loves the jeans,coord,283507979,,,,,,,,,
,,S2,she loves the coat,coord,87750751,,,,,,,,,
,,Un,x,x,x,,,,,,,,,
,,Un,x,x,x,,,,,,,,,
,,,,,,,,,,,,,,
A,game,,Linguistic unit,P type,Image ID,Male 1,Male 2,Female 2,,,Freq bin,Conc bin,Syllable,
,,Target,he likes the game,target,70300393,,M2_Noun_transitiveend_136,F2_Noun_transitiveend_136,,,8,7,1,
,,P1,he likes the gate,close,26275540,,,,,,,,,
,,P2,he likes the same,mp,246484747,,,,,,,,,
,,P3,he likes the frame,mp,133751483,,,,,,,,,
,,S1,he likes the dice,coord,227120761,,,,,,,,,
,,S2,he likes the supporters,coord,256140502,,,,,,,,,
,,Un,x,x,x,,,,,,,,,
,,Un,x,x,x,,,,,,,,,
,,,,,,,,,,,,,,
A,gnome,,Linguistic unit,P type,Image ID,Male 1,Male 2,Female 2,,,Freq bin,Conc bin,Syllable,
,,Target,she touches the gnome,target,232829512,,M2_Noun_transitiveend_139,F2_Noun_transitiveend_139,,,4,7,1,
,,P1,x,x,x,,,,,,,,,
,,P2,she touches the foam,mp,316285043,,,,,,,,,
,,P3,she touches the comb,mp,335040089,,,,,,,,,
,,S1,she touches the statue,coord,171584237,,,,,,,,,
,,S2,she touches the elf,coord,253530019,,,,,,,,,
,,Un,she touches the home,un,5985495,,,,,,,,,
,,Un,x,x,x,,,,,,,,,
,,,,,,,,,,,,,,
A,hut,,Linguistic unit,P type,Image ID,Male 1,Male 2,Female 2,,,Freq bin,Conc bin,Syllable,
,,Target,she likes the hut,target,213339481,,M2_Noun_transitiveend_143,F2_Noun_transitiveend_143,,,6,6,1,
,,P1,she likes the mug,mp,48948737,,,,,,,,,
,,P2,she likes the rug,mp,87750751,,,,,,,,,
,,P3,she likes the hug,mp,1451624,,,,,,,,,
,,S1,she likes the house,coord,17754538,,,,,,,,,
,,S2,she likes the fire,coord,322340546,,,,,,,,,
,,Un,x,x,x,,,,,,,,,
,,Un,x,x,x,,,,,,,,,
,,,,,,,,,,,,,,
A,box,,Linguistic unit,P type,Image ID,Male 1,Male 2,Female 2,,,Freq bin,Conc bin,Syllable,
,,Target,she holds the box,target,365467859,,M2_Noun_transitiveend_152,F2_Noun_transitiveend_152,,,8,7,1,
,,P1,she holds the fox,mp,380760895,,,,,,,,,
,,P2,she holds the socks,mp,257538046,,,,,,,,,
,,P3,she holds the locks,mp,38829796,,,,,,,,,
,,S1,she holds the parcel,coord,46969977,,,,,,,,,
,,S2,she holds the paperbag,coord,138372416,,,,,,,,,
,,Un,x,x,x,,,,,,,,,
,,Un,x,x,x,,,,,,,,,
,,,,,,,,,,,,,,
A,point,,Linguistic unit,P type,Image ID,Male 1,Male 2,Female 2,,,Freq bin,Conc bin,Syllable,
,,Target,he touches the point,target,92160202,,M2_Noun_transitiveend_197,F2_Noun_transitiveend_197,,,8,4,1,
,,P1,the touches the joint,mp,333446771,,,,,,,,,
,,P2,he touches the pint,mp,123784216,,,,,,,,,
,,P3,he touches the punt,distant,197698484,,,,,,,,,
,,S1,he touches the line,assoc,113173084,,,,,,,,,
,,S2,he touches the ruler,assoc,60566689,,,,,,,,,
,,Un,x,x,x,,,,,,,,,
,,Un,x,x,x,,,,,,,,,
,,,,,,,,,,,,,,
A,clock,,Linguistic unit,P type,Image ID,Male 1,Male 2,Female 2,,,Freq bin,Conc bin,Syllable,
,,Target,the man holds a clock,target,234886804,M1_Noun_transitiveend_22,,F2_Noun_transitiveend_22,,,7,7,1,1
,,P1,the man holds a lock,mp,196274444,,,,,,,,,
,,P2,the man holds a sock,mp,310809407,,,,,,,,,
,,P3,x,x,x,,,,,,,,,
,,S1,the man holds a watch,coord,380021119,,,,,,,,,
,,S2,the man holds a thermometer,assoc,287032970,,,,,,,,,
,,Un,the man holds a key,un,228118633,,,,,,,,,
,,Un,x,x,x,,,,,,,,,
,,,,,,,,,,,,,,
A,cat,,Linguistic unit,P type,Image ID,Male 1,Male 2,Female 2,,,Freq bin,Conc bin,Syllable,
,,Target,the girl holds a cat,target,22599826,M1_Noun_transitiveend_23,,F2_Noun_transitiveend_23,,,7,7,1,1
,,P1,the girl holds a hat,mp,321162149,,,,,,,,,
,,P2,x,x,x,,,,,,,,,
,,P3,the girl holds a bat (sport),mp,18570298,,,,,,,,,
,,S1,the girl holds a teddy,assoc,112243427,,,,,,,,,
,,S2,the girl holds a dog,coord,47080304,,,,,,,,,
,,Un,the girl holds a ball,un,216712042,,,,,,,,,
,,Un,x,x,x,,,,,,,,,
,,,,,,,,,,,,,,
,job,,Linguistic unit,P type,Image ID,Male 1,Male 2,Female 2,,,Freq bin,Conc bin,Syllable,
A,,Target,she likes the job,target,237017809,,M2_Noun_transitiveend_122,F2_Noun_transitiveend_122,,,8,4,1,1
,,P1,she likes the jam,close,191459747,,,,,,,,,
,,P2,she likes the jog,mp,30599307,,,,,,,,,
,,P3,x,x,x,,,,,,,,,
,,S1,she likes the money,assoc,257256982,,,,,,,,,
,,S2,she likes the hobby,coord,37782332,,,,,,,,,
,,Un,she likes the hike,un,201347279,,,,,,,,,
,,Un,x,x,x,,,,,,,,,
,,,,,,,,,,,,,,
,root,,Linguistic unit,P type,Image ID,Male 1,Male 2,Female 2,,,Freq bin,Conc bin,Syllable,
A,,Target,she picks the root,target,411216337,M3_ACT_008,F2_ACT_008,,,,6,6,1,1
,,P1,she picks the fruit,mp,404718760,,,,,,,,,
,,P2,she picks the flute,mp,169076708,,,,,,,,,
,,P3,x,x,x,,,,,,,,,
,,S1,she picks the flower,coord,443634958,,,,,,,,,
,,S2,she picks the leaf,coord,142677784,,,,,,,,,
,,Un,she picks the tomato,un,428469808,,,,,,,,,
,,Un,x,x,x,,,,,,,,,
,,,,,,,,,,,,,,
,yarn,,Linguistic unit,P type,Image ID,Male 3,Female 2,,,,Freq bin,Conc bin,Syllable,
,,Target,she uses the yarn,target,44062958,M3_ACT_009,F2_ACT_009,,,,4,7,1,1
,,P1,she uses the barn,mp,79226203,,,,,,,,,
,,P2,she uses the arm,distant,50463298,,,,,,,,,
,,P3,x,x,x,,,,,,,,,
,,S1,she uses the rope,coord,390670786,,,,,,,,,
,,S2,she uses the thread,coord,189959324,,,,,,,,,
,,un,she uses the sauna,un,413316793,,,,,,,,,
,,Un,x,x,x,,,,,,,,,
,,,,,,,,,,,,,,
110,marmelade,,Linguistic unit,P type,Image ID,Male 1,Male 2,Female 2,,,Freq bin,Conc bin,Syllable,
,,Target,she likes the homemade marmalade,target,194137658,,M2_Noun_intransitivePPend_111,F2_Noun_intransitivePPend_111,,,5,7,1,
,,P1,she likes the homemade lemonade,distant,183554057,,,,,,,,,
,,P2,she likes the homemade lampshade,distant,244858375,,,,,,,,,
,,P3,x,x,x,,,,,,,,,
,,S1,she likes the homemade jam,coord,134500634,,,,,,,,,
,,S2,she likes the homemade toast,assoc,13224143,,,,,,,,,
,,Un,she likes the homemade icecubes,un,10293484,,,,,,,,,
,,Un,x,x,x,,,,,,,,,
,,,,,,,,,,,,,,
111,yolk,,Linguistic unit,P type,Image ID,Male 1,Male 2,Female 2,,,Freq bin,Conc bin,Syllable,
,,Target,she likes the yolk,target,120690565,,M2_Noun_intransitivePPend_112,F2_Noun_intransitivePPend_112,,,5,7,1,
,,P1,she likes the smoke,mp,375927055,,,,,,,,,
,,P2,she likes the cloak,mp,180751889,,,,,,,,,
,,P3,x,x,x,,,,,,,,,
,,S1,she likes the shell,coord,50806008,,,,,,,,,
,,S2,she likes the chicken,assoc,23488073,,,,,,,,,
,,Un,she likes the fire,un,280872665,,,,,,,,,
,,Un,x,x,x,,,,,,,,,
,,,,,,,,,,,,,,
112,tramploline,,Linguistic unit,P type,Image ID,Male 1,Male 2,Female 2,,,Freq bin,Conc bin,Syllable,
,,Target,she loves the trampoline,target,216671602,,M2_Noun_intransitivePPend_113,F2_Noun_intransitivePPend_113,,,5,7,3,
,,P1,she loves the aubergine,distant,227191732,,,,,,,,,
,,P2,she loves the tamborine,distant,212664352,,,,,,,,,
,,P3,x,x,x,,,,,,,,,
,,S1,she loves the spacehopper,coord,60209404,,,,,,,,,
,,S2,she loves the sandpit,assoc,1337402,,,,,,,,,
,,Un,she loves the kangeroo,un,167129375,,,,,,,,,
,,Un,x,x,x,,,,,,,,,
,,,,,,,,,,,,,,
113,bumper,,Linguistic unit,P type,Image ID,Male 1,Male 2,Female 2,,,Freq bin,Conc bin,Syllable,
,,Target,he cleans the bumper,target,166719365,,M2_Noun_intransitivePPend_114,F2_Noun_intransitivePPend_114,,,5,7,2,
,,P1,he cleans the jumper,mp,17952737,,,,,,,,,
,,P2,he cleans the bunker,mp,126912857,,,,,,,,,
,,P3,x,x,x,,,,,,,,,
,,S1,he cleans the bonnet,coord,220621123,,,,,,,,,
,,S2,he cleans the wheel,coord,132131867,,,,,,,,,
,,Un,he cleans the cardigan,un,262194317,,,,,,,,,
,,Un,x,x,x,,,,,,,,,
,,,,,,,,,,,,,,
114,bun,,Linguistic unit,P type,Image ID,Male 1,Male 2,Female 2,,,Freq bin,Conc bin,Syllable,
,,Target,she enjoys the bun,target,255437584,,M2_Noun_intransitivePPend_115,F2_Noun_intransitivePPend_115,,,5,7,1,
,,P1,she enjoys the sun,mp,54505735,,,,,,,,,
,,P2,she enjoys the bus,mp,64567547654,,,,,,,,,
,,P3,x,x,x,,,,,,,,,
,,S1,she enjoys the cake,coord,268187408,,,,,,,,,
,,S2,she enjoys the loaf,coord,409934134,,,,,,,,,
,,Un,she enjoys the bath,un,293214881,,,,,,,,,
,,Un,x,x,x,,,,,,,,,
,,,,,,,,,,,,,,
115,olives,,Linguistic unit,P type,Image ID,Male 1,Male 2,Female 2,,,Freq bin,Conc bin,Syllable,
,,Target,they love the olives,target,304932779,,M2_Noun_intransitivePPend_116,F2_Noun_intransitivePPend_116,,,5,7,2,
,,P1,they love the leaves,distant,546628555,,,,,,,,,
,,P2,x,x,x,,,,,,,,,
,,P3,they love the grapes,coord,110543195,,,,,,,,,
,,S1,they love the olive oils,coord,251532856,,,,,,,,,
,,S2,they love the nuts,un,3191120,,,,,,,,,
,,Un,they love the limes,un,3962033,,,,,,,,,
,,Un,x,x,x,,,,,,,,,
,,,,,,,,,,,,,,
116,stain,,Linguistic unit,P type,Image ID,Male 1,Male 2,Female 2,,,Freq bin,Conc bin,Syllable,
,,Target,she cleans the stain,target,150632483,,M2_Noun_intransitivePPend_117,F2_Noun_intransitivePPend_117,,,5,7,1,
,,P1,she cleans the drain,mp,207763012,,,,,,,,,
,,P2,she cleans the stone,mp,155461703,,,,,,,,,
,,P3,x,x,x,,,,,,,,,
,,S1,she cleans the spill,coord,187800929,,,,,,,,,
,,S2,x,x,x,,,,,,,,,
,,Un,she cleans the hand,un,24589580,,,,,,,,,
,,Un,she cleans the plant,un,48950445,,,,,,,,,
,,,,,,,,,,,,,,
117,picture,,Linguistic unit,P type,Image ID,Male 1,Male 2,Female 2,,,Freq bin,Conc bin,Syllable,
,,Target,she holds the picture,target,313920950,,M2_Noun_intransitivePPend_118,F2_Noun_intransitivePPend_118,,,8,7,2,
,,P1,she holds the pitcher,mp,33559462,,,,,,,,,
,,P2,she holds the furniture,distant,154603907,,,,,,,,,
,,P3,x,x,x,,,,,,,,,
,,S1,she holds the camera,assoc,60001,,,,,,,,,
,,S2,she holds the frame,assoc,14959596,,,,,,,,,
,,Un,she holds the magnifying glass,un,194803352,,,,,,,,,
,,Un,x,x,x,,,,,,,,,
,,,,,,,,,,,,,,
109,rib,,Linguistic unit,P type,Image ID,Male 1,Male 2,Female 2,,,Freq bin,Conc bin,Syllable,
,,Target,she inspects the rib,target,158327297,,M2_Noun_intransitivePPend_110,F2_Noun_intransitivePPend_110,,,5,7,1,
,,P1,she inspects the bib,mp,210313432,,,,,,,,,
,,P2,she inspects the crib,mp,264117083,,,,,,,,,
,,P3,x,x,x,,,,,,,,,
,,S1,she inspects the skull,coord,312924323,,,,,,,,,
,,S2,she inspects the finger bone,assoc,363577313,,,,,,,,,
,,Un,she inspects the trike,un,104395016,,,,,,,,,
,,Un,x,x,x,,,,,,,,,
,,,,,,,,,,,,,,
A,tree,,Linguistic unit,P type,Image ID,Male 1,Male 2,Female 2,,,Freq bin,Conc bin,Syllable,
,,Target,the pot holds the tree,target,97054988,M1_Noun_intransitivePPend_46,,F2_Noun_intransitivePPend_46,,,7,7,1,
,,P1,the pot holds the pea,mp,141257620,,,,,,,,,
,,P2,the pot holds the key,mp,308789171,,,,,,,,,
,,P3,the pot holds the tea,mp,89461159,,,,,,,,,
,,S1,the pot holds the cactus,coord,307663814,,,,,,,,,
,,S2,x,x,x,,,,,,,,,
,,Un,the pot holds the carrot,un,40789309,,,,,,,,,
,,Un,x,x,x,,,,,,,,,
,,,,,,,,,,,,,,
A,key,,Linguistic unit,P type,Image ID,Male 1,Male 2,Female 2,,,Freq bin,Conc bin,Syllable,
,,Target,the pot holds the key,target,308789171,M1_Noun_intransitivePPend_47,,F2_Noun_intransitivePPend_47,,,6,7,1,
,,P1,the pot holds the tea,mp,89461159,,,,,,,,,
,,P2,the pot holds the pea,mp,141257620,,,,,,,,,
,,P3,the pot holds the tree,mp,97054988,,,,,,,,,
,,S1,the pot holds the lock,assoc,40884034,,,,,,,,,
,,S2,x,x,x,,,,,,,,,
,,Un,the pot holds the cactus,un,307663814,,,,,,,,,
,,Un,x,x,x,,,,,,,,,
,,,,,,,,,,,,,,
