1,she,,Linguistic unit,P type,Image ID,Female 1,Female 2,Male 1,Male 3,Male 2,Freq bin,Conc bin,Syllable,
,run,target,she runs,target,100144160,,F2_Pronoun_personal_1,,,M2_Pronoun_personal_1,8,7,1,0
,,Foil 1,he runs,male,98478128,,,,,,,,,
,,Foil 2,they run,plural,41851632,,,,,,,,,
,,Other,running shoes,un,39355348,,,,,,,,,
,,Other,water bottle,un,12522351,,,,,,,,,
,,,,,,,,,,,,,,
,,,,,,,,,,,,,,
,,,,,,,,,,,,,,
,,,,,,,,,,,,,,
2,she,,Linguistic unit,P type,Image ID,Female 1,Female 2,Male 1,Male 3,Male 2,Freq bin,Conc bin,Syllable,
,lick,target,she licks,target,103353431,F1_Pronoun_personal_2,,,M3_Pronoun_personal_2,,6,8,1,
,,foil 1,he licks,male,47401462,,,,,,,,,
,,foil 2,they lick,plural,14525412,,,,,,,,,
,,other,mouth,un,16776497,,,,,,,,,
,,other,icecream,un,115520299,,,,,,,,,
,,,,,,,,,,,,,,
,,,,,,,,,,,,,,
,,,,,,,,,,,,,,
,,,,,,,,,,,,,,
3,she,,Linguistic unit,P type,Image ID,Female 1,Female 2,Male 1,Male 3,Male 2,Freq bin,Conc bin,Syllable,
,cycle,Target,she cycles,target,164236085,F1_Pronoun_personal_3,,,M3_Pronoun_personal_3,,5,7,2,
,,Foil 1,he cycles,male,34482521,,,,,,,,,
,,Foil 2,they cycle,plural,141946663,,,,,,,,,
,,Other,bike,un,325745795,,,,,,,,,
,,Other,helmet,un,53790160,,,,,,,,,
,,,,,,,,,,,,,,
,,,,,,,,,,,,,,
,,,,,,,,,,,,,,
,,,,,,,,,,,,,,
4,she,,Linguistic unit,P type,Image ID,Female 1,Female 2,Male 1,Male 3,Male 2,Freq bin,Conc bin,Syllable,
,wrap,target,she wraps up,target,125317343,F1_Pronoun_personal_4,,,M3_Pronoun_personal_4,,7,7,1,
,,foil 1,he wraps up,male,28666396,,,,,,,,,
,,foil 2,they wrap up,plural,330397961,,,,,,,,,
,,other,hat and gloves,un,29252820,,,,,,,,,
,,other,hat and gloves,un,169576079,,,,,,,,,
,,,,,,,,,,,,,,
,,,,,,,,,,,,,,
,,,,,,,,,,,,,,
,,,,,,,,,,,,,,
5,she,,Linguistic unit,P type,Image ID,Female 1,Female 2,Male 1,Male 3,Male 2,Freq bin,Conc bin,Syllable,
,stand,Target,she stands,target,33119890,,F2_Pronoun_personal_5,,,M2_Pronoun_personal_5,8,7,1,
,,Foil 1,he stands,male,29524403,,,,,,,,,
,,Foil 2,they stand,plural,5045122,,,,,,,,,
,,Other,shoes,un,100100117,,,,,,,,,
,,Other,foot,un,700001,,,,,,,,,
,,,,,,,,,,,,,,
,,,,,,,,,,,,,,
,,,,,,,,,,,,,,
,,,,,,,,,,,,,,
6,she,,Linguistic unit,P type,Image ID,Female 1,Female 2,Male 1,Male 3,Male 2,Freq bin,Conc bin,Syllable,
,collect,Target,she collects,target,26764473,F1_Pronoun_personal_6,,,M3_Pronoun_personal_6,,7,5,2,
,,Foil 1,he collects,male,210744133,,,,,,,,,
,,Foil 2,they collects,plural,102603500,,,,,,,,,
,,Other,mushrooms,un,220721464,,,,,,,,,
,,Other,basket,un,11339844,,,,,,,,,
,,,,,,,,,,,,,,
,,,,,,,,,,,,,,
,,,,,,,,,,,,,,
,,,,,,,,,,,,,,
7,she,,Linguistic unit,P type,Image ID,Female 1,Female 2,Male 1,Male 3,Male 2,Freq bin,Conc bin,Syllable,
,play,Target,she plays,target,917512,F1_Pronoun_personal_7,,,M3_Pronoun_personal_7,,8,5,1,
,,Foil 1,he plays,male,282933527,,,,,,,,,
,,Foil 2,they play,plural,18281970,,,,,,,,,
,,Other,instrument,un,16517374,,,,,,,,,
,,Other,microphone,un,556925,,,,,,,,,
,,,,,,,,,,,,,,
,,,,,,,,,,,,,,
,,,,,,,,,,,,,,
,,,,,,,,,,,,,,
8,she,,Linguistic unit,P type,Image ID,Female 1,Female 2,Male 1,Male 3,Male 2,Freq bin,Conc bin,Syllable,
,eat,Target,she eats,target,240210358,F1_Pronoun_personal_8,,,M3_Pronoun_personal_8,,8,7,1,
,,Foil 1,he eats,male,322932869,,,,,,,,,
,,Foil 2,they eat,plural,207120154,,,,,,,,,
,,Other,food,un,1684878,,,,,,,,,
,,Other,cutlery,un,279902690,,,,,,,,,
,,,,,,,,,,,,,,
,,,,,,,,,,,,,,
,,,,,,,,,,,,,,
,,,,,,,,,,,,,,
9,she,,Linguistic unit,P type,Image ID,Female 1,Female 2,Male 1,Male 3,Male 2,Freq bin,Conc bin,Syllable,
,fly,Target,she flies,target,31684154,F1_Pronoun_personal_9,,,M3_Pronoun_personal_9,,8,8,1,
,,Foil 1,he flies,male,30873232,,,,,,,,,
,,Foil 2,they fly,plural,200810882,,,,,,,,,
,,Other,fly,un,275672639,,,,,,,,,
,,Other,plane,un,119845582,,,,,,,,,
,,,,,,,,,,,,,,
,,,,,,,,,,,,,,
,,,,,,,,,,,,,,
,,,,,,,,,,,,,,
10,she,,Linguistic unit,P type,Image ID,Female 1,Female 2,Male 1,Male 3,Male 2,Freq bin,Conc bin,Syllable,
,ride,Target,she rides,target,27169607,F1_Pronoun_personal_10,,,M3_Pronoun_personal_10,,3,6,1,
,,Foil 1,he rides,male,26646892,,,,,,,,,
,,Foil 2,they ride,plural,95194951,,,,,,,,,
,,Other,bike,un,325745795,,,,,,,,,
,,Other,helmet,un,53790160,,,,,,,,,
,,,,,,,,,,,,,,
,,,,,,,,,,,,,,
,,,,,,,,,,,,,,
,,,,,,,,,,,,,,
11,she,,Linguistic unit,P type,Image ID,Female 1,Female 2,Male 1,Male 3,Male 2,Freq bin,Conc bin,Syllable,
,jump,Target,she jumps,target,705655,F1_Pronoun_personal_11,,,M3_Pronoun_personal_11,,6,8,1,
,,Foil 1,he jumps,male,185622278,,,,,,,,,
,,Foil 2,they jump,plural,57416071,,,,,,,,,
,,Other,trampoline,un,216671602,,,,,,,,,
,,Other,frog,un,20407314,,,,,,,,,
,,,,,,,,,,,,,,
,,,,,,,,,,,,,,
,,,,,,,,,,,,,,
,,,,,,,,,,,,,,
12,she,,Linguistic unit,P type,Image ID,Female 1,Female 2,Male 1,Male 3,Male 2,Freq bin,Conc bin,Syllable,
,smile,Target,she smiles,target,25247848,F1_Pronoun_personal_12,,,M3_Pronoun_personal_12,,6,7,2,
,,Foil 1,he smiles,male,35314865,,,,,,,,,
,,Foil 2,they smile,plural,1451624,,,,,,,,,
,,Other,lips,un,16776497,,,,,,,,,
,,Other,gift,un,275203676,,,,,,,,,
,,,,,,,,,,,,,,
,,,,,,,,,,,,,,
,,,,,,,,,,,,,,
,,,,,,,,,,,,,,
14,she,,Linguistic unit,P type,Image ID,Female 1,Female 2,Male 1,Male 3,Male 2,Freq bin,Conc bin,Syllable,
,walk,Target,she walks,target,32278607,F1_Pronoun_personal_14,,,M3_Pronoun_personal_14,,8,7,1,
,,Foil 1,he walks,male,54626915,,,,,,,,,
,,Foil 2,they walk,plural,46941883,,,,,,,,,
,,Other,shoes,un,100100117,,,,,,,,,
,,Other,path,un,21213726,,,,,,,,,
,,,,,,,,,,,,,,
,,,,,,,,,,,,,,
,,,,,,,,,,,,,,
,,,,,,,,,,,,,,
15,she,,Linguistic unit,P type,Image ID,Female 1,Female 2,Male 1,Male 3,Male 2,Freq bin,Conc bin,Syllable,
,row,Target,she rows,target,16714930,F1_Pronoun_personal_15,,,M3_Pronoun_personal_15,,4,6,1,
,,Foil 1,he rows,male,148515005,,,,,,,,,
,,Foil 2,they row,plural,46902715,,,,,,,,,
,,Other,oar,un,180577271,,,,,,,,,
,,Other,boat,un,12345678,,,,,,,,,
,,,,,,,,,,,,,,
,,,,,,,,,,,,,,
,,,,,,,,,,,,,,
,,,,,,,,,,,,,,
16,she,,Linguistic unit,P type,Image ID,Female 1,Female 2,Male 1,Male 3,Male 2,Freq bin,Conc bin,Syllable,
,pack,Target,she packs,target,31447604,F1_Pronoun_personal_16,,,M3_Pronoun_personal_16,,7,6,1,
,,Foil 1,he packs,male,267137366,,,,,,,,,
,,Foil 2,they pack,plural,39233433,,,,,,,,,
,,Other,box,un,20645333,,,,,,,,,
,,Other,crate,un,112430936,,,,,,,,,
,,,,,,,,,,,,,,
,,,,,,,,,,,,,,
,,,,,,,,,,,,,,
,,,,,,,,,,,,,,
17,she,,Linguistic unit,P type,Image ID,Female 1,Female 2,Male 1,Male 3,Male 2,Freq bin,Conc bin,Syllable,
,saw,Target,she saws,target,25888349,F1_Pronoun_personal_17,,,M3_Pronoun_personal_17,,8,7,1,
,,Foil 1,he saws,male,217821505,,,,,,,,,
,,Foil 2,they saw,plural,97107689,,,,,,,,,
,,Other,saw,un,114635122,,,,,,,,,
,,Other,saw,un,277040582,,,,,,,,,
,,,,,,,,,,,,,,
,,,,,,,,,,,,,,
,,,,,,,,,,,,,,
,,,,,,,,,,,,,,
18,she,,Linguistic unit,P type,Image ID,Female 1,Female 2,Male 1,Male 3,Male 2,Freq bin,Conc bin,Syllable,
,dine,Target,she dines,target,16601710,F1_Pronoun_personal_18,,,M3_Pronoun_personal_18,,6,5,1,
,,Foil 1,he dines,male,328727594,,,,,,,,,
,,Foil 2,they dine,plural,31696184,,,,,,,,,
,,Other,dinner,un,292671560,,,,,,,,,
,,Other,table,un,138968120,,,,,,,,,
,,,,,,,,,,,,,,
,,,,,,,,,,,,,,
,,,,,,,,,,,,,,
,,,,,,,,,,,,,,
19,she,,Linguistic unit,P type,Image ID,Female 1,Female 2,Male 1,Male 3,Male 2,Freq bin,Conc bin,Syllable,
,choose,Target,she chooses,target,142786321,F1_Pronoun_personal_19,,,M3_Pronoun_personal_19,,8,4,1,
,,Foil 1,he chooses,male,296267624,,,,,,,,,
,,Foil 2,they choose,plural,152315105,,,,,,,,,
,,Other,rug shop,un,296955608,,,,,,,,,
,,Other,vegetable platter,un,35749240,,,,,,,,,
,,,,,,,,,,,,,,
,,,,,,,,,,,,,,
,,,,,,,,,,,,,,
,,,,,,,,,,,,,,
20,she,,Linguistic unit,P type,Image ID,Female 1,Female 2,Male 1,Male 3,Male 2,Freq bin,Conc bin,Syllable,
,buy,Target,she buys,target,168680933,F1_Pronoun_personal_20,,,M3_Pronoun_personal_20,,8,5,1,
,,Foil 1,he buys,male,92386033,,,,,,,,,
,,Foil 2,they buy,plural,35900025,,,,,,,,,
,,Other,wallet,un,38785265,,,,,,,,,
,,Other,money,un,236808625,,,,,,,,,
,,,,,,,,,,,,,,
,,,,,,,,,,,,,,
,,,,,,,,,,,,,,
,,,,,,,,,,,,,,
21,she,,Linguistic unit,P type,Image ID,Female 1,Female 2,Male 1,Male 3,Male 2,Freq bin,Conc bin,Syllable,
,sleep,Target,she sleeps,target,50777744,F1_Pronoun_personal_21,,,M3_Pronoun_personal_21,,8,7,1,
,,Foil 1,he sleeps,male,52087934,,,,,,,,,
,,Foil 2,they sleep,plural,3344491,,,,,,,,,
,,Other,bed,un,33724414,,,,,,,,,
,,Other,pillow,un,12396319,,,,,,,,,
,,,,,,,,,,,,,,
,,,,,,,,,,,,,,
,,,,,,,,,,,,,,
,,,,,,,,,,,,,,
22,she,,Linguistic unit,P type,Image ID,Female 1,Female 2,Male 1,Male 3,Male 2,Freq bin,Conc bin,Syllable,
,drink,Target,she drinks,target,26841648,,F2_Pronoun_personal_22,,M3_Pronoun_personal_22,,6,7,1,
,,Foil 1,he drinks,male,19031322,,,,,,,,,
,,Foil 2,they drink,plural,37723051,,,,,,,,,
,,Other,drink,un,28931146,,,,,,,,,
,,Other,cup,un,33978516,,,,,,,,,
,,,,,,,,,,,,,,
,,,,,,,,,,,,,,
,,,,,,,,,,,,,,
,,,,,,,,,,,,,,
23,she,,Linguistic unit,P type,Image ID,Female 1,Female 2,Male 1,Male 3,Male 2,Freq bin,Conc bin,Syllable,
,rock,Target,she rocks,target,14145437,,F2_Pronoun_personal_23,,M3_Pronoun_personal_23,,6,5,1,
,,Foil 1,he rocks,male,26845054,,,,,,,,,
,,Foil 2,they rock,plural,28775369,,,,,,,,,
,,Other,rocking chair,un,3436172,,,,,,,,,
,,Other,rocking horse,un,11895991,,,,,,,,,
,,,,,,,,,,,,,,
,,,,,,,,,,,,,,
,,,,,,,,,,,,,,
,,,,,,,,,,,,,,
25,she,,Linguistic unit,P type,Image ID,Female 1,Female 2,Male 1,Male 3,Male 2,Freq bin,Conc bin,Syllable,
,cry,target,she cries,target,29925193,,F2_Pronoun_personal_25,,M3_Pronoun_personal_25,,8,7,1,
,,foil 1,he cries,male,47099760,,,,,,,,,
,,foil 2,they cry,plural,196020533,,,,,,,,,
,,other,tissue,un,140848453,,,,,,,,,
,,other,grave,un,313803443,,,,,,,,,
,,,,,,,,,,,,,,
,,,,,,,,,,,,,,
,,,,,,,,,,,,,,
,,,,,,,,,,,,,,
26,she,,Linguistic unit,P type,Image ID,Female 1,Female 2,Male 1,Male 3,Male 2,Freq bin,Conc bin,Syllable,
,sing,Target,she sings,target,32513182,,F2_Pronoun_personal_26,,M3_Pronoun_personal_26,,8,7,1,
,,Foil 1,he sings,male,13305066,,,,,,,,,
,,Foil 2,they sing,plural,323577425,,,,,,,,,
,,Other,lips,un,16776497,,,,,,,,,
,,Other,microphone,un,556925,,,,,,,,,
,,,,,,,,,,,,,,
,,,,,,,,,,,,,,
,,,,,,,,,,,,,,
,,,,,,,,,,,,,,
28,she,,Linguistic unit,P type,Image ID,Female 1,Female 2,Male 1,Male 3,Male 2,Freq bin,Conc bin,Syllable,
,paint,target,she paints,target,73113829,,F2_Pronoun_personal_28,,M3_Pronoun_personal_28,,8,8,1,
,,foil 1,he paints,male,37101451,,,,,,,,,
,,foil 2,they paint,plural,250769230,,,,,,,,,
,,other,paint,un,118840624,,,,,,,,,
,,other,brush,un,93580291,,,,,,,,,
,,,,,,,,,,,,,,
,,,,,,,,,,,,,,
,,,,,,,,,,,,,,
,,,,,,,,,,,,,,
30,she,,Linguistic unit,P type,Image ID,Female 1,Female 2,Male 1,Male 3,Male 2,Freq bin,Conc bin,Syllable,
,build,Target,she builds,target,165649502,,F2_Pronoun_personal_30,,M3_Pronoun_personal_30,,8,6,1,
,,Foil 1,he builds,male,115217656,,,,,,,,,
,,Foil 2,they build,plural,53329453,,,,,,,,,
,,Other,hammer,un,221714875,,,,,,,,,
,,Other,helmet,un,4075903,,,,,,,,,
,,,,,,,,,,,,,,
,,,,,,,,,,,,,,
,,,,,,,,,,,,,,
,,,,,,,,,,,,,,
33,she,,Linguistic unit,P type,Image ID,Female 1,Female 2,Male 1,Male 3,Male 2,Freq bin,Conc bin,Syllable,
,stroke,target,she strokes,target,1329772,,F2_Pronoun_personal_33,,M3_Pronoun_personal_33,,4,7,1,
,,foil 1,he strokes,male,50493080,,,,,,,,,
,,foil 2,they stroke,plural,116496205,,,,,,,,,
,,other,dog,un,132126536,,,,,,,,,
,,other,hand,un,300833372,,,,,,,,,
,,,,,,,,,,,,,,
,,,,,,,,,,,,,,
,,,,,,,,,,,,,,
,,,,,,,,,,,,,,
34,she,,Linguistic unit,P type,Image ID,Female 1,Female 2,Male 1,Male 3,Male 2,Freq bin,Conc bin,Syllable,
,carry,target,she carries,target,32278607,,F2_Pronoun_personal_34,,M3_Pronoun_personal_34,,8,7,2,
,,foil 1,he carries,male,54626915,,,,,,,,,
,,foil 2,they carry,plural,18560188,,,,,,,,,
,,other,hand,un,300833372,,,,,,,,,
,,other,bag,un,6355906,,,,,,,,,
,,,,,,,,,,,,,,
,,,,,,,,,,,,,,
,,,,,,,,,,,,,,
,,,,,,,,,,,,,,
35,she,,Linguistic otherit,P type,Image ID,Female 1,Female 2,Male 1,Male 3,Male 2,Freq bin,Conc bin,Syllable,
,recycle,target,she recycles,target,195090890,,F2_Pronoun_personal_214,M1_Pronoun_personal_103,,,6,4,3,
,,Foil 1,he recycles,male,194307287,,,,,,,,,
,,Foil 2,they recycle,plural,216583432,,,,,,,,,
,,Other,bin,other,41314,,,,,,,,,
,,Other,bin truck,other,9686552,,,,,,,,,
,,,,,,,,,,,,,,
,,,,,,,,,,,,,,
,,,,,,,,,,,,,,
,,,,,,,,,,,,,,
36,she,,Linguistic otherit,P type,Image ID,Female 1,Female 2,Male 1,Male 3,Male 2,Freq bin,Conc bin,Syllable,
,kick,target,she kicks,target,4710661,,F2_Pronoun_personal_215,M1_Pronoun_personal_104,,,7,7,1,
,,Foil 1,he kicks,male,257173849,,,,,,,,,
,,Foil 2,they kick,plural,283997081,,,,,,,,,
,,Other,ball and shes,other,195946388,,,,,,,,,
,,Other,goalpost,other,7273203,,,,,,,,,
,,,,,,,,,,,,,,
,,,,,,,,,,,,,,
,,,,,,,,,,,,,,
,,,,,,,,,,,,,,
37,she,,Linguistic otherit,P type,Image ID,Female 1,Female 2,Male 1,Male 3,Male 2,Freq bin,Conc bin,Syllable,
,sweep,target,she sweeps,target,294469775,,F2_Pronoun_personal_216,M1_Pronoun_personal_105,,,5,6,1,
,,Foil 1,he sweeps,male,257586442,,,,,,,,,
,,Foil 2,they sweep,plural,756954215,,,,,,,,,
,,Other,broom,other,71680558,,,,,,,,,
,,Other,dustpan,other,215384356,,,,,,,,,
,,,,,,,,,,,,,,
,,,,,,,,,,,,,,
,,,,,,,,,,,,,,
,,,,,,,,,,,,,,
38,she,,Linguistic otherit,P type,Image ID,Female 1,Female 2,Male 1,Male 3,Male 2,Freq bin,Conc bin,Syllable,
,leave,target,she leaves,target,690887,,F2_Pronoun_personal_217,M1_Pronoun_personal_106,,,8,4,1,
,,Foil 1,he leaves,male,44336973,,,,,,,,,
,,Foil 2,they leave,plural,6080655,,,,,,,,,
,,Other,door,other,250857736,,,,,,,,,
,,Other,leaves,other,546628555,,,,,,,,,
,,,,,,,,,,,,,,
,,,,,,,,,,,,,,
,,,,,,,,,,,,,,
,,,,,,,,,,,,,,
39,she,,Linguistic otherit,P type,Image ID,Female 1,Female 2,Male 1,Male 3,Male 2,Freq bin,Conc bin,Syllable,
,shoot,target,she shoots,target,40871113,,F2_Pronoun_personal_218,M1_Pronoun_personal_107,,,8,6,1,
,,Foil 1,he shoots,male,246542533,,,,,,,,,
,,Foil 2,they shoot,plural,33860562,,,,,,,,,
,,Other,gother,other,297191459,,,,,,,,,
,,Other,crossbow,other,147142298,,,,,,,,,
,,,,,,,,,,,,,,
,,,,,,,,,,,,,,
,,,,,,,,,,,,,,
,,,,,,,,,,,,,,
40,she,,Linguistic otherit,P type,Image ID,Female 1,Female 2,Male 1,Male 3,Male 2,Freq bin,Conc bin,Syllable,
,phone,target,she phones,target,126153506,,F2_Pronoun_personal_219,M1_Pronoun_personal_108,,,7,5,1,
,,Foil 1,he phones,male,87275050,,,,,,,,,
,,Foil 2,they phone,plural,147986423,,,,,,,,,
,,Other,phone,other,261279464,,,,,,,,,
,,Other,mobile,other,14152486,,,,,,,,,
,,,,,,,,,,,,,,
,,,,,,,,,,,,,,
,,,,,,,,,,,,,,
,,,,,,,,,,,,,,
41,she,,Linguistic otherit,P type,Image ID,Female 1,Female 2,Male 1,Male 3,Male 2,Freq bin,Conc bin,Syllable,
,rest,target,she rests,target,308565029,,F2_Pronoun_personal_220,M1_Pronoun_personal_109,,,6,6,1,
,,Foil 1,he rests,male,194875598,,,,,,,,,
,,Foil 2,they rest,plural,150108806,,,,,,,,,
,,Other,chair,other,231290476,,,,,,,,,
,,Other,bed,other,33724414,,,,,,,,,
,,,,,,,,,,,,,,
,,,,,,,,,,,,,,
,,,,,,,,,,,,,,
,,,,,,,,,,,,,,
42,she,,Linguistic otherit,P type,Image ID,Female 1,Female 2,Male 1,Male 3,Male 2,Freq bin,Conc bin,Syllable,
,call,target,she calls,target,126153506,,F2_Pronoun_personal_221,M1_Pronoun_personal_110,,,8,5,1,
,,Foil 1,he calls,male,87275050,,,,,,,,,
,,Foil 2,they call,plural,147986423,,,,,,,,,
,,Other,phone,other,261279464,,,,,,,,,
,,Other,phone,other,14152486,,,,,,,,,
,,,,,,,,,,,,,,
,,,,,,,,,,,,,,
,,,,,,,,,,,,,,
,,,,,,,,,,,,,,
43,she,,Linguistic otherit,P type,Image ID,Female 1,Female 2,Male 1,Male 3,Male 2,Freq bin,Conc bin,Syllable,
,talk,target,she talks,target,5754415,,F2_Pronoun_personal_222,M1_Pronoun_personal_111,,,8,6,1,
,,Foil 1,he talks,male,87275050,,,,,,,,,
,,Foil 2,they talk,plural,289765559,,,,,,,,,
,,Other,mouth,other,16776497,,,,,,,,,
,,Other,microphone,other,556925,,,,,,,,,
,,,,,,,,,,,,,,
,,,,,,,,,,,,,,
,,,,,,,,,,,,,,
,,,,,,,,,,,,,,
44,she,,Linguistic otherit,P type,Image ID,Female 1,Female 2,Male 1,Male 3,Male 2,Freq bin,Conc bin,Syllable,
,hit,target,she hits,target,55254485,,F2_Pronoun_personal_223,M1_Pronoun_personal_112,,,8,7,1,
,,Foil 1,he hits,male,268614719,,,,,,,,,
,,Foil 2,they hit,plural,362490938,,,,,,,,,
,,Other,fist,other,14094666,,,,,,,,,
,,Other,bruise,other,136606469,,,,,,,,,
,,,,,,,,,,,,,,
,,,,,,,,,,,,,,
,,,,,,,,,,,,,,
,,,,,,,,,,,,,,
46,she,,Linguistic otherit,P type,Image ID,Female 1,Female 2,Male 1,Male 3,Male 2,Freq bin,Conc bin,Syllable,
,catch,target,she catches,target,297838277,,F2_Pronoun_personal_224,M1_Pronoun_personal_114,,,8,7,1,
,,Foil 1,he catches,male,115153567,,,,,,,,,
,,Foil 2,they catch,plural,193124501,,,,,,,,,
,,Other,hands,other,300833372,,,,,,,,,
,,Other,ball,other,40167793,,,,,,,,,
,,,,,,,,,,,,,,
,,,,,,,,,,,,,,
,,,,,,,,,,,,,,
,,,,,,,,,,,,,,
47,she,,Linguistic otherit,P type,Image ID,Female 1,Female 2,Male 1,Male 3,Male 2,Freq bin,Conc bin,Syllable,
,fight,target,she fights,target,55254485,,F2_Pronoun_personal_225,M1_Pronoun_personal_115,,,8,7,1,
,,Foil 1,he fights,male,268614719,,,,,,,,,
,,Foil 2,they fight,plural,122451379,,,,,,,,,
,,Other,ambulance,other,35015805,,,,,,,,,
,,Other,boxing glove,other,348652031,,,,,,,,,
,,,,,,,,,,,,,,
,,,,,,,,,,,,,,
,,,,,,,,,,,,,,
,,,,,,,,,,,,,,
48,she,,Linguistic otherit,P type,Image ID,Female 1,Female 2,Male 1,Male 3,Male 2,Freq bin,Conc bin,Syllable,
,cook,target,she cooks,target,38187136,,F2_Pronoun_personal_226,M1_Pronoun_personal_116,,,8,7,1,
,,Foil 1,he cooks,male,43831996,,,,,,,,,
,,Foil 2,they cook,plural,217555006,,,,,,,,,
,,Other,cooker,other,5789274,,,,,,,,,
,,Other,pan,other,5842715,,,,,,,,,
,,,,,,,,,,,,,,
,,,,,,,,,,,,,,
,,,,,,,,,,,,,,
,,,,,,,,,,,,,,
49,she,,Linguistic otherit,P type,Image ID,Female 1,Female 2,Male 1,Male 3,Male 2,Freq bin,Conc bin,Syllable,
,fall,target,she falls,target,33569378,,F2_Pronoun_personal_227,M1_Pronoun_personal_117,,,8,7,1,
,,Foil 1,he falls,male,213024565,,,,,,,,,
,,Foil 2,they fall,plural,325795802,,,,,,,,,
,,Other,ladder,other,155314385,,,,,,,,,
,,Other,ambulance,other,35015805,,,,,,,,,
,,,,,,,,,,,,,,
,,,,,,,,,,,,,,
,,,,,,,,,,,,,,
,,,,,,,,,,,,,,
,he,,Linguistic unit,P type,Image ID,Female 1,Female 2,Male 1,Male 3,,Freq bin,Conc bin,Syllable,
,run,target,he runs,target,98478128,,F2_Pronoun_personal_35,,M3_Pronoun_personal_35,,8,7,1,
,,Foil 1,she runs,female,100144160,,,,,,,,,
,,Foil 2,they run,plural,41851632,,,,,,,,,
,,Other,running shoes,un,39355348,,,,,,,,,
,,Other,water bottle,un,12522351,,,,,,,,,
,,,,,,,,,,,,,,
,,,,,,,,,,,,,,
,,,,,,,,,,,,,,
,,,,,,,,,,,,,,
,he,,Linguistic unit,P type,Image ID,Female 1,Female 2,Male 1,Male 3,,Freq bin,Conc bin,Syllable,
,lick,target,he licks,target,47401462,F1_Pronoun_personal_36,,,M3_Pronoun_personal_36,,6,8,1,
,,foil 1,she licks,female,103353431,,,,,,,,,
,,foil 2,they lick,plural,14525412,,,,,,,,,
,,other,mouth,un,16776497,,,,,,,,,
,,other,icecream,un,115520299,,,,,,,,,
,,,,,,,,,,,,,,
,,,,,,,,,,,,,,
,,,,,,,,,,,,,,
,,,,,,,,,,,,,,
,he,,Linguistic unit,P type,Image ID,Female 1,Female 2,Male 1,Male 3,,Freq bin,Conc bin,Syllable,
,cycle,Target,he cycles,target,34482521,F1_Pronoun_personal_37,,,M3_Pronoun_personal_37,,5,7,2,
,,Foil 1,she cycles,female,164236085,,,,,,,,,
,,Foil 2,they cycle,plural,141946663,,,,,,,,,
,,Other,bike,un,325745795,,,,,,,,,
,,Other,helmet,un,53790160,,,,,,,,,
,,,,,,,,,,,,,,
,,,,,,,,,,,,,,
,,,,,,,,,,,,,,
,,,,,,,,,,,,,,
,he,,Linguistic unit,P type,Image ID,Female 1,Female 2,Male 1,Male 3,,Freq bin,Conc bin,Syllable,
,wrap,target,he wraps up,target,28666396,F1_Pronoun_personal_38,,,M3_Pronoun_personal_38,,7,7,1,
,,foil 1,she wraps up,female,125317343,,,,,,,,,
,,foil 2,they wrap up,plural,330397961,,,,,,,,,
,,other,hat and gloves,un,29252820,,,,,,,,,
,,other,hat and gloves,un,169576079,,,,,,,,,
,,,,,,,,,,,,,,
,,,,,,,,,,,,,,
,,,,,,,,,,,,,,
,,,,,,,,,,,,,,
,he,,Linguistic unit,P type,Image ID,Female 1,Female 2,Male 1,Male 3,,Freq bin,Conc bin,Syllable,
,stand,Target,he stands,target,29524403,,F2_Pronoun_personal_39,,M3_Pronoun_personal_39,,8,7,1,
,,Foil 1,she stands,female,33119890,,,,,,,,,
,,Foil 2,they stand,plural,5045122,,,,,,,,,
,,Other,shoes,un,100100117,,,,,,,,,
,,Other,foot,un,700001,,,,,,,,,
,,,,,,,,,,,,,,
,,,,,,,,,,,,,,
,,,,,,,,,,,,,,
,,,,,,,,,,,,,,
,he,,Linguistic unit,P type,Image ID,Female 1,Female 2,Male 1,Male 3,,Freq bin,Conc bin,Syllable,
,collect,Target,he collects,target,210744133,F1_Pronoun_personal_40,,,M3_Pronoun_personal_40,,7,5,2,
,,Foil 1,she collects,female,26764473,,,,,,,,,
,,Foil 2,they collects,plural,102603500,,,,,,,,,
,,Other,mushrooms,un,220721464,,,,,,,,,
,,Other,basket,un,11339844,,,,,,,,,
,,,,,,,,,,,,,,
,,,,,,,,,,,,,,
,,,,,,,,,,,,,,
,,,,,,,,,,,,,,
,he,,Linguistic unit,P type,Image ID,Female 1,Female 2,Male 1,Male 3,,Freq bin,Conc bin,Syllable,
,play,Target,he plays,target,282933527,F1_Pronoun_personal_41,,,M3_Pronoun_personal_41,,8,5,1,
,,Foil 1,she plays,female,917512,,,,,,,,,
,,Foil 2,they play,plural,18281970,,,,,,,,,
,,Other,instrument,un,16517374,,,,,,,,,
,,Other,microphone,un,556925,,,,,,,,,
,,,,,,,,,,,,,,
,,,,,,,,,,,,,,
,,,,,,,,,,,,,,
,,,,,,,,,,,,,,
,he,,Linguistic unit,P type,Image ID,Female 1,Female 2,Male 1,Male 3,,Freq bin,Conc bin,Syllable,
,eat,Target,he eats,target,322932869,F1_Pronoun_personal_42,,,M3_Pronoun_personal_42,,8,7,1,
,,Foil 1,she eats,female,240210358,,,,,,,,,
,,Foil 2,they eat,plural,207120154,,,,,,,,,
,,Other,food,un,1684878,,,,,,,,,
,,Other,cutlery,un,279902690,,,,,,,,,
,,,,,,,,,,,,,,
,,,,,,,,,,,,,,
,,,,,,,,,,,,,,
,,,,,,,,,,,,,,
,he,,Linguistic unit,P type,Image ID,Female 1,Female 2,Male 1,Male 3,,Freq bin,Conc bin,Syllable,
,fly,Target,he flies,target,30873232,F1_Pronoun_personal_43,,,M3_Pronoun_personal_43,,8,8,1,
,,Foil 1,she flies,female,31684154,,,,,,,,,
,,Foil 2,they fly,plural,200810882,,,,,,,,,
,,Other,fly,un,275672639,,,,,,,,,
,,Other,plane,un,119845582,,,,,,,,,
,,,,,,,,,,,,,,
,,,,,,,,,,,,,,
,,,,,,,,,,,,,,
,,,,,,,,,,,,,,
,he,,Linguistic unit,P type,Image ID,Female 1,Female 2,Male 1,Male 3,,Freq bin,Conc bin,Syllable,
,ride,Target,he rides,target,26646892,F1_Pronoun_personal_44,,,M3_Pronoun_personal_44,,3,6,1,
,,Foil 1,she rides,female,27169607,,,,,,,,,
,,Foil 2,they ride,plural,95194951,,,,,,,,,
,,Other,bike,un,325745795,,,,,,,,,
,,Other,helmet,un,53790160,,,,,,,,,
,,,,,,,,,,,,,,
,,,,,,,,,,,,,,
,,,,,,,,,,,,,,
,,,,,,,,,,,,,,
,he,,Linguistic unit,P type,Image ID,Female 1,Female 2,Male 1,Male 3,,Freq bin,Conc bin,Syllable,
,jump,Target,he jumps,target,185622278,F1_Pronoun_personal_45,,,M3_Pronoun_personal_45,,6,8,1,
,,Foil 1,she jumps,female,705655,,,,,,,,,
,,Foil 2,they jump,plural,57416071,,,,,,,,,
,,Other,trampoline,un,216671602,,,,,,,,,
,,Other,frog,un,20407314,,,,,,,,,
,,,,,,,,,,,,,,
,,,,,,,,,,,,,,
,,,,,,,,,,,,,,
,,,,,,,,,,,,,,
,he,,Linguistic unit,P type,Image ID,Female 1,Female 2,Male 1,Male 3,,Freq bin,Conc bin,Syllable,
,smile,Target,he smiles,target,35314865,F1_Pronoun_personal_46,,,M3_Pronoun_personal_46,,6,7,2,
,,Foil 1,she smiles,female,25247848,,,,,,,,,
,,Foil 2,they smile,plural,1451624,,,,,,,,,
,,Other,lips,un,16776497,,,,,,,,,
,,Other,gift,un,275203676,,,,,,,,,
,,,,,,,,,,,,,,
,,,,,,,,,,,,,,
,,,,,,,,,,,,,,
,,,,,,,,,,,,,,
,he,,Linguistic unit,P type,Image ID,Female 1,Female 2,Male 1,Male 3,,Freq bin,Conc bin,Syllable,
,walk,Target,he walks,target,54626915,,F2_Pronoun_personal_48,,M3_Pronoun_personal_48,,8,7,1,
,,Foil 1,she walks,female,32278607,,,,,,,,,
,,Foil 2,they walk,plural,46941883,,,,,,,,,
,,Other,shoes,un,100100117,,,,,,,,,
,,Other,path,un,21213726,,,,,,,,,
,,,,,,,,,,,,,,
,,,,,,,,,,,,,,
,,,,,,,,,,,,,,
,,,,,,,,,,,,,,
,he,,Linguistic unit,P type,Image ID,Female 1,Female 2,Male 1,Male 3,,Freq bin,Conc bin,Syllable,
,row,Target,he rows,target,148515005,F1_Pronoun_personal_49,,,M3_Pronoun_personal_49,,4,6,1,
,,Foil 1,she rows,female,16714930,,,,,,,,,
,,Foil 2,they row,plural,46902715,,,,,,,,,
,,Other,oar,un,180577271,,,,,,,,,
,,Other,boat,un,12345678,,,,,,,,,
,,,,,,,,,,,,,,
,,,,,,,,,,,,,,
,,,,,,,,,,,,,,
,,,,,,,,,,,,,,
,he,,Linguistic unit,P type,Image ID,Female 1,Female 2,Male 1,Male 3,,Freq bin,Conc bin,Syllable,
,pack,Target,he packs,target,267137366,F1_Pronoun_personal_50,,,M3_Pronoun_personal_50,,7,6,1,
,,Foil 1,she packs,female,31447604,,,,,,,,,
,,Foil 2,they pack,plural,39233433,,,,,,,,,
,,Other,box,un,20645333,,,,,,,,,
,,Other,crate,un,112430936,,,,,,,,,
,,,,,,,,,,,,,,
,,,,,,,,,,,,,,
,,,,,,,,,,,,,,
,,,,,,,,,,,,,,
,he,,Linguistic unit,P type,Image ID,Female 1,Female 2,Male 1,Male 3,,Freq bin,Conc bin,Syllable,
,saw,Target,he saws,target,217821505,F1_Pronoun_personal_51,,,M3_Pronoun_personal_51,,8,7,1,
,,Foil 1,she saws,female,25888349,,,,,,,,,
,,Foil 2,they saw,plural,97107689,,,,,,,,,
,,Other,saw,un,114635122,,,,,,,,,
,,Other,crate,un,112430936,,,,,,,,,
,,,,,,,,,,,,,,
,,,,,,,,,,,,,,
,,,,,,,,,,,,,,
,,,,,,,,,,,,,,
,he,,Linguistic unit,P type,Image ID,Female 1,Female 2,Male 1,Male 3,,Freq bin,Conc bin,Syllable,
,dine,Target,he dines,target,328727594,F1_Pronoun_personal_52,,,M3_Pronoun_personal_52,,6,5,1,
,,Foil 1,she dines,female,16601710,,,,,,,,,
,,Foil 2,they dine,plural,31696184,,,,,,,,,
,,Other,dinner,un,292671560,,,,,,,,,
,,Other,table,un,138968120,,,,,,,,,
,,,,,,,,,,,,,,
,,,,,,,,,,,,,,
,,,,,,,,,,,,,,
,,,,,,,,,,,,,,
,he,,Linguistic unit,P type,Image ID,Female 1,Female 2,Male 1,Male 3,,Freq bin,Conc bin,Syllable,
,choose,Target,he chooses,target,296267624,F1_Pronoun_personal_53,,,M3_Pronoun_personal_53,,8,4,1,
,,Foil 1,she chooses,female,142786321,,,,,,,,,
,,Foil 2,they choose,plural,152315105,,,,,,,,,
,,Other,rug shop,un,296955608,,,,,,,,,
,,Other,vegetable platter,un,35749240,,,,,,,,,
,,,,,,,,,,,,,,
,,,,,,,,,,,,,,
,,,,,,,,,,,,,,
,,,,,,,,,,,,,,
,he,,Linguistic unit,P type,Image ID,Female 1,Female 2,Male 1,Male 3,,Freq bin,Conc bin,Syllable,
,buy,Target,he buys,target,92386033,F1_Pronoun_personal_54,,,M3_Pronoun_personal_54,,8,5,1,
,,Foil 1,she buys,female,168680933,,,,,,,,,
,,Foil 2,they buy,plural,35900025,,,,,,,,,
,,Other,wallet,un,38785265,,,,,,,,,
,,Other,money,un,236808625,,,,,,,,,
,,,,,,,,,,,,,,
,,,,,,,,,,,,,,
,,,,,,,,,,,,,,
,,,,,,,,,,,,,,
,he,,Linguistic unit,P type,Image ID,Female 1,Female 2,Male 1,Male 3,,Freq bin,Conc bin,Syllable,
,sleep,Target,he sleeps,target,52087934,F1_Pronoun_personal_55,,,M3_Pronoun_personal_55,,8,7,1,
,,Foil 1,she sleeps,female,50777744,,,,,,,,,
,,Foil 2,they sleep,plural,3344491,,,,,,,,,
,,Other,bed,un,33724414,,,,,,,,,
,,Other,pillow,un,12396319,,,,,,,,,
,,,,,,,,,,,,,,
,,,,,,,,,,,,,,
,,,,,,,,,,,,,,
,,,,,,,,,,,,,,
,he,,Linguistic unit,P type,Image ID,Female 1,Female 2,Male 1,Male 3,,Freq bin,Conc bin,Syllable,
,drink,Target,he drinks,target,19031322,,F2_Pronoun_personal_56,,M3_Pronoun_personal_56,,6,7,1,
,,Foil 1,she drinks,female,26841648,,,,,,,,,
,,Foil 2,they drink,plural,37723051,,,,,,,,,
,,Other,drink,un,28931146,,,,,,,,,
,,Other,cup,un,33978516,,,,,,,,,
,,,,,,,,,,,,,,
,,,,,,,,,,,,,,
,,,,,,,,,,,,,,
,,,,,,,,,,,,,,
,he,,Linguistic unit,P type,Image ID,Female 1,Female 2,Male 1,Male 3,,Freq bin,Conc bin,Syllable,
,rock,Target,he rocks,target,26845054,,F2_Pronoun_personal_57,,M3_Pronoun_personal_57,,6,5,1,
,,Foil 1,she rocks,female,14145437,,,,,,,,,
,,Foil 2,they rock,plural,28775369,,,,,,,,,
,,Other,rocking chair,un,3436172,,,,,,,,,
,,Other,rocking horse,un,11895991,,,,,,,,,
,,,,,,,,,,,,,,
,,,,,,,,,,,,,,
,,,,,,,,,,,,,,
,,,,,,,,,,,,,,
,he,,Linguistic unit,P type,Image ID,Female 1,Female 2,Male 1,Male 3,,Freq bin,Conc bin,Syllable,
,cry,target,he cries,target,47099760,,F2_Pronoun_personal_59,,M3_Pronoun_personal_59,,8,7,1,
,,foil 1,she cries,female,29925193,,,,,,,,,
,,foil 2,they cry,plural,196020533,,,,,,,,,
,,other,tissue,un,140848453,,,,,,,,,
,,other,grave,un,313803443,,,,,,,,,
,,,,,,,,,,,,,,
,,,,,,,,,,,,,,
,,,,,,,,,,,,,,
,,,,,,,,,,,,,,
,he,,Linguistic unit,P type,Image ID,Female 1,Female 2,Male 1,Male 3,,Freq bin,Conc bin,Syllable,
,sing,Target,he sings,target,13305066,,F2_Pronoun_personal_60,,M3_Pronoun_personal_60,,8,7,1,
,,Foil 1,she sings,female,32513182,,,,,,,,,
,,Foil 2,they sing,plural,323577425,,,,,,,,,
,,Other,lips,un,16776497,,,,,,,,,
,,Other,microphone,un,556925,,,,,,,,,
,,,,,,,,,,,,,,
,,,,,,,,,,,,,,
,,,,,,,,,,,,,,
,,,,,,,,,,,,,,
,he,,Linguistic unit,P type,Image ID,Female 1,Female 2,Male 1,Male 3,,Freq bin,Conc bin,Syllable,
,paint,target,he paints,target,37101451,,F2_Pronoun_personal_62,,M3_Pronoun_personal_62,,8,8,1,
,,foil 1,she paints,female,73113829,,,,,,,,,
,,foil 2,they paint,plural,250769230,,,,,,,,,
,,other,paint,un,118840624,,,,,,,,,
,,other,brush,un,93580291,,,,,,,,,
,,,,,,,,,,,,,,
,,,,,,,,,,,,,,
,,,,,,,,,,,,,,
,,,,,,,,,,,,,,
,he,,Linguistic unit,P type,Image ID,Female 1,Female 2,Male 1,Male 3,,Freq bin,Conc bin,Syllable,
,build,Target,he builds,target,115217656,,F2_Pronoun_personal_64,,M3_Pronoun_personal_64,,8,6,1,
,,Foil 1,she builds,female,165649502,,,,,,,,,
,,Foil 2,they build,plural,53329453,,,,,,,,,
,,Other,hammer,un,221714875,,,,,,,,,
,,Other,helmet,un,4075903,,,,,,,,,
,,,,,,,,,,,,,,
,,,,,,,,,,,,,,
,,,,,,,,,,,,,,
,,,,,,,,,,,,,,
,he,,Linguistic unit,P type,Image ID,Female 1,Female 2,Male 1,Male 3,,Freq bin,Conc bin,Syllable,
,stroke,target,he strokes,target,50493080,,F2_Pronoun_personal_67,,M3_Pronoun_personal_67,,4,7,1,
,,foil 1,she strokes,female,1329772,,,,,,,,,
,,foil 2,they stroke,plural,116496205,,,,,,,,,
,,other,dog,un,132126536,,,,,,,,,
,,other,hand,un,300833372,,,,,,,,,
,,,,,,,,,,,,,,
,,,,,,,,,,,,,,
,,,,,,,,,,,,,,
,,,,,,,,,,,,,,
,he,,Linguistic unit,P type,Image ID,Female 1,Female 2,Male 1,Male 3,,Freq bin,Conc bin,Syllable,
,carry,target,he carries,target,54626915,,F2_Pronoun_personal_68,,M3_Pronoun_personal_68,,8,7,2,
,,foil 1,she carries,female,32278607,,,,,,,,,
,,foil 2,they carry,plural,18560188,,,,,,,,,
,,other,hand,un,300833372,,,,,,,,,
,,other,bag,un,6355906,,,,,,,,,
,,,,,,,,,,,,,,
,,,,,,,,,,,,,,
,,,,,,,,,,,,,,
,,,,,,,,,,,,,,
,he,,Linguistic otherit,P type,Image ID,Female 1,Female 2,Male 1,Male 3,,Freq bin,Conc bin,Syllable,
,recycle,target,he recycles,target,194307287,,F2_Pronoun_personal_200,M1_Pronoun_personal_118,,,6,4,3,
,,Foil 1,she recycles,female,195090890,,,,,,,,,
,,Foil 2,they recycle,plural,216583432,,,,,,,,,
,,Other,bin,other,41314,,,,,,,,,
,,Other,bin truck,other,9686552,,,,,,,,,
,,,,,,,,,,,,,,
,,,,,,,,,,,,,,
,,,,,,,,,,,,,,
,,,,,,,,,,,,,,
,he,,Linguistic otherit,P type,Image ID,Female 1,Female 2,Male 1,Male 3,,Freq bin,Conc bin,Syllable,
,kick,target,he kicks,target,257173849,,F2_Pronoun_personal_201,M1_Pronoun_personal_119,,,7,7,1,
,,Foil 1,she kicks,female,4710661,,,,,,,,,
,,Foil 2,they kick,plural,283997081,,,,,,,,,
,,Other,ball and shes,other,195946388,,,,,,,,,
,,Other,goalpost,other,7273203,,,,,,,,,
,,,,,,,,,,,,,,
,,,,,,,,,,,,,,
,,,,,,,,,,,,,,
,,,,,,,,,,,,,,
,he,,Linguistic otherit,P type,Image ID,Female 1,Female 2,Male 1,Male 3,,Freq bin,Conc bin,Syllable,
,sweep,target,he sweeps,target,257586442,,F2_Pronoun_personal_202,M1_Pronoun_personal_120,,,5,6,1,
,,Foil 1,she sweeps,female,294469775,,,,,,,,,
,,Foil 2,they sweep,plural,756954215,,,,,,,,,
,,Other,broom,other,71680558,,,,,,,,,
,,Other,dustpan,other,215384356,,,,,,,,,
,,,,,,,,,,,,,,
,,,,,,,,,,,,,,
,,,,,,,,,,,,,,
,,,,,,,,,,,,,,
,he,,Linguistic otherit,P type,Image ID,Female 1,Female 2,Male 1,Male 3,,Freq bin,Conc bin,Syllable,
,leave,target,he leaves,target,44336973,,F2_Pronoun_personal_203,M1_Pronoun_personal_121,,,8,4,1,
,,Foil 1,she leaves,female,690887,,,,,,,,,
,,Foil 2,they leave,plural,6080655,,,,,,,,,
,,Other,door,other,250857736,,,,,,,,,
,,Other,leaves,other,546628555,,,,,,,,,
,,,,,,,,,,,,,,
,,,,,,,,,,,,,,
,,,,,,,,,,,,,,
,,,,,,,,,,,,,,
,he,,Linguistic otherit,P type,Image ID,Female 1,Female 2,Male 1,Male 3,,Freq bin,Conc bin,Syllable,
,shoot,target,he shoots,target,246542533,,F2_Pronoun_personal_204,M1_Pronoun_personal_122,,,8,6,1,
,,Foil 1,she shoots,female,40871113,,,,,,,,,
,,Foil 2,they shoot,plural,33860562,,,,,,,,,
,,Other,gother,other,297191459,,,,,,,,,
,,Other,crossbow,other,147142298,,,,,,,,,
,,,,,,,,,,,,,,
,,,,,,,,,,,,,,
,,,,,,,,,,,,,,
,,,,,,,,,,,,,,
,he,,Linguistic otherit,P type,Image ID,Female 1,Female 2,Male 1,Male 3,,Freq bin,Conc bin,Syllable,
,phone,target,he phones,target,87275050,,F2_Pronoun_personal_205,M1_Pronoun_personal_123,,,7,5,1,
,,Foil 1,she phones,female,126153506,,,,,,,,,
,,Foil 2,they phone,plural,147986423,,,,,,,,,
,,Other,phone,other,261279464,,,,,,,,,
,,Other,mobile,other,14152486,,,,,,,,,
,,,,,,,,,,,,,,
,,,,,,,,,,,,,,
,,,,,,,,,,,,,,
,,,,,,,,,,,,,,
,he,,Linguistic otherit,P type,Image ID,Female 1,Female 2,Male 1,Male 3,,Freq bin,Conc bin,Syllable,
,rest,target,he rests,target,194875598,,F2_Pronoun_personal_206,M1_Pronoun_personal_124,,,6,6,1,
,,Foil 1,she rests,female,308565029,,,,,,,,,
,,Foil 2,they rest,plural,150108806,,,,,,,,,
,,Other,chair,other,231290476,,,,,,,,,
,,Other,bed,other,33724414,,,,,,,,,
,,,,,,,,,,,,,,
,,,,,,,,,,,,,,
,,,,,,,,,,,,,,
,,,,,,,,,,,,,,
,he,,Linguistic otherit,P type,Image ID,Female 1,Female 2,Male 1,Male 3,,Freq bin,Conc bin,Syllable,
,call,target,he calls,target,87275050,,F2_Pronoun_personal_207,M1_Pronoun_personal_125,,,8,5,1,
,,Foil 1,she calls,female,126153506,,,,,,,,,
,,Foil 2,they call,plural,147986423,,,,,,,,,
,,Other,phone,other,261279464,,,,,,,,,
,,Other,phone,other,14152486,,,,,,,,,
,,,,,,,,,,,,,,
,,,,,,,,,,,,,,
,,,,,,,,,,,,,,
,,,,,,,,,,,,,,
,he,,Linguistic otherit,P type,Image ID,Female 1,Female 2,Male 1,Male 3,,Freq bin,Conc bin,Syllable,
,talk,target,he talks,target,87275050,,F2_Pronoun_personal_208,M1_Pronoun_personal_126,,,8,6,1,
,,Foil 1,she talks,female,5754415,,,,,,,,,
,,Foil 2,they talk,plural,289765559,,,,,,,,,
,,Other,mouth,other,16776497,,,,,,,,,
,,Other,microphone,other,556925,,,,,,,,,
,,,,,,,,,,,,,,
,,,,,,,,,,,,,,
,,,,,,,,,,,,,,
,,,,,,,,,,,,,,
,he,,Linguistic otherit,P type,Image ID,Female 1,Female 2,Male 1,Male 3,,Freq bin,Conc bin,Syllable,
,hit,target,he hits,target,268614719,,F2_Pronoun_personal_209,M1_Pronoun_personal_127,,,8,7,1,
,,Foil 1,she hits,female,55254485,,,,,,,,,
,,Foil 2,they hit,plural,362490938,,,,,,,,,
,,Other,fist,other,14094666,,,,,,,,,
,,Other,bruise,other,136606469,,,,,,,,,
,,,,,,,,,,,,,,
,,,,,,,,,,,,,,
,,,,,,,,,,,,,,
,,,,,,,,,,,,,,
,he,,Linguistic otherit,P type,Image ID,Female 1,Female 2,Male 1,Male 3,,Freq bin,Conc bin,Syllable,
,catch,target,he catches,target,115153567,,F2_Pronoun_personal_210,M1_Pronoun_personal_129,,,8,7,1,
,,Foil 1,she catches,female,297838277,,,,,,,,,
,,Foil 2,they catch,plural,193124501,,,,,,,,,
,,Other,hands,other,300833372,,,,,,,,,
,,Other,ball,other,40167793,,,,,,,,,
,,,,,,,,,,,,,,
,,,,,,,,,,,,,,
,,,,,,,,,,,,,,
,,,,,,,,,,,,,,
,he,,Linguistic otherit,P type,Image ID,Female 1,Female 2,Male 1,Male 3,,Freq bin,Conc bin,Syllable,
,fight,target,he fights,target,268614719,,F2_Pronoun_personal_211,M1_Pronoun_personal_130,,,8,7,1,
,,Foil 1,she fights,female,55254485,,,,,,,,,
,,Foil 2,they fight,plural,122451379,,,,,,,,,
,,Other,ambulance,other,35015805,,,,,,,,,
,,Other,boxing glove,other,348652031,,,,,,,,,
,,,,,,,,,,,,,,
,,,,,,,,,,,,,,
,,,,,,,,,,,,,,
,,,,,,,,,,,,,,
,he,,Linguistic otherit,P type,Image ID,Female 1,Female 2,Male 1,Male 3,,Freq bin,Conc bin,Syllable,
,cook,target,he cooks,target,43831996,,F2_Pronoun_personal_212,M1_Pronoun_personal_131,,,8,7,1,
,,Foil 1,she cooks,female,38187136,,,,,,,,,
,,Foil 2,they cook,plural,217555006,,,,,,,,,
,,Other,cooker,other,5789274,,,,,,,,,
,,Other,pan,other,5842715,,,,,,,,,
,,,,,,,,,,,,,,
,,,,,,,,,,,,,,
,,,,,,,,,,,,,,
,,,,,,,,,,,,,,
,he,,Linguistic otherit,P type,Image ID,Female 1,Female 2,Male 1,Male 3,,Freq bin,Conc bin,Syllable,
,fall,target,he falls,target,213024565,,F2_Pronoun_personal_213,M1_Pronoun_personal_132,,,8,7,1,
,,Foil 1,she falls,female,33569378,,,,,,,,,
,,Foil 2,they fall,plural,325795802,,,,,,,,,
,,Other,ladder,other,155314385,,,,,,,,,
,,Other,ambulance,other,35015805,,,,,,,,,
,,,,,,,,,,,,,,
,,,,,,,,,,,,,,
,,,,,,,,,,,,,,
,,,,,,,,,,,,,,
,they,,Linguistic unit,P type,Image ID,Female 1,Female 2,Male 1,Male 3,,Freq bin,Conc bin,Syllable,
,run,target,they run,target,41851632,,F2_Pronoun_personal_69,,M3_Pronoun_personal_69,,8,7,1,
,,Foil 1,she runs,female,100144160,,,,,,,,,
,,Foil 2,he runs,male,98478128,,,,,,,,,
,,Other,running shoes,un,39355348,,,,,,,,,
,,Other,water bottle,un,12522351,,,,,,,,,
,,,,,,,,,,,,,,
,,,,,,,,,,,,,,
,,,,,,,,,,,,,,
,,,,,,,,,,,,,,
,they,,Linguistic unit,P type,Image ID,Female 1,Female 2,Male 1,Male 3,,Freq bin,Conc bin,Syllable,
,lick,target,they lick,target,14525412,F1_Pronoun_personal_70,,,M3_Pronoun_personal_70,,6,8,1,
,,foil 1,she licks,female,103353431,,,,,,,,,
,,foil 2,he licks,male,47401462,,,,,,,,,
,,other,mouth,un,16776497,,,,,,,,,
,,other,icecream,un,115520299,,,,,,,,,
,,,,,,,,,,,,,,
,,,,,,,,,,,,,,
,,,,,,,,,,,,,,
,,,,,,,,,,,,,,
,they,,Linguistic unit,P type,Image ID,Female 1,Female 2,Male 1,Male 3,,Freq bin,Conc bin,Syllable,
,cycle,Target,they cycle,target,141946663,F1_Pronoun_personal_71,,,M3_Pronoun_personal_71,,5,7,2,
,,Foil 1,she cycles,female,164236085,,,,,,,,,
,,Foil 2,he cycles,male,34482521,,,,,,,,,
,,Other,bike,un,325745795,,,,,,,,,
,,Other,helmet,un,53790160,,,,,,,,,
,,,,,,,,,,,,,,
,,,,,,,,,,,,,,
,,,,,,,,,,,,,,
,,,,,,,,,,,,,,
,they,,Linguistic unit,P type,Image ID,Female 1,Female 2,Male 1,Male 3,,Freq bin,Conc bin,Syllable,
,wrap,target,they wrap up,target,330397961,F1_Pronoun_personal_72,,,M3_Pronoun_personal_72,,7,7,1,
,,foil 1,she wraps up,female,125317343,,,,,,,,,
,,foil 2,he wraps up,male,28666396,,,,,,,,,
,,other,hat and gloves,un,29252820,,,,,,,,,
,,other,hat and gloves,un,169576079,,,,,,,,,
,,,,,,,,,,,,,,
,,,,,,,,,,,,,,
,,,,,,,,,,,,,,
,,,,,,,,,,,,,,
,they,,Linguistic unit,P type,Image ID,Female 1,Female 2,Male 1,Male 3,,Freq bin,Conc bin,Syllable,
,stand,Target,they stand,target,5045122,,F2_Pronoun_personal_73,,M3_Pronoun_personal_73,,8,7,1,
,,Foil 1,she stands,female,33119890,,,,,,,,,
,,Foil 2,he stands,male,29524403,,,,,,,,,
,,Other,shoes,un,100100117,,,,,,,,,
,,Other,foot,un,700001,,,,,,,,,
,,,,,,,,,,,,,,
,,,,,,,,,,,,,,
,,,,,,,,,,,,,,
,,,,,,,,,,,,,,
,they,,Linguistic unit,P type,Image ID,Female 1,Female 2,Male 1,Male 3,,Freq bin,Conc bin,Syllable,
,collect,Target,they collects,target,102603500,F1_Pronoun_personal_74,,,M3_Pronoun_personal_74,,7,5,2,
,,Foil 1,she collects,female,26764473,,,,,,,,,
,,Foil 2,he collects,male,210744133,,,,,,,,,
,,Other,mushrooms,un,220721464,,,,,,,,,
,,Other,basket,un,11339844,,,,,,,,,
,,,,,,,,,,,,,,
,,,,,,,,,,,,,,
,,,,,,,,,,,,,,
,,,,,,,,,,,,,,
,they,,Linguistic unit,P type,Image ID,Female 1,Female 2,Male 1,Male 3,,Freq bin,Conc bin,Syllable,
,play,Target,they play,target,18281970,F1_Pronoun_personal_75,,,M3_Pronoun_personal_75,,8,5,1,
,,Foil 1,she plays,female,917512,,,,,,,,,
,,Foil 2,he plays,male,282933527,,,,,,,,,
,,Other,instrument,un,16517374,,,,,,,,,
,,Other,microphone,un,556925,,,,,,,,,
,,,,,,,,,,,,,,
,,,,,,,,,,,,,,
,,,,,,,,,,,,,,
,,,,,,,,,,,,,,
,they,,Linguistic unit,P type,Image ID,Female 1,Female 2,Male 1,Male 3,,Freq bin,Conc bin,Syllable,
,eat,Target,they eat,target,207120154,F1_Pronoun_personal_76,,,M3_Pronoun_personal_76,,8,7,1,
,,Foil 1,she eats,female,240210358,,,,,,,,,
,,Foil 2,he eats,male,322932869,,,,,,,,,
,,Other,food,un,1684878,,,,,,,,,
,,Other,cutlery,un,279902690,,,,,,,,,
,,,,,,,,,,,,,,
,,,,,,,,,,,,,,
,,,,,,,,,,,,,,
,,,,,,,,,,,,,,
,they,,Linguistic unit,P type,Image ID,Female 1,Female 2,Male 1,Male 3,,Freq bin,Conc bin,Syllable,
,fly,Target,they fly,target,200810882,,F2_Pronoun_personal_77,,M3_Pronoun_personal_77,,8,8,1,
,,Foil 1,she flies,female,31684154,,,,,,,,,
,,Foil 2,he flies,male,30873232,,,,,,,,,
,,Other,fly,un,275672639,,,,,,,,,
,,Other,plane,un,119845582,,,,,,,,,
,,,,,,,,,,,,,,
,,,,,,,,,,,,,,
,,,,,,,,,,,,,,
,,,,,,,,,,,,,,
,they,,Linguistic unit,P type,Image ID,Female 1,Female 2,Male 1,Male 3,,Freq bin,Conc bin,Syllable,
,ride,Target,they ride,target,95194951,F1_Pronoun_personal_78,,,M3_Pronoun_personal_78,,3,6,1,
,,Foil 1,she rides,female,27169607,,,,,,,,,
,,Foil 2,he rides,male,26646892,,,,,,,,,
,,Other,bike,un,325745795,,,,,,,,,
,,Other,helmet,un,53790160,,,,,,,,,
,,,,,,,,,,,,,,
,,,,,,,,,,,,,,
,,,,,,,,,,,,,,
,,,,,,,,,,,,,,
,they,,Linguistic unit,P type,Image ID,Female 1,Female 2,Male 1,Male 3,,Freq bin,Conc bin,Syllable,
,jump,Target,they jump,target,57416071,F1_Pronoun_personal_79,,,M3_Pronoun_personal_79,,6,8,1,
,,Foil 1,she jumps,female,705655,,,,,,,,,
,,Foil 2,he jumps,male,185622278,,,,,,,,,
,,Other,trampoline,un,216671602,,,,,,,,,
,,Other,frog,un,20407314,,,,,,,,,
,,,,,,,,,,,,,,
,,,,,,,,,,,,,,
,,,,,,,,,,,,,,
,,,,,,,,,,,,,,
,they,,Linguistic unit,P type,Image ID,Female 1,Female 2,Male 1,Male 3,,Freq bin,Conc bin,Syllable,
,smile,Target,they smile,target,1451624,F1_Pronoun_personal_80,,,M3_Pronoun_personal_80,,6,7,2,
,,Foil 1,she smiles,female,25247848,,,,,,,,,
,,Foil 2,he smiles,male,35314865,,,,,,,,,
,,Other,lips,un,16776497,,,,,,,,,
,,Other,gift,un,275203676,,,,,,,,,
,,,,,,,,,,,,,,
,,,,,,,,,,,,,,
,,,,,,,,,,,,,,
,,,,,,,,,,,,,,
,they,,Linguistic unit,P type,Image ID,Female 1,Female 2,Male 1,Male 3,,Freq bin,Conc bin,Syllable,
,walk,Target,they walk,target,46941883,F1_Pronoun_personal_82,,,M3_Pronoun_personal_82,,8,7,1,
,,Foil 1,she walks,female,32278607,,,,,,,,,
,,Foil 2,he walks,male,54626915,,,,,,,,,
,,Other,shoes,un,100100117,,,,,,,,,
,,Other,path,un,21213726,,,,,,,,,
,,,,,,,,,,,,,,
,,,,,,,,,,,,,,
,,,,,,,,,,,,,,
,,,,,,,,,,,,,,
,they,,Linguistic unit,P type,Image ID,Female 1,Female 2,Male 1,Male 3,,Freq bin,Conc bin,Syllable,
,row,Target,they row,target,46902715,F1_Pronoun_personal_83,,,M3_Pronoun_personal_83,,4,6,1,
,,Foil 1,she rows,female,16714930,,,,,,,,,
,,Foil 2,he rows,male,148515005,,,,,,,,,
,,Other,oar,un,180577271,,,,,,,,,
,,Other,boat,un,12345678,,,,,,,,,
,,,,,,,,,,,,,,
,,,,,,,,,,,,,,
,,,,,,,,,,,,,,
,,,,,,,,,,,,,,
,they,,Linguistic unit,P type,Image ID,Female 1,Female 2,Male 1,Male 3,,Freq bin,Conc bin,Syllable,
,pack,Target,they pack,target,39233433,F1_Pronoun_personal_84,,,M3_Pronoun_personal_84,,7,6,1,
,,Foil 1,she packs,female,31447604,,,,,,,,,
,,Foil 2,he packs,male,267137366,,,,,,,,,
,,Other,box,un,20645333,,,,,,,,,
,,Other,crate,un,112430936,,,,,,,,,
,,,,,,,,,,,,,,
,,,,,,,,,,,,,,
,,,,,,,,,,,,,,
,,,,,,,,,,,,,,
,they,,Linguistic unit,P type,Image ID,Female 1,Female 2,Male 1,Male 3,,Freq bin,Conc bin,Syllable,
,saw,Target,they saw,target,97107689,F1_Pronoun_personal_85,,,M3_Pronoun_personal_85,,8,7,1,
,,Foil 1,she saws,female,25888349,,,,,,,,,
,,Foil 2,he saws,male,217821505,,,,,,,,,
,,Other,saw,un,114635122,,,,,,,,,
,,Other,saw,un,277040582,,,,,,,,,
,,,,,,,,,,,,,,
,,,,,,,,,,,,,,
,,,,,,,,,,,,,,
,,,,,,,,,,,,,,
,they,,Linguistic unit,P type,Image ID,Female 1,Female 2,Male 1,Male 3,,Freq bin,Conc bin,Syllable,
,dine,Target,they dine,target,31696184,F1_Pronoun_personal_86,,,M3_Pronoun_personal_86,,6,5,1,
,,Foil 1,she dines,female,16601710,,,,,,,,,
,,Foil 2,he dines,male,328727594,,,,,,,,,
,,Other,dinner,un,292671560,,,,,,,,,
,,Other,table,un,138968120,,,,,,,,,
,,,,,,,,,,,,,,
,,,,,,,,,,,,,,
,,,,,,,,,,,,,,
,,,,,,,,,,,,,,
,they,,Linguistic unit,P type,Image ID,Female 1,Female 2,Male 1,Male 3,,Freq bin,Conc bin,Syllable,
,choose,Target,they choose,target,152315105,F1_Pronoun_personal_87,,,M3_Pronoun_personal_87,,8,4,1,
,,Foil 1,she chooses,female,142786321,,,,,,,,,
,,Foil 2,he chooses,male,296267624,,,,,,,,,
,,Other,rug shop,un,296955608,,,,,,,,,
,,Other,vegetable platter,un,35749240,,,,,,,,,
,,,,,,,,,,,,,,
,,,,,,,,,,,,,,
,,,,,,,,,,,,,,
,,,,,,,,,,,,,,
,they,,Linguistic unit,P type,Image ID,Female 1,Female 2,Male 1,Male 3,,Freq bin,Conc bin,Syllable,
,buy,Target,they buy,target,35900025,F1_Pronoun_personal_88,,,M3_Pronoun_personal_88,,8,5,1,
,,Foil 1,she buys,female,168680933,,,,,,,,,
,,Foil 2,he buys,male,92386033,,,,,,,,,
,,Other,wallet,un,38785265,,,,,,,,,
,,Other,money,un,236808625,,,,,,,,,
,,,,,,,,,,,,,,
,,,,,,,,,,,,,,
,,,,,,,,,,,,,,
,,,,,,,,,,,,,,
,they,,Linguistic unit,P type,Image ID,Female 1,Female 2,Male 1,Male 3,,Freq bin,Conc bin,Syllable,
,sleep,Target,they sleep,target,3344491,,F2_Pronoun_personal_89,,M3_Pronoun_personal_89,,8,7,1,
,,Foil 1,she sleeps,female,50777744,,,,,,,,,
,,Foil 2,he sleeps,male,52087934,,,,,,,,,
,,Other,bed,un,33724414,,,,,,,,,
,,Other,pillow,un,12396319,,,,,,,,,
,,,,,,,,,,,,,,
,,,,,,,,,,,,,,
,,,,,,,,,,,,,,
,,,,,,,,,,,,,,
,they,,Linguistic unit,P type,Image ID,Female 1,Female 2,Male 1,Male 3,,Freq bin,Conc bin,Syllable,
,drink,Target,they drink,target,37723051,,F2_Pronoun_personal_90,,M3_Pronoun_personal_90,,6,7,1,
,,Foil 1,she drinks,female,26841648,,,,,,,,,
,,Foil 2,he drinks,male,19031322,,,,,,,,,
,,Other,drink,un,28931146,,,,,,,,,
,,Other,cup,un,33978516,,,,,,,,,
,,,,,,,,,,,,,,
,,,,,,,,,,,,,,
,,,,,,,,,,,,,,
,,,,,,,,,,,,,,
,they,,Linguistic unit,P type,Image ID,Female 1,Female 2,Male 1,Male 3,,Freq bin,Conc bin,Syllable,
,rock,Target,they rock,target,28775369,,F2_Pronoun_personal_91,,M3_Pronoun_personal_91,,6,5,1,
,,Foil 1,she rocks,female,14145437,,,,,,,,,
,,Foil 2,he rocks,male,26845054,,,,,,,,,
,,Other,rocking chair,un,3436172,,,,,,,,,
,,Other,rocking horse,un,11895991,,,,,,,,,
,,,,,,,,,,,,,,
,,,,,,,,,,,,,,
,,,,,,,,,,,,,,
,,,,,,,,,,,,,,
,they,,Linguistic unit,P type,Image ID,Female 1,Female 2,Male 1,Male 3,,Freq bin,Conc bin,Syllable,
,cry,target,they cry,target,196020533,,F2_Pronoun_personal_93,,M3_Pronoun_personal_93,,8,7,1,
,,foil 1,she cries,female,29925193,,,,,,,,,
,,foil 2,he cries,male,47099760,,,,,,,,,
,,other,tissue,un,140848453,,,,,,,,,
,,other,grave,un,313803443,,,,,,,,,
,,,,,,,,,,,,,,
,,,,,,,,,,,,,,
,,,,,,,,,,,,,,
,,,,,,,,,,,,,,
,they,,Linguistic unit,P type,Image ID,Female 1,Female 2,Male 1,Male 3,,Freq bin,Conc bin,Syllable,
,sing,Target,they sing,target,323577425,,F2_Pronoun_personal_94,,M3_Pronoun_personal_94,,8,7,1,
,,Foil 1,she sings,female,32513182,,,,,,,,,
,,Foil 2,he sings,male,13305066,,,,,,,,,
,,Other,lips,un,16776497,,,,,,,,,
,,Other,microphone,un,556925,,,,,,,,,
,,,,,,,,,,,,,,
,,,,,,,,,,,,,,
,,,,,,,,,,,,,,
,,,,,,,,,,,,,,
,they,,Linguistic unit,P type,Image ID,Female 1,Female 2,Male 1,Male 3,,Freq bin,Conc bin,Syllable,
,paint,target,they paint,target,250769230,,F2_Pronoun_personal_96,,M3_Pronoun_personal_96,,8,8,1,
,,foil 1,she paints,female,73113829,,,,,,,,,
,,foil 2,he paints,male,37101451,,,,,,,,,
,,other,paint,un,118840624,,,,,,,,,
,,other,brush,un,93580291,,,,,,,,,
,,,,,,,,,,,,,,
,,,,,,,,,,,,,,
,,,,,,,,,,,,,,
,,,,,,,,,,,,,,
,they,,Linguistic unit,P type,Image ID,Female 1,Female 2,Male 1,Male 3,,Freq bin,Conc bin,Syllable,
,build,Target,they build,target,53329453,,F2_Pronoun_personal_98,,M3_Pronoun_personal_98,,8,6,1,
,,Foil 1,she builds,female,165649502,,,,,,,,,
,,Foil 2,he builds,male,115217656,,,,,,,,,
,,Other,hammer,un,221714875,,,,,,,,,
,,Other,helmet,un,4075903,,,,,,,,,
,,,,,,,,,,,,,,
,,,,,,,,,,,,,,
,,,,,,,,,,,,,,
,,,,,,,,,,,,,,
,they,,Linguistic unit,P type,Image ID,Female 1,Female 2,Male 1,Male 3,,Freq bin,Conc bin,Syllable,
,stroke,target,they stroke,target,116496205,,F2_Pronoun_personal_101,,M3_Pronoun_personal_101,,4,7,1,
,,foil 1,she strokes,female,1329772,,,,,,,,,
,,foil 2,he strokes,male,50493080,,,,,,,,,
,,other,dog,un,132126536,,,,,,,,,
,,other,hand,un,300833372,,,,,,,,,
,,,,,,,,,,,,,,
,,,,,,,,,,,,,,
,,,,,,,,,,,,,,
,,,,,,,,,,,,,,
,they,,Linguistic unit,P type,Image ID,Female 1,Female 2,Male 1,Male 3,,Freq bin,Conc bin,Syllable,
,carry,target,they carry,target,18560188,,F2_Pronoun_personal_102,,M3_Pronoun_personal_102,,8,7,2,
,,foil 1,she carries,female,32278607,,,,,,,,,
,,foil 2,he carries,male,54626915,,,,,,,,,
,,other,hand,un,300833372,,,,,,,,,
,,other,bag,un,6355906,,,,,,,,,
,,,,,,,,,,,,,,
,,,,,,,,,,,,,,
,,,,,,,,,,,,,,
,,,,,,,,,,,,,,
,they,,Linguistic otherit,P type,Image ID,Female 1,Female 2,Male 1,Male 3,,Freq bin,Conc bin,Syllable,
,recycle,target,they recycle,target,216583432,,F2_Pronoun_personal_228,M1_Pronoun_personal_133,,,6,4,3,
,,Foil 1,he recycles,male,194307287,,,,,,,,,
,,Foil 2,she recycles,female,195090890,,,,,,,,,
,,Other,bin,other,41314,,,,,,,,,
,,Other,bin truck,other,9686552,,,,,,,,,
,,,,,,,,,,,,,,
,,,,,,,,,,,,,,
,,,,,,,,,,,,,,
,,,,,,,,,,,,,,
,they,,Linguistic otherit,P type,Image ID,Female 1,Female 2,Male 1,Male 3,,Freq bin,Conc bin,Syllable,
,kick,target,they kick,target,283997081,,F2_Pronoun_personal_229,M1_Pronoun_personal_134,,,7,7,1,
,,Foil 1,he kicks,male,257173849,,,,,,,,,
,,Foil 2,she kicks,female,4710661,,,,,,,,,
,,Other,ball and shes,other,195946388,,,,,,,,,
,,Other,goalpost,other,7273203,,,,,,,,,
,,,,,,,,,,,,,,
,,,,,,,,,,,,,,
,,,,,,,,,,,,,,
,,,,,,,,,,,,,,
,they,,Linguistic otherit,P type,Image ID,Female 1,Female 2,Male 1,Male 3,,Freq bin,Conc bin,Syllable,
,sweep,target,they sweep,target,756954215,,F2_Pronoun_personal_230,M1_Pronoun_personal_135,,,5,6,1,
,,Foil 1,he sweeps,male,257586442,,,,,,,,,
,,Foil 2,she sweeps,female,294469775,,,,,,,,,
,,Other,broom,other,71680558,,,,,,,,,
,,Other,dustpan,other,215384356,,,,,,,,,
,,,,,,,,,,,,,,
,,,,,,,,,,,,,,
,,,,,,,,,,,,,,
,,,,,,,,,,,,,,
,they,,Linguistic otherit,P type,Image ID,Female 1,Female 2,Male 1,Male 3,,Freq bin,Conc bin,Syllable,
,leave,target,they leave,target,6080655,,F2_Pronoun_personal_231,M1_Pronoun_personal_136,,,8,4,1,
,,Foil 1,he leaves,male,44336973,,,,,,,,,
,,Foil 2,she leaves,female,690887,,,,,,,,,
,,Other,door,other,250857736,,,,,,,,,
,,Other,leaves,other,546628555,,,,,,,,,
,,,,,,,,,,,,,,
,,,,,,,,,,,,,,
,,,,,,,,,,,,,,
,,,,,,,,,,,,,,
,they,,Linguistic otherit,P type,Image ID,Female 1,Female 2,Male 1,Male 3,,Freq bin,Conc bin,Syllable,
,shoot,target,they shoot,target,33860562,,F2_Pronoun_personal_232,M1_Pronoun_personal_137,,,8,6,1,
,,Foil 1,he shoots,male,246542533,,,,,,,,,
,,Foil 2,she shoots,female,40871113,,,,,,,,,
,,Other,gother,other,297191459,,,,,,,,,
,,Other,crossbow,other,147142298,,,,,,,,,
,,,,,,,,,,,,,,
,,,,,,,,,,,,,,
,,,,,,,,,,,,,,
,,,,,,,,,,,,,,
,they,,Linguistic otherit,P type,Image ID,Female 1,Female 2,Male 1,Male 3,,Freq bin,Conc bin,Syllable,
,phone,target,they phone,target,147986423,,F2_Pronoun_personal_233,M1_Pronoun_personal_138,,,7,5,1,
,,Foil 1,he phones,male,87275050,,,,,,,,,
,,Foil 2,she phones,female,126153506,,,,,,,,,
,,Other,phone,other,261279464,,,,,,,,,
,,Other,mobile,other,14152486,,,,,,,,,
,,,,,,,,,,,,,,
,,,,,,,,,,,,,,
,,,,,,,,,,,,,,
,,,,,,,,,,,,,,
,they,,Linguistic otherit,P type,Image ID,Female 1,Female 2,Male 1,Male 3,,Freq bin,Conc bin,Syllable,
,rest,target,they rest,target,150108806,,F2_Pronoun_personal_234,M1_Pronoun_personal_139,,,6,6,1,
,,Foil 1,he rests,male,194875598,,,,,,,,,
,,Foil 2,she rests,female,308565029,,,,,,,,,
,,Other,chair,other,231290476,,,,,,,,,
,,Other,bed,other,33724414,,,,,,,,,
,,,,,,,,,,,,,,
,,,,,,,,,,,,,,
,,,,,,,,,,,,,,
,,,,,,,,,,,,,,
,they,,Linguistic otherit,P type,Image ID,Female 1,Female 2,Male 1,Male 3,,Freq bin,Conc bin,Syllable,
,call,target,they call,target,147986423,,F2_Pronoun_personal_235,M1_Pronoun_personal_140,,,8,5,1,
,,Foil 1,he calls,male,87275050,,,,,,,,,
,,Foil 2,she calls,female,126153506,,,,,,,,,
,,Other,phone,other,261279464,,,,,,,,,
,,Other,phone,other,14152486,,,,,,,,,
,,,,,,,,,,,,,,
,,,,,,,,,,,,,,
,,,,,,,,,,,,,,
,,,,,,,,,,,,,,
,they,,Linguistic otherit,P type,Image ID,Female 1,Female 2,Male 1,Male 3,,Freq bin,Conc bin,Syllable,
,talk,target,they talk,target,289765559,,F2_Pronoun_personal_236,M1_Pronoun_personal_141,,,8,6,1,
,,Foil 1,he talks,male,87275050,,,,,,,,,
,,Foil 2,she talks,female,5754415,,,,,,,,,
,,Other,mouth,other,16776497,,,,,,,,,
,,Other,microphone,other,556925,,,,,,,,,
,,,,,,,,,,,,,,
,,,,,,,,,,,,,,
,,,,,,,,,,,,,,
,,,,,,,,,,,,,,
,they,,Linguistic otherit,P type,Image ID,Female 1,Female 2,Male 1,Male 3,,Freq bin,Conc bin,Syllable,
,hit,target,they hit,target,362490938,,F2_Pronoun_personal_237,M1_Pronoun_personal_142,,,8,7,1,
,,Foil 1,he hits,male,268614719,,,,,,,,,
,,Foil 2,she hits,female,55254485,,,,,,,,,
,,Other,fist,other,14094666,,,,,,,,,
,,Other,bruise,other,136606469,,,,,,,,,
,,,,,,,,,,,,,,
,,,,,,,,,,,,,,
,,,,,,,,,,,,,,
,,,,,,,,,,,,,,
,they,,Linguistic otherit,P type,Image ID,Female 1,Female 2,Male 1,Male 3,,Freq bin,Conc bin,Syllable,
,catch,target,they catch,target,193124501,,F2_Pronoun_personal_238,M1_Pronoun_personal_144,,,8,7,1,
,,Foil 1,he catches,male,115153567,,,,,,,,,
,,Foil 2,she catches,female,297838277,,,,,,,,,
,,Other,hands,other,300833372,,,,,,,,,
,,Other,ball,other,40167793,,,,,,,,,
,,,,,,,,,,,,,,
,,,,,,,,,,,,,,
,,,,,,,,,,,,,,
,,,,,,,,,,,,,,
,they,,Linguistic otherit,P type,Image ID,Female 1,Female 2,Male 1,Male 3,,Freq bin,Conc bin,Syllable,
,fight,target,they fight,target,122451379,,F2_Pronoun_personal_239,M1_Pronoun_personal_145,,,8,7,1,
,,Foil 1,he fights,male,268614719,,,,,,,,,
,,Foil 2,she fights,female,55254485,,,,,,,,,
,,Other,ambulance,other,35015805,,,,,,,,,
,,Other,boxing glove,other,348652031,,,,,,,,,
,,,,,,,,,,,,,,
,,,,,,,,,,,,,,
,,,,,,,,,,,,,,
,,,,,,,,,,,,,,
,they,,Linguistic otherit,P type,Image ID,Female 1,Female 2,Male 1,Male 3,,Freq bin,Conc bin,Syllable,
,cook,target,they cook,target,217555006,,F2_Pronoun_personal_240,M1_Pronoun_personal_146,,,8,7,1,
,,Foil 1,he cooks,male,43831996,,,,,,,,,
,,Foil 2,she cooks,female,38187136,,,,,,,,,
,,Other,cooker,other,5789274,,,,,,,,,
,,Other,pan,other,5842715,,,,,,,,,
,,,,,,,,,,,,,,
,,,,,,,,,,,,,,
,,,,,,,,,,,,,,
,,,,,,,,,,,,,,
,they,,Linguistic otherit,P type,Image ID,Female 1,Female 2,Male 1,Male 3,,Freq bin,Conc bin,Syllable,
,fall,target,they fall,target,325795802,,F2_Pronoun_personal_241,M1_Pronoun_personal_147,,,8,7,1,
,,Foil 1,he falls,male,213024565,,,,,,,,,
,,Foil 2,she falls,female,33569378,,,,,,,,,
,,Other,ladder,other,155314385,,,,,,,,,
,,Other,ambulance,other,35015805,,,,,,,,,
,,,,,,,,,,,,,,
,,,,,,,,,,,,,,
,,,,,,,,,,,,,,
,,,,,,,,,,,,,,