1,fly,,Linguistic unit,P type,Image ID,Female 2,Male 1,Male 2,Female 1,,Freq bin,Conc bin,Syllable,,,,,
,,Target,fly,target,781520,F2_Noun_single_1syll_5,M2_Noun_single_1syll_5,,,,7,7,1,,,,,
,,P1,eye,mp,25168917,,,,,,,,,,,,,
,,P2,spy,mp,40871113,,,,,,,,,,,,,
,,P3,tie,mp,193059866,,,,,,,,,,,,,
,,S1,bee,coord,326838527,,,,,,,,,,,,,
,,S2,glasses,coord,40557715,,,,,,,,,,,,,
,,Un,x,x,x,,,,,,,,,,,,,
,,Un,x,x,x,,,,,,,,,,,,,
,,,,,,,,,,,,,,,,,,
2,glass,,Linguistic unit,P type,Image ID,Female 2,Male 1,Male 2,Female 1,,Freq bin,Conc bin,Syllable,,,,,
,,Target,glass,target,10350665,,,M2_Noun_single_1syll_93,F1_Noun_single_1syll_93,,7,7,1,,,,,
,,P1,lass,close,26515435,,,,,,,,,,,,,
,,P2,gas,mp,111186662,,,,,,,,,,,,,
,,P3,glasses,mp,40557715,,,,,,,,,,,,,
,,S1,cup,coord,307023386,,,,,,,,,,,,,
,,S2,pot,coord,257196229,,,,,,,,,,,,,
,,Un,x,x,,,,,,,,,,,,,,
,,Un,x,x,,,,,,,,,,,,,,
,,,,,,,,,,,,,,,,,,
3,pound,,Linguistic unit,P type,Image ID,Female 2,Male 1,Male 2,Female 1,,Freq bin,Conc bin,Syllable,,,,,
,,Target,pound,target,248864761,,,M2_Noun_single_1syll_100,F1_Noun_single_1syll_100,,7,7,1,,,,,
,,P1,ground,mp,206066563,,,,,,,,,,,,,
,,P2,hound,mp,213511198,,,,,,,,,,,,,
,,P3,pond,mp,57479839,,,,,,,,,,,,,
,,S1,gold,assoc,17808023,,,,,,,,,,,,,
,,S2,dollar note,coord,236808625,,,,,,,,,,,,,
,,Un,x,x,x,,,,,,,,,,,,,
,,Un,x,x,x,,,,,,,,,,,,,
,,,,,,,,,,,,,,,,,,
4,page,,Linguistic unit,P type,Image ID,Female 2,Male 1,Male 2,Female 1,,Freq bin,Conc bin,Syllable,,,,,
,,Target,page,target,233737690,,,M2_Noun_single_1syll_123,F1_Noun_single_1syll_123,,7,7,1,,,,,
,,P1,age,mp,46801559,,,,,,,,,,,,,
,,P2,stage,mp,33917242,,,,,,,,,,,,,
,,P3,cage,mp,229248175,,,,,,,,,,,,,
,,S1,pen,assoc,251658334,,,,,,,,,,,,,
,,S2,tree,assoc,325608941,,,,,,,,,,,,,
,,Un,x,x,x,,,,,,,,,,,,,
,,Un,x,x,x,,,,,,,,,,,,,
,,,,,,,,,,,,,,,,,,
5,seat,,Linguistic unit,P type,Image ID,Female 2,Male 1,Male 2,Female 1,,Freq bin,Conc bin,Syllable,,,,,
,,Target,seat,target,111217772,,,M2_Noun_single_1syll_130,F1_Noun_single_1syll_130,,7,7,1,,,,,
,,P1,feet,mp,311505614,,,,,,,,,,,,,
,,P2,sheet,mp,5943342,,,,,,,,,,,,,
,,P3,meat,mp,247763509,,,,,,,,,,,,,
,,S1,bed,assoc,33724414,,,,,,,,,,,,,
,,S2,table,assoc,26616139,,,,,,,,,,,,,
,,Un,x,x,x,,,,,,,,,,,,,
,,Un,x,x,x,,,,,,,,,,,,,
,,,,,,,,,,,,,,,,,,
6,pig,,Linguistic unit,P type,Image ID,Female 2,Male 1,Male 2,Female 1,,Freq bin,Conc bin,Syllable,,,,,
,,Target,pig,target,182523626,,,M2_Noun_single_1syll_173,F1_Noun_single_1syll_173,,7,7,1,,,,,
,,P1,wig,mp,206133754,,,,,,,,,,,,,
,,P2,pip,mp,321021113,,,,,,,,,,,,,
,,P3,pin,mp,75441568,,,,,,,,,,,,,
,,S1,cow,coord,13624052929,,,,,,,,,,,,,
,,S2,,,,,,,,,,,,,,,,
,,Un,stable,un,168274,,,,,,,,,,,,,
,,Un,x,x,,,,,,,,,,,,,,
,,,,,,,,,,,,,,,,,,
7,golf,,Linguistic unit,P type,Image ID,Female 2,Male 1,Male 2,Female 1,,Freq bin,Conc bin,Syllable,,,,,
,,Target,golf,target,600023,,,M2_Noun_single_1syll_177,F1_Noun_single_1syll_177,,7,7,1,,,,,
,,P1,cough,close,137335274,,,,,,,,,,,,,
,,P2,wolf,distant,99672713,,,,,,,,,,,,,
,,P3,x,x,x,,,,,,,,,,,,,
,,S1,football net,assoc,7273203,,,,,,,,,,,,,
,,S2,hockey,coord,152248385,,,,,,,,,,,,,
,,Un,gold,un,17808023,,,,,,,,,,,,,
,,Un,x,x,,,,,,,,,,,,,,
,,,,,,,,,,,,,,,,,,
8,meal,,Linguistic unit,P type,Image ID,Female 2,Male 1,Male 2,Female 1,,Freq bin,Conc bin,Syllable,,,,,
,,Target,meal,target,558662512,,,M2_Noun_single_1syll_178,F1_Noun_single_1syll_178,,7,7,1,,,,,
,,P1,steel,mp,248861005,,,,,,,,,,,,,
,,P2,eel,mp,259687829,,,,,,,,,,,,,
,,P3,meat,mp,142786321,,,,,,,,,,,,,
,,S1,drink,assoc,467518,,,,,,,,,,,,,
,,S2,plate,assoc,40776951,,,,,,,,,,,,,
,,Un,x,x,,,,,,,,,,,,,,
,,Un,x,x,,,,,,,,,,,,,,
,,,,,,,,,,,,,,,,,,
9,smoke,,Linguistic unit,P type,Image ID,Female 2,Male 1,Male 2,Female 1,,Freq bin,Conc bin,Syllable,,,,,
,,Target,smoke,target,131389160,,,M2_Noun_single_1syll_179,F1_Noun_single_1syll_179,,7,7,1,,,,,
,,P1,soak,mp,183494525,,,,,,,,,,,,,
,,P2,x,x,x,,,,,,,,,,,,,
,,P3,yolk,mp,120690565,,,,,,,,,,,,,
,,S1,cigar,assoc,126855932,,,,,,,,,,,,,
,,S2,matchbox,assoc,313630025,,,,,,,,,,,,,
,,Un,oak,un,101169685,,,,,,,,,,,,,
,,Un,x,x,,,,,,,,,,,,,,
,,,,,,,,,,,,,,,,,,
10,net,,Linguistic unit,P type,Image ID,Female 2,Male 1,Male 2,Female 1,,Freq bin,Conc bin,Syllable,,,,,
,,Target,net,target,7273203,,,M2_Noun_single_1syll_180,F1_Noun_single_1syll_180,,7,7,1,,,,,
,,P1,vet,mp,196926983,,,,,,,,,,,,,
,,P2,knot,mp,200609186,,,,,,,,,,,,,
,,P3,jet (ski),mp,255572965,,,,,,,,,,,,,
,,S1,ball,assoc,195946388,,,,,,,,,,,,,
,,S2,fish,assoc,164790890,,,,,,,,,,,,,
,,Un,x,x,,,,,,,,,,,,,,
,,Un,x,x,,,,,,,,,,,,,,
,,,,,,,,,,,,,,,,,,
11,bell,,Linguistic unit,P type,Image ID,Female 2,Male 1,Male 2,Female 1,,Freq bin,Conc bin,Syllable,,,,,
,,Target,bell,target,941501,,,M2_Noun_single_1syll_183,F1_Noun_single_1syll_183,,7,7,1,,,,,
,,P1,hell,mp,134256908,,,,,,,,,,,,,
,,P2,shell,mp,50806008,,,,,,,,,,,,,
,,P3,cell,mp,183717002,,,,,,,,,,,,,
,,S1,church,assoc,24659568,,,,,,,,,,,,,
,,S2,school,assoc,77118403,,,,,,,,,,,,,
,,Un,x,x,,,,,,,,,,,,,,
,,Un,x,x,,,,,,,,,,,,,,
,,,,,,,,,,,,,,,,,,
12,pool,,Linguistic unit,P type,Image ID,Female 2,Male 1,Male 2,Female 1,,Freq bin,Conc bin,Syllable,,,,,
,,Target,pool,target,114459544,,,M2_Noun_single_1syll_184,F1_Noun_single_1syll_184,,7,7,1,,,,,
,,P1,school,close,77118403,,,,,,,,,,,,,
,,P2,tool,mp,316114658,,,,,,,,,,,,,
,,P3,stool,close,258189785,,,,,,,,,,,,,
,,S1,sea,assoc,341825012,,,,,,,,,,,,,
,,S2,swimming suit,assoc,145492156,,,,,,,,,,,,,
,,Un,x,x,,,,,,,,,,,,,,
,,Un,x,x,,,,,,,,,,,,,,
,,,,,,,,,,,,,,,,,,
13,wave,,Linguistic unit,P type,Image ID,Female 2,Male 1,Male 2,Female 1,,Freq bin,Conc bin,Syllable,,,,,
,,Target,wave,target,341825012,,,M2_Noun_single_1syll_185,F1_Noun_single_1syll_185,,7,7,1,,,,,
,,P1,cave,mp,175283300,,,,,,,,,,,,,
,,P2,x,x,x,,,,,,,,,,,,,
,,P3,grave,mp,374279860,,,,,,,,,,,,,
,,S1,boat,assoc,242000377,,,,,,,,,,,,,
,,S2,wind,assoc,60011,,,,,,,,,,,,,
,,Un,save,un,90869516,,,,,,,,,,,,,
,,Un,x,x,,,,,,,,,,,,,,
,,,,,,,,,,,,,,,,,,
14,plane,,Linguistic unit,P type,Image ID,Female 2,Male 1,Male 2,Female 1,,Freq bin,Conc bin,Syllable,,,,,
,,Target,plane,target,42196282,,,M2_Noun_single_1syll_186,F1_Noun_single_1syll_186,,7,7,1,,,,,
,,P1,lane,mp,21213726,,,,,,,,,,,,,
,,P2,x,x,x,,,,,,,,,,,,,
,,P3,pain,mp,174531992,,,,,,,,,,,,,
,,S1,boat,coord,157824602,,,,,,,,,,,,,
,,S2,car,coord,9545845848,,,,,,,,,,,,,
,,Un,pane,un,256784143,,,,,,,,,,,,,
,,Un,x,x,,,,,,,,,,,,,,
,,,,,,,,,,,,,,,,,,
15,suit,,Linguistic unit,P type,Image ID,Female 2,Male 1,Male 2,Female 1,,Freq bin,Conc bin,Syllable,,,,,
,,Target,suit,target,96547844,,,M2_Noun_single_1syll_187,F1_Noun_single_1syll_187,,7,7,1,,,,,
,,P1,boot,mp,103290425,,,,,,,,,,,,,
,,P2,root,mp,104458295,,,,,,,,,,,,,
,,P3,flute,mp,74014495,,,,,,,,,,,,,
,,S1,dress,coord,27455199,,,,,,,,,,,,,
,,S2,briefcase,assoc,95587774,,,,,,,,,,,,,
,,Un,x,x,,,,,,,,,,,,,,
,,Un,x,x,,,,,,,,,,,,,,
,,,,,,,,,,,,,,,,,,
16,pan,,Linguistic unit,P type,Image ID,Female 2,Male 1,Male 2,Female 1,,Freq bin,Conc bin,Syllable,,,,,
,,Target,pan,target,15791161,,,M2_Noun_single_1syll_188,F1_Noun_single_1syll_188,,7,7,1,,,,,
,,P1,can,mp,31871613,,,,,,,,,,,,,
,,P2,fan,mp,86530687,,,,,,,,,,,,,
,,P3,plan,mp,27330630,,,,,,,,,,,,,
,,S1,spoon,assoc,241049668,,,,,,,,,,,,,
,,S2,plate,assoc,40776951,,,,,,,,,,,,,
,,Un,x,x,,,,,,,,,,,,,,
,,Un,x,x,,,,,,,,,,,,,,
,,,,,,,,,,,,,,,,,,
17,gun,,Linguistic unit,P type,Image ID,Female 2,Male 1,Male 2,Female 1,,Freq bin,Conc bin,Syllable,,,,,
,,Target,gun,target,297191459,,,M2_Noun_single_1syll_189,F1_Noun_single_1syll_189,,7,7,1,,,,,
,,P1,bun,mp,255437584,,,,,,,,,,,,,
,,P2,sun,mp,11111,,,,,,,,,,,,,
,,P3,run,mp,11668575,,,,,,,,,,,,,
,,S1,police woman,assoc,5401774,,,,,,,,,,,,,
,,S2,knife,coord,22159341,,,,,,,,,,,,,
,,Un,x,x,,,,,,,,,,,,,,
,,Un,x,x,,,,,,,,,,,,,,
,,,,,,,,,,,,,,,,,,
18,lamb,,Linguistic unit,P type,Image ID,Female 2,Male 1,Male 2,Female 1,,Freq bin,Conc bin,Syllable,,,,,
,,Target,lamb,target,99703931,,,M2_Noun_single_1syll_190,F1_Noun_single_1syll_190,,7,7,1,,,,,
,,P1,jam,mp,134500634,,,,,,,,,,,,,
,,P2,dam,mp,113655994,,,,,,,,,,,,,
,,P3,tram,mp,93781645,,,,,,,,,,,,,
,,S1,calf,assoc,129933092,,,,,,,,,,,,,
,,S2,piglet,assoc,301031825,,,,,,,,,,,,,
,,Un,x,x,,,,,,,,,,,,,,
,,Un,x,x,,,,,,,,,,,,,,
,,,,,,,,,,,,,,,,,,
19,screen,,Linguistic unit,P type,Image ID,Female 2,Male 1,Male 2,Female 1,,Freq bin,Conc bin,Syllable,,,,,
,,Target,screen,target,234158740,,,M2_Noun_single_1syll_191,F1_Noun_single_1syll_191,,7,7,1,,,,,
,,P1,scream,mp,29662705,,,,,,,,,,,,,
,,P2,scene,mp,149938298,,,,,,,,,,,,,
,,P3,cream,close,3232937,,,,,,,,,,,,,
,,S1,keyboard,assoc,222047851,,,,,,,,,,,,,
,,S2,film,assoc,101597905,,,,,,,,,,,,,
,,Un,x,x,,,,,,,,,,,,,,
,,Un,x,x,,,,,,,,,,,,,,
,,,,,,,,,,,,,,,,,,
20,note,,Linguistic unit,P type,Image ID,Female 2,Male 1,Male 2,Female 1,,Freq bin,Conc bin,Syllable,,,,,
,,Target,note,target,13298068,,,M2_Noun_single_1syll_192,F1_Noun_single_1syll_192,,7,7,1,,,,,
,,P1,boat,mp,242000377,,,,,,,,,,,,,
,,P2,goat,mp,283711718,,,,,,,,,,,,,
,,P3,coat,mp,282882188,,,,,,,,,,,,,
,,S1,laptop,assoc,53715597,,,,,,,,,,,,,
,,S2,book,assoc,96598565,,,,,,,,,,,,,
,,Un,x,x,,,,,,,,,,,,,,
,,Un,x,x,,,,,,,,,,,,,,
,,,,,,,,,,,,,,,,,,
21,sheep,,Linguistic unit,P type,Image ID,Female 2,Male 1,Male 2,Female 1,,Freq bin,Conc bin,Syllable,,,,,
,,Target,sheep,target,54959410,,,M2_Noun_single_1syll_193,F1_Noun_single_1syll_193,,7,7,1,,,,,
,,P1,sheet,mp,6510816,,,,,,,,,,,,,
,,P2,shop,mp,36599685,,,,,,,,,,,,,
,,P3,ship,mp,154107677,,,,,,,,,,,,,
,,S1,goat,coord,283711718,,,,,,,,,,,,,
,,S2,cow,coord,4114507999,,,,,,,,,,,,,
,,Un,x,x,,,,,,,,,,,,,,
,,Un,x,x,,,,,,,,,,,,,,
,,,,,,,,,,,,,,,,,,
22,milk,,Linguistic unit,P type,Image ID,Female 2,Male 1,Male 2,Female 1,,Freq bin,Conc bin,Syllable,,,,,
,,Target,milk,target,33559462,F2_Noun_single_1syll_201,,M2_Noun_single_1syll_201,,,7,7,1,,,,,
,,P1,silk,mp,335717462,,,,,,,,,,,,,
,,P2,mill,mp,376154074,,,,,,,,,,,,,
,,P3,mink,mp,138468362,,,,,,,,,,,,,
,,S1,cheese,assoc,467941654,,,,,,,,,,,,,
,,S2,coffee,assoc,126791708,,,,,,,,,,,,,
,,Un,x,x,x,,,,,,,,,,,,,
,,Un,x,x,x,,,,,,,,,,,,,
,,,,,,,,,,,,,,,,,,
23,clothes,,Linguistic unit,P type,Image ID,Female 2,Male 1,Male 2,Female 1,,Freq bin,Conc bin,Syllable,,,,,
,,Target,clothes,target,222173905,F2_Noun_single_1syll_202,,M2_Noun_single_1syll_202,,,7,7,1,,,,,
,,P1,hose,mp,106051277,,,,,,,,,,,,,
,,P2,nose,mp,30725120,,,,,,,,,,,,,
,,P3,toes,mp,41543275,,,,,,,,,,,,,
,,S1,shop,assoc,258518522,,,,,,,,,,,,,
,,S2,wardrobe,assoc,33723657,,,,,,,,,,,,,
,,Un,x,x,x,,,,,,,,,,,,,
,,Un,x,x,x,,,,,,,,,,,,,
,,,,,,,,,,,,,,,,,,
24,bus,,Linguistic unit,P type,Image ID,Female 2,Male 1,Male 2,Female 1,,Freq bin,Conc bin,Syllable,,,,,
,,Target,bus,target,64567547654,F2_Noun_single_1syll_203,,M2_Noun_single_1syll_203,,,7,7,1,,,,,
,,P1,puss,mp,16409109,,,,,,,,,,,,,
,,P2,bust,mp,334771715,,,,,,,,,,,,,
,,P3,bun,mp,255437584,,,,,,,,,,,,,
,,S1,car,assoc,323450258,,,,,,,,,,,,,
,,S2,train,assoc,214028590,,,,,,,,,,,,,
,,Un,x,x,x,,,,,,,,,,,,,
,,Un,x,x,x,,,,,,,,,,,,,
,,,,,,,,,,,,,,,,,,
25,lift,,Linguistic unit,P type,Image ID,Female 2,Male 1,Male 2,Female 1,,Freq bin,Conc bin,Syllable,,,,,
,,Target,lift,target,20398704,F2_Noun_single_1syll_204,,M2_Noun_single_1syll_204,,,7,7,1,,,,,
,,P1,loft,mp,279318857,,,,,,,,,,,,,
,,P2,gift,mp,53354971,,,,,,,,,,,,,
,,P3,x,x,x,,,,,,,,,,,,,
,,S1,escalator,assoc,235322389,,,,,,,,,,,,,
,,S2,skyscraper,assoc,246847408,,,,,,,,,,,,,
,,Un,stairs,un,90409999,,,,,,,,,,,,,
,,Un,x,x,x,,,,,,,,,,,,,
,,,,,,,,,,,,,,,,,,
26,skin,,Linguistic unit,P type,Image ID,Female 2,Male 1,Male 2,Female 1,,Freq bin,Conc bin,Syllable,,,,,
,,Target,skin,target,260573111,F2_Noun_single_1syll_205,,M2_Noun_single_1syll_205,,,7,7,1,,,,,
,,P1,x,x,x,,,,,,,,,,,,,
,,P2,bin,mp,41314,,,,,,,,,,,,,
,,P3,tin,mp,31871613,,,,,,,,,,,,,
,,S1,skeleton,assoc,233393104,,,,,,,,,,,,,
,,S2,muscles,assoc,295422497,,,,,,,,,,,,,
,,Un,fin,un,182084594,,,,,,,,,,,,,
,,Un,x,x,x,,,,,,,,,,,,,
,,,,,,,,,,,,,,,,,,
27,hat,,Linguistic unit,P type,Image ID,Female 2,Male 1,Male 2,Female 1,,Freq bin,Conc bin,Syllable,,,,,
,,Target,hat,target,1695759612,F2_Noun_single_1syll_206,,M2_Noun_single_1syll_206,,,7,7,1,,,,,
,,P1,bat,mp,2226055,,,,,,,,,,,,,
,,P2,cat,mp,16409109,,,,,,,,,,,,,
,,P3,flat,mp,46214473,,,,,,,,,,,,,
,,S1,hair,assoc,41395810,,,,,,,,,,,,,
,,S2,glasses,assoc,40557715,,,,,,,,,,,,,
,,Un,x,x,x,,,,,,,,,,,,,
,,Un,x,x,x,,,,,,,,,,,,,
,,,,,,,,,,,,,,,,,,
28,roof,,Linguistic unit,P type,Image ID,Female 2,Male 1,Male 2,Female 1,,Freq bin,Conc bin,Syllable,,,,,
,,Target,roof,target,106637366,F2_Noun_single_1syll_216,,M2_Noun_single_1syll_216,,,7,7,1,,,,,
,,P1,tooth,close,382306536,,,,,,,,,,,,,
,,P2,hoof,close,221163019,,,,,,,,,,,,,
,,P3,x,x,x,,,,,,,,,,,,,
,,S1,chimney,assoc,71542111,,,,,,,,,,,,,
,,S2,wall,coord,152469683,,,,,,,,,,,,,
,,Un,x,x,x,,,,,,,,,,,,,
,,Un,toothbrush,un,28093608,,,,,,,,,,,,,
,,,,,,,,,,,,,,,,,,
29,sauce,,Linguistic unit,P type,Image ID,Female 2,Male 1,Male 2,Female 1,,Freq bin,Conc bin,Syllable,,,,,
,,Target,sauce,target,34015735,F2_Noun_single_1syll_227,,M2_Noun_single_1syll_227,,,7,7,1,,,,,
,,P1,sword,mp,187830593,,,,,,,,,,,,,
,,P2,saw,mp,20346460,,,,,,,,,,,,,
,,P3,horse,mp,296131085,,,,,,,,,,,,,
,,S1,salt,coord,21575860,,,,,,,,,,,,,
,,S2,x,x,x,,,,,,,,,,,,,
,,Un,pig,un,182523626,,,,,,,,,,,,,
,,Un,x,x,x,,,,,,,,,,,,,
,,,,,,,,,,,,,,,,,,
30,hole,,Linguistic unit,P type,Image ID,Female 2,Male 1,Male 2,Female 1,,Freq bin,Conc bin,Syllable,,,,,
,,Target,hole (in a sock),target,272268626,F2_Noun_single_1syll_237,,M2_Noun_single_1syll_237,,,7,7,1,,,,,
,,P1,mole,mp,260573111,,,,,,,,,,,,,
,,P2,hoe,mp,153540158,,,,,,,,,,,,,
,,P3,hose,mp,106051277,,,,,,,,,,,,,
,,S1,knitting,assoc,360527153,,,,,,,,,,,,,
,,S2,new socks,assoc,249013738,,,,,,,,,,,,,
,,Un,x,x,x,,,,,,,,,,,,,
,,Un,x,x,x,,,,,,,,,,,,,
,,,,,,,,,,,,,,,,,,
31,crowd,,Linguistic unit,P type,Image ID,Female 2,Male 1,Male 2,Female 1,,Freq bin,Conc bin,Syllable,,,,,
,,Target,crowd,target,60003,F2_Noun_single_1syll_238,,M2_Noun_single_1syll_238,,,7,7,1,,,,,
,,P1,cloud,mp,34993927,,,,,,,,,,,,,
,,P2,crown,mp,37385332,,,,,,,,,,,,,
,,P3,loud,close,29662705,,,,,,,,,,,,,
,,S1,empty street,assoc,119690572,,,,,,,,,,,,,
,,S2,traffic,assoc,6000222,,,,,,,,,,,,,
,,Un,x,x,x,,,,,,,,,,,,,
,,Un,x,x,x,,,,,,,,,,,,,
,,,,,,,,,,,,,,,,,,
32,cloud,,Linguistic unit,P type,Image ID,Female 2,Male 1,Male 2,Female 1,,Freq bin,Conc bin,Syllable,,,,,
,,Target,cloud,target,34993927,F2_Noun_single_1syll_239,,M2_Noun_single_1syll_239,,,7,7,1,,,,,
,,P1,crowd,mp,60003,,,,,,,,,,,,,
,,P2,clown,mp,169753799,,,,,,,,,,,,,
,,P3,claw,mp,179789882,,,,,,,,,,,,,
,,S1,plain sky,assoc,119845582,,,,,,,,,,,,,
,,S2,rainfall,assoc,148484927,,,,,,,,,,,,,
,,Un,x,x,x,,,,,,,,,,,,,
,,Un,x,x,x,,,,,,,,,,,,,
,,,,,,,,,,,,,,,,,,
33,ship,,Linguistic unit,P type,Image ID,Female 2,Male 1,Male 2,Female 1,,Freq bin,Conc bin,Syllable,,,,,
,,Target,ship,target,154107677,F2_Noun_single_1syll_240,,M2_Noun_single_1syll_240,,,7,7,1,,,,,
,,P1,chips,close,37659009,,,,,,,,,,,,,
,,P2,sip,mp,1941570,,,,,,,,,,,,,
,,P3,sheep,mp,54959410,,,,,,,,,,,,,
,,S1,captain,assoc,276834866,,,,,,,,,,,,,
,,S2,kayak,assoc,35138139,,,,,,,,,,,,,
,,Un,x,x,x,,,,,,,,,,,,,
,,Un,x,x,x,,,,,,,,,,,,,
,,,,,,,,,,,,,,,,,,
34,kid,,Linguistic unit,P type,Image ID,Female 2,Male 1,Male 2,Female 1,,Freq bin,Conc bin,Syllable,,,,,
,,Target,kid,target,17985635,F2_Noun_single_1syll_241,,M2_Noun_single_1syll_241,,,7,7,1,,,,,
,,P1,lid,mp,365532281,,,,,,,,,,,,,
,,P2,grid,mp,335035877,,,,,,,,,,,,,
,,P3,x,x,x,,,,,,,,,,,,,
,,S1,adult,assoc,2519003,,,,,,,,,,,,,
,,S2,playground,assoc,42543815,,,,,,,,,,,,,
,,Un,kayak,un,35138139,,,,,,,,,,,,,
,,Un,x,x,x,,,,,,,,,,,,,
,,,,,,,,,,,,,,,,,,
35,wood,,Linguistic unit,P type,Image ID,Female 2,Male 1,Male 2,Female 1,,Freq bin,Conc bin,Syllable,,,,,
,,Target,wood,target,256933990,F2_Noun_single_1syll_242,,M2_Noun_single_1syll_242,,,7,7,1,,,,,
,,P1,wool,mp,234180859,,,,,,,,,,,,,
,,P2,hood,mp,326456171,,,,,,,,,,,,,
,,P3,wool,mp,234180859,,,,,,,,,,,,,
,,S1,nest,assoc,261696743,,,,,,,,,,,,,
,,S2,saw,assoc,20346460,,,,,,,,,,,,,
,,Un,x,x,x,,,,,,,,,,,,,
,,Un,x,x,x,,,,,,,,,,,,,
,,,,,,,,,,,,,,,,,,
36,mouth,,Linguistic unit,P type,Image ID,Female 2,Male 1,Male 2,Female 1,,Freq bin,Conc bin,Syllable,,,,,
,,Target,mouth,target,16776497,F2_Noun_single_1syll_243,,M2_Noun_single_1syll_243,,,7,7,1,,,,,
,,P1,south,mp,255437761,,,,,,,,,,,,,
,,P2,mouse,mp,38857743,,,,,,,,,,,,,
,,P3,moth,close,294389513,,,,,,,,,,,,,
,,S1,eye,assoc,25168917,,,,,,,,,,,,,
,,S2,lipstick,assoc,285503072,,,,,,,,,,,,,
,,Un,x,x,x,,,,,,,,,,,,,
,,Un,x,x,x,,,,,,,,,,,,,
,,,,,,,,,,,,,,,,,,
37,snow,,Linguistic unit,P type,Image ID,Female 2,Male 1,Male 2,Female 1,,Freq bin,Conc bin,Syllable,,,,,
,,Target,snow,target,372064699,F2_Noun_single_1syll_245,,M2_Noun_single_1syll_245,,,7,7,1,,,,,
,,P1,bow,mp,218792995,,,,,,,,,,,,,
,,P2,toe,mp,706954256,,,,,,,,,,,,,
,,P3,plough,close,334650443,,,,,,,,,,,,,
,,S1,rain,assoc,43859197,,,,,,,,,,,,,
,,S2,cold,assoc,28666396,,,,,,,,,,,,,
,,Un,x,x,x,,,,,,,,,,,,,
,,Un,x,x,x,,,,,,,,,,,,,
,,,,,,,,,,,,,,,,,,
38,egg,,Linguistic unit,P type,Image ID,Female 2,Male 1,Male 2,Female 1,,Freq bin,Conc bin,Syllable,,,,,
,,Target,egg,target,120690565,F2_Noun_single_1syll_246,,M2_Noun_single_1syll_246,,,7,7,1,,,,,
,,P1,leg,mp,8677638,,,,,,,,,,,,,
,,P2,keg,mp,151451303,,,,,,,,,,,,,
,,P3,peg,mp,217046,,,,,,,,,,,,,
,,S1,hen,assoc,159430508,,,,,,,,,,,,,
,,S2,bacon,assoc,249194314,,,,,,,,,,,,,
,,Un,x,x,x,,,,,,,,,,,,,
,,Un,x,x,x,,,,,,,,,,,,,
,,,,,,,,,,,,,,,,,,
39,meat,,Linguistic unit,P type,Image ID,Female 2,Male 1,Male 2,Female 1,,Freq bin,Conc bin,Syllable,,,,,
,,Target,meat,target,296284007,F2_Noun_single_1syll_247,,M2_Noun_single_1syll_247,,,7,7,1,,,,,
,,P1,seat,mp,111217772,,,,,,,,,,,,,
,,P2,meal,mp,242752654,,,,,,,,,,,,,
,,P3,mat,mp,35213598,,,,,,,,,,,,,
,,S1,vegetables,assoc,35749240,,,,,,,,,,,,,
,,S2,knife,assoc,414583714,,,,,,,,,,,,,
,,Un,x,x,x,,,,,,,,,,,,,
,,Un,x,x,x,,,,,,,,,,,,,
,,,,,,,,,,,,,,,,,,
40,cake,,Linguistic unit,P type,Image ID,Female 2,Male 1,Male 2,Female 1,,Freq bin,Conc bin,Syllable,,,,,
,,Target,cake,target,1684878,F2_Noun_single_1syll_248,,M2_Noun_single_1syll_248,,,7,7,1,,,,,
,,P1,rake,mp,161480588,,,,,,,,,,,,,
,,P2,flake,close,329189048,,,,,,,,,,,,,
,,P3,snake,close,81449107,,,,,,,,,,,,,
,,S1,chocolate,assoc,238754788,,,,,,,,,,,,,
,,S2,oven,assoc,129827282,,,,,,,,,,,,,
,,Un,x,x,x,,,,,,,,,,,,,
,,Un,x,x,x,,,,,,,,,,,,,
,,,,,,,,,,,,,,,,,,
41,plant,,Linguistic unit,P type,Image ID,Female 2,Male 1,Male 2,Female 1,,Freq bin,Conc bin,Syllable,,,,,
,,Target,plant,target,51599364,F2_Noun_single_1syll_249,,M2_Noun_single_1syll_249,,,7,7,1,,,,,
,,P1,pants,close,39108647,,,,,,,,,,,,,
,,P2,plan,mp,27330630,,,,,,,,,,,,,
,,P3,plait,mp,288040880,,,,,,,,,,,,,
,,S1,pot,assoc,102442264,,,,,,,,,,,,,
,,S2,watering can,assoc,95225710,,,,,,,,,,,,,
,,Un,x,x,x,,,,,,,,,,,,,
,,Un,x,x,x,,,,,,,,,,,,,
,,,,,,,,,,,,,,,,,,
42,farm,,Linguistic unit,P type,Image ID,Female 2,Male 1,Male 2,Female 1,,Freq bin,Conc bin,Syllable,,,,,
,,Target,farm,target,653425,F2_Noun_single_1syll_250,,M2_Noun_single_1syll_250,,,7,7,1,,,,,
,,P1,arm,mp,173319965,,,,,,,,,,,,,
,,P2,form,mp,1034819,,,,,,,,,,,,,
,,P3,foam,close,74189155,,,,,,,,,,,,,
,,S1,cow,assoc,129933092,,,,,,,,,,,,,
,,S2,stables,assoc,168274,,,,,,,,,,,,,
,,Un,x,x,x,,,,,,,,,,,,,
,,Un,x,x,x,,,,,,,,,,,,,
,,,,,,,,,,,,,,,,,,
43,hall,,Linguistic unit,P type,Image ID,Female 2,Male 1,Male 2,Female 1,,Freq bin,Conc bin,Syllable,,,,,
,,Target,hall,target,46714759,F2_Noun_single_1syll_251,,M2_Noun_single_1syll_251,,,7,7,1,,,,,
,,P1,ball,mp,40167793,,,,,,,,,,,,,
,,P2,doll,mp,230292730,,,,,,,,,,,,,
,,P3,wall,mp,637571,,,,,,,,,,,,,
,,S1,living room,assoc,51628836,,,,,,,,,,,,,
,,S2,coat rack,assoc,284764055,,,,,,,,,,,,,
,,Un,x,x,x,,,,,,,,,,,,,
,,Un,x,x,x,,,,,,,,,,,,,
,,,,,,,,,,,,,,,,,,
44,wine,,Linguistic unit,P type,Image ID,Female 2,Male 1,Male 2,Female 1,,Freq bin,Conc bin,Syllable,,,,,
,,Target,wine,target,38794261,F2_Noun_single_1syll_252,,M2_Noun_single_1syll_252,,,7,7,1,,,,,
,,P1,pine,mp,77554865,,,,,,,,,,,,,
,,P2,sign,mp,171820049,,,,,,,,,,,,,
,,P3,spine,mp,174531992,,,,,,,,,,,,,
,,S1,beer,assoc,123784216,,,,,,,,,,,,,
,,S2,opener,assoc,214894333,,,,,,,,,,,,,
,,Un,x,x,x,,,,,,,,,,,,,
,,Un,x,x,x,,,,,,,,,,,,,
,,,,,,,,,,,,,,,,,,
45,roll,,Linguistic unit,P type,Image ID,Female 2,Male 1,Male 2,Female 1,,Freq bin,Conc bin,Syllable,,,,,
,,Target,roll,target,242946103,F2_Noun_single_1syll_253,,M2_Noun_single_1syll_253,,,7,7,1,,,,,
,,P1,mole,mp,260573111,,,,,,,,,,,,,
,,P2,hole,mp,1854488571,,,,,,,,,,,,,
,,P3,bowl,mp,180989537,,,,,,,,,,,,,
,,S1,butter,assoc,157625549,,,,,,,,,,,,,
,,S2,bread,assoc,345059612,,,,,,,,,,,,,
,,Un,x,x,x,,,,,,,,,,,,,
,,Un,x,x,x,,,,,,,,,,,,,
,,,,,,,,,,,,,,,,,,
46,leg,,Linguistic unit,P type,Image ID,Female 2,Male 1,Male 2,Female 1,,Freq bin,Conc bin,Syllable,,,,,
,,Target,leg,target,8677638,F2_Noun_single_1syll_254,,M2_Noun_single_1syll_254,,,7,7,1,,,,,
,,P1,egg,mp,120690565,,,,,,,,,,,,,
,,P2,peg,mp,217046,,,,,,,,,,,,,
,,P3,keg,mp,151451303,,,,,,,,,,,,,
,,S1,arm,assoc,173319965,,,,,,,,,,,,,
,,S2,foot,assoc,41543275,,,,,,,,,,,,,
,,Un,x,x,x,,,,,,,,,,,,,
,,Un,x,x,x,,,,,,,,,,,,,
,,,,,,,,,,,,,,,,,,
47,bag,,Linguistic unit,P type,Image ID,Female 2,Male 1,Male 2,Female 1,,Freq bin,Conc bin,Syllable,,,,,
,,Target,bag,target,6355906,F2_Noun_single_1syll_255,,M2_Noun_single_1syll_255,,,7,7,1,,,,,
,,P1,tag,mp,307940078,,,,,,,,,,,,,
,,P2,flag,mp,136536068,,,,,,,,,,,,,
,,P3,bug,mp,317723675,,,,,,,,,,,,,
,,S1,purse,assoc,38785265,,,,,,,,,,,,,
,,S2,suitcase,assoc,97634747,,,,,,,,,,,,,
,,Un,x,x,x,,,,,,,,,,,,,
,,Un,x,x,x,,,,,,,,,,,,,
,,,,,,,,,,,,,,,,,,
48,boat,,Linguistic unit,P type,Image ID,Female 2,Male 1,Male 2,Female 1,,Freq bin,Conc bin,Syllable,,,,,
,,Target,boat,target,242000377,F2_Noun_single_1syll_256,,M2_Noun_single_1syll_256,,,7,7,1,,,,,
,,P1,coat,mp,282882188,,,,,,,,,,,,,
,,P2,goat,mp,283711718,,,,,,,,,,,,,
,,P3,note,mp,236808625,,,,,,,,,,,,,
,,S1,plane,assoc,119845582,,,,,,,,,,,,,
,,S2,captain,assoc,276834866,,,,,,,,,,,,,
,,Un,x,x,x,,,,,,,,,,,,,
,,Un,x,x,x,,,,,,,,,,,,,
,,,,,,,,,,,,,,,,,,
49,cream,,Linguistic unit,P type,Image ID,Female 2,Male 1,Male 2,Female 1,,Freq bin,Conc bin,Syllable,,,,,
,,Target,cream,target,3232937,F2_Noun_single_1syll_257,,M2_Noun_single_1syll_257,,,7,7,1,,,,,
,,P1,beam,mp,1103549871,,,,,,,,,,,,,
,,P2,steam,mp,201801209,,,,,,,,,,,,,
,,P3,dream,mp,508856881,,,,,,,,,,,,,
,,S1,yoghurt,assoc,136869080,,,,,,,,,,,,,
,,S2,ice,assoc,10293484,,,,,,,,,,,,,
,,Un,x,x,x,,,,,,,,,,,,,
,,Un,x,x,x,,,,,,,,,,,,,
,,,,,,,,,,,,,,,,,,
50,ring,,Linguistic unit,P type,Image ID,Female 2,Male 1,Male 2,Female 1,,Freq bin,Conc bin,Syllable,,,,,
,,Target,ring,target,38096278,F2_Noun_single_1syll_258,,M2_Noun_single_1syll_258,,,7,7,1,,,,,
,,P1,king,mp,236052655,,,,,,,,,,,,,
,,P2,wing,mp,239099179,,,,,,,,,,,,,
,,P3,string,mp,218792995,,,,,,,,,,,,,
,,S1,bracelet,assoc,17659429,,,,,,,,,,,,,
,,S2,fingers,assoc,302609414,,,,,,,,,,,,,
,,Un,x,x,x,,,,,,,,,,,,,
,,Un,x,x,x,,,,,,,,,,,,,
,,,,,,,,,,,,,,,,,,
51,band,,Linguistic unit,P type,Image ID,Female 2,Male 1,Male 2,Female 1,,Freq bin,Conc bin,Syllable,,,,,
,,Target,band,target,132936830,F2_Noun_single_1syll_259,,M2_Noun_single_1syll_259,,,7,7,1,,,,,
,,P1,hand,mp,300833372,,,,,,,,,,,,,
,,P2,land,mp,110470019,,,,,,,,,,,,,
,,P3,sand,mp,104151680,,,,,,,,,,,,,
,,S1,concert (crowd),assoc,256140502,,,,,,,,,,,,,
,,S2,microphone,assoc,556925,,,,,,,,,,,,,
,,Un,x,x,x,,,,,,,,,,,,,
,,Un,x,x,x,,,,,,,,,,,,,
,,,,,,,,,,,,,,,,,,
1,ball,,Linguistic unit,P type,Image ID,Female 2,Male 1,Male 2,Female 1,,Freq bin,Conc bin,Syllable,,,,,
,,Target,ball,target,66600742,F2_Noun_single_1syll_1,M2_Noun_single_1syll_1,,,,8,7,1,,,,,
,,P1,wall,mp,637571,,,,,,,,,,,,,
,,P2,bell,mp,941501,,,,,,,,,,,,,
,,P3,bull,mp,156005849,,,,,,,,,,,,,
,,S1,net,assoc,4675954,,,,,,,,,,,,,
,,S2,bat,assoc,26515435,,,,,,,,,,,,,
,,Un,x,x,x,,,,,,,,,,,,,
,,Un,x,x,x,,,,,,,,,,,,,
,,,,,,,,,,,,,,,,,,
2,bed,,Linguistic unit,P type,Image ID,Female 2,Male 1,Male 2,Female 1,,Freq bin,Conc bin,Syllable,,,,,
,,Target,bed,target,33724414,F2_Noun_single_1syll_2,M2_Noun_single_1syll_2,,,,8,7,1,,,,,
,,P1,bread,mp,50853980,,,,,,,,,,,,,
,,P2,shed,mp,384775804,,,,,,,,,,,,,
,,P3,head,mp,6476493,,,,,,,,,,,,,
,,S1,pyjamas,assoc,22391895,,,,,,,,,,,,,
,,S2,pillow,assoc,33505055,,,,,,,,,,,,,
,,Un,x,x,x,,,,,,,,,,,,,
,,Un,x,x,x,,,,,,,,,,,,,
,,,,,,,,,,,,,,,,,,
3,fish,,Linguistic unit,P type,Image ID,Female 2,Male 1,Male 2,Female 1,,Freq bin,Conc bin,Syllable,,,,,
,,Target,fish,target,43919281,F2_Noun_single_1syll_3,M2_Noun_single_1syll_3,,,,8,7,1,,,,,
,,P1,fist,mp,14094666,,,,,,,,,,,,,
,,P2,dish,mp,40776951,,,,,,,,,,,,,
,,P3,wish,mp,298189988,,,,,,,,,,,,,
,,S1,chips,assoc,37659009,,,,,,,,,,,,,
,,S2,crab,coord,38324722,,,,,,,,,,,,,
,,Un,x,x,x,,,,,,,,,,,,,
,,Un,x,x,x,,,,,,,,,,,,,
,,,,,,,,,,,,,,,,,,
4,house,,Linguistic unit,P type,Image ID,Female 2,Male 1,Male 2,Female 1,,Freq bin,Conc bin,Syllable,,,,,
,,Target,house,target,90784409,F2_Noun_single_1syll_4,M2_Noun_single_1syll_4,,,,8,7,1,,,,,
,,P1,horse,mp,5685458,,,,,,,,,,,,,
,,P2,mouse,mp,38857743,,,,,,,,,,,,,
,,P3,hearse,mp,14133649,,,,,,,,,,,,,
,,S1,garage,assoc,42606184,,,,,,,,,,,,,
,,S2,shed,assoc,384775804,,,,,,,,,,,,,
,,Un,x,x,x,,,,,,,,,,,,,
,,Un,x,x,x,,,,,,,,,,,,,
,,,,,,,,,,,,,,,,,,
5,men,,Linguistic unit,P type,Image ID,Female 2,Male 1,Male 2,Female 1,,Freq bin,Conc bin,Syllable,,,,,
,,Target,men,target,230644264,F2_Noun_single_1syll_6,M2_Noun_single_1syll_6,,,,8,7,1,,,,,
,,P1,hen,mp,159430508,,,,,,,,,,,,,
,,P2,pen,mp,42632431,,,,,,,,,,,,,
,,P3,ten,mp,150102242,,,,,,,,,,,,,
,,S1,women,assoc,309289829,,,,,,,,,,,,,
,,S2,car,assoc,323450258,,,,,,,,,,,,,
,,Un,x,x,x,,,,,,,,,,,,,
,,Un,x,x,x,,,,,,,,,,,,,
,,,,,,,,,,,,,,,,,,
6,book,,Linguistic unit,P type,Image ID,Female 2,Male 1,Male 2,Female 1,,Freq bin,Conc bin,Syllable,,,,,
,,Target,book,target,17580496,F2_Noun_single_1syll_7,M2_Noun_single_1syll_7,,,,8,7,1,,,,,
,,P1,hook,mp,47122173,,,,,,,,,,,,,
,,P2,beak,mp,4675194,,,,,,,,,,,,,
,,P3,back,mp,174531992,,,,,,,,,,,,,
,,S1,newspaper,coord,5673755,,,,,,,,,,,,,
,,S2,menu,coord,39808052,,,,,,,,,,,,,
,,Un,x,x,x,,,,,,,,,,,,,
,,Un,x,x,x,,,,,,,,,,,,,
,,,,,,,,,,,,,,,,,,
7,face,,Linguistic unit,P type,Image ID,Female 2,Male 1,Male 2,Female 1,,Freq bin,Conc bin,Syllable,,,,,
,,Target,face,target,7317010,F2_Noun_single_1syll_12,M2_Noun_single_1syll_12,,,,8,7,1,,,,,
,,P1,lace,mp,65485245,,,,,,,,,,,,,
,,P2,space,mp,12645088,,,,,,,,,,,,,
,,P3,race,mp,115338595,,,,,,,,,,,,,
,,S1,lips,assoc,16776497,,,,,,,,,,,,,
,,S2,hair,assoc,41395810,,,,,,,,,,,,,
,,Un,x,x,x,,,,,,,,,,,,,
,,Un,x,x,x,,,,,,,,,,,,,
,,,,,,,,,,,,,,,,,,
8,wall,,Linguistic unit,P type,Image ID,Female 2,Male 1,Male 2,Female 1,,Freq bin,Conc bin,Syllable,,,,,
,,Target,wall,target,637571,F2_Noun_single_1syll_14,M2_Noun_single_1syll_14,,,,8,7,1,,,,,
,,P1,ball,mp,66600742,,,,,,,,,,,,,
,,P2,wheel,mp,18144860,,,,,,,,,,,,,
,,P3,wart,mp,88954987,,,,,,,,,,,,,
,,S1,brick,assoc,45246316,,,,,,,,,,,,,
,,S2,fence,coord,465975,,,,,,,,,,,,,
,,Un,x,x,x,,,,,,,,,,,,,
,,Un,x,x,x,,,,,,,,,,,,,
,,,,,,,,,,,,,,,,,,
9,neck,,Linguistic unit,P type,Image ID,Female 2,Male 1,Male 2,Female 1,,Freq bin,Conc bin,Syllable,,,,,
,,Target,neck,target,282239075,F2_Noun_single_1syll_31,M1_Noun_single_1syll_31,,,,8,7,1,,,,,
,,P1,cheque,mp,19381165,,,,,,,,,,,,,
,,P2,wreck,mp,315699206,,,,,,,,,,,,,
,,P3,x,x,x,,,,,,,,,,,,,
,,S1,necklace,coord,18132728,,,,,,,,,,,,,
,,S2,ankle,coord,112950334,,,,,,,,,,,,,
,,Un,scarf,subord,325418279,,,,,,,,,,,,,
,,Un,x,x,x,,,,,,,,,,,,,
,,,,,,,,,,,,,,,,,,
10,guy,,Linguistic unit,P type,Image ID,Female 2,Male 1,Male 2,Female 1,,Freq bin,Conc bin,Syllable,,,,,
,,Target,guy,target,35314865,F2_Noun_single_1syll_36,M1_Noun_single_1syll_36,,,,8,7,1,,,,,
,,P1,tie,mp,193059866,,,,,,,,,,,,,
,,P2,pie,mp,32863584,,,,,,,,,,,,,
,,P3,eye,mp,59092591,,,,,,,,,,,,,
,,S1,girl,coord,194852984,,,,,,,,,,,,,
,,S2,woman,coord,321504251,,,,,,,,,,,,,
,,Un,x,x,x,,,,,,,,,,,,,
,,Un,x,x,x,,,,,,,,,,,,,
,,,,,,,,,,,,,,,,,,
11,gold,,Linguistic unit,P type,Image ID,Female 2,Male 1,Male 2,Female 1,,Freq bin,Conc bin,Syllable,,,,,
,,Target,gold,target,17808023,F2_Noun_single_1syll_53,M1_Noun_single_1syll_53,,,,8,7,1,,,,,
,,P1,cold,mp,28666396,,,,,,,,,,,,,
,,P2,mould,mp,265967048,,,,,,,,,,,,,
,,P3,goal,mp,201975412,,,,,,,,,,,,,
,,S1,silver,assoc,218030857,,,,,,,,,,,,,
,,S2,money,assoc,236808625,,,,,,,,,,,,,
,,Un,x,x,x,,,,,,,,,,,,,
,,Un,x,x,x,,,,,,,,,,,,,
,,,,,,,,,,,,,,,,,,
12,child,,Linguistic unit,P type,Image ID,Female 2,Male 1,Male 2,Female 1,,Freq bin,Conc bin,Syllable,,,,,
,,Target,child,target,153350132,F2_Noun_single_1syll_55,M1_Noun_single_1syll_55,,,,8,7,1,,,,,
,,P1,chive,distant,252721840,,,,,,,,,,,,,
,,P2,chin,distant,38230510,,,,,,,,,,,,,
,,S1,pram,assoc,80317405,,,,,,,,,,,,,
,,S2,scooter,assoc,69539644,,,,,,,,,,,,,
,,S3,adult,coord,32511024,,,,,,,,,,,,,
,,Un,x,x,x,,,,,,,,,,,,,
,,Un,x,x,x,,,,,,,,,,,,,
,,,,,,,,,,,,,,,,,,
13,room,,Linguistic unit,P type,Image ID,Female 2,Male 1,Male 2,Female 1,,Freq bin,Conc bin,Syllable,,,,,
,,Target,room,target,167662,F2_Noun_single_1syll_57,M1_Noun_single_1syll_57,,,,8,7,1,,,,,
,,P1,broom,mp,71680558,,,,,,,,,,,,,
,,P2,roof,mp,106637366,,,,,,,,,,,,,
,,P3,root,mp,104458295,,,,,,,,,,,,,
,,S1,sofa,assoc,14352447,,,,,,,,,,,,,
,,S2,bathroom,assoc,5689075,,,,,,,,,,,,,
,,Un,x,x,x,,,,,,,,,,,,,
,,Un,x,x,x,,,,,,,,,,,,,
,,,,,,,,,,,,,,,,,,
14,food,,Linguistic unit,P type,Image ID,Female 2,Male 1,Male 2,Female 1,,Freq bin,Conc bin,Syllable,,,,,
,,Target,food,target,19579305,F2_Noun_single_1syll_64,M1_Noun_single_1syll_64,,,,8,7,1,,,,,
,,P1,foot,close,700001,,,,,,,,,,,,,
,,P2,brood,mp,319643144,,,,,,,,,,,,,
,,P3,x,x,x,,,,,,,,,,,,,
,,S1,fork,assoc,128536343,,,,,,,,,,,,,
,,S2,drink,assoc,12522351,,,,,,,,,,,,,
,,Un,wine,un,242159350,,,,,,,,,,,,,
,,Un,x,x,x,,,,,,,,,,,,,
,,,,,,,,,,,,,,,,,,
15,sea,,Linguistic unit,P type,Image ID,Female 2,Male 1,Male 2,Female 1,,Freq bin,Conc bin,Syllable,,,,,
,,Target,sea,target,341825012,F2_Noun_single_1syll_67,M1_Noun_single_1syll_67,,,,8,7,1,,,,,
,,P1,tea,mp,33978516,,,,,,,,,,,,,
,,P2,bee,mp,326838527,,,,,,,,,,,,,
,,P3,key,mp,27229660,,,,,,,,,,,,,
,,S1,boat,assoc,242000377,,,,,,,,,,,,,
,,S2,seashell,assoc,50806008,,,,,,,,,,,,,
,,Un,x,x,x,,,,,,,,,,,,,
,,Un,x,x,x,,,,,,,,,,,,,
,,,,,,,,,,,,,,,,,,
16,film,,Linguistic unit,P type,Image ID,Female 2,Male 1,Male 2,Female 1,,Freq bin,Conc bin,Syllable,,,,,
,,Target,film,target,101597905,F2_Noun_single_1syll_69,M1_Noun_single_1syll_69,,,,8,7,1,,,,,
,,P1,kiln,close,72827977,,,,,,,,,,,,,
,,P2,flame,distant,229764619,,,,,,,,,,,,,
,,P3,field,distant,110470019,,,,,,,,,,,,,
,,S3,camcorder,assoc,172659737,,,,,,,,,,,,,
,,S4,stage,assoc,149938298,,,,,,,,,,,,,
,,Un,x,x,x,,,,,,,,,,,,,
,,Un,x,x,x,,,,,,,,,,,,,
,,,,,,,,,,,,,,,,,,
1,baby,,Linguistic unit,P type,Image ID,Male 1,Female 2,Male 2,Female 1,,Freq bin,Conc bin,Syllable,,,,,
,,Target,baby,Target,37433095,,F2_Noun_single_2syll_1,M2_Noun_single_2syll_1,,,8,7,2,,,,,
,,P1,ruby,distant,20550778,,,,,,,,,,,,,
,,P2,berry,distant,384695,,,,,,,,,,,,,
,,P3,x,x,x,,,,,,,,,,,,,
,,S1,bottle,assoc,13699445,,,,,,,,,,,,,
,,S2,buggy,assoc,27368260,,,,,,,,,,,,,
,,Un,gold,un,17808023,,,,,,,,,,,,,
,,Un,x,x,x,,,,,,,,,,,,,
,,,,,,,,,,,,,,,,,,
2,water,,Linguistic unit,P type,Image ID,Male 1,Female 2,Male 2,Female 1,,Freq bin,Conc bin,Syllable,,,,,
,,Target,water,Target,12522351,,F2_Noun_single_2syll_2,M2_Noun_single_2syll_2,,,8,7,2,,,,,
,,P1,waiter,mp,35510165,,,,,,,,,,,,,
,,P2,letter,distant,47105947,,,,,,,,,,,,,
,,P3,winter,distant,21771130,,,,,,,,,,,,,
,,S1,tap,assoc,649757,,,,,,,,,,,,,
,,S2,juice,assoc,467518,,,,,,,,,,,,,
,,Un,x,x,x,,,,,,,,,,,,,
,,Un,x,x,x,,,,,,,,,,,,,
,,,,,,,,,,,,,,,,,,
3,garden,,Linguistic unit,P type,Image ID,Male 1,Female 2,Male 2,Female 1,,Freq bin,Conc bin,Syllable,,,,,
,,Target,garden,Target,10630510,,F2_Noun_single_2syll_3,M2_Noun_single_2syll_3,,,8,7,2,,,,,
,,P1,guardsman,close,159601043,,,,,,,,,,,,,
,,P2,x,x,x,,,,,,,,,,,,,
,,P3,x,x,x,,,,,,,,,,,,,
,,S1,shed,assoc,384775804,,,,,,,,,,,,,
,,S2,house,assoc,90784409,,,,,,,,,,,,,
,,Un,soldier,un,29989042,,,,,,,,,,,,,
,,Un,berry,assoc,384695,,,,,,,,,,,,,
,,,,,,,,,,,,,,,,,,
4,office,,Linguistic unit,P type,Image ID,Male 1,Female 2,Male 2,Female 1,,Freq bin,Conc bin,Syllable,,,,,
,,Target,office,Target,111740954,,F2_Noun_single_2syll_4,M2_Noun_single_2syll_4,,,8,7,2,,,,,
,,P1,x,x,x,,,,,,,,,,,,,
,,P2,lettuce,distant,397771522,,,,,,,,,,,,,
,,P3,x,x,x,,,,,,,,,,,,,
,,S1,computer,assoc,876153,,,,,,,,,,,,,
,,S2,house,assoc,90784409,,,,,,,,,,,,,
,,Un,tomato,un,32087522,,,,,,,,,,,,,
,,Un,office chair,assoc,306443561,,,,,,,,,,,,,
,,,,,,,,,,,,,,,,,,
5,bedroom,,Linguistic unit,P type,Image ID,Male 1,Female 2,Male 2,Female 1,,Freq bin,Conc bin,Syllable,,,,,
,,Target,bedroom,Target,167662,,F2_Noun_single_2syll_5,M2_Noun_single_2syll_5,,,8,7,2,,,,,
,,P1,bathroom,close,5689075,,,,,,,,,,,,,
,,P2,bottom,distant,205590,,,,,,,,,,,,,
,,P3,mushroom,distant,65475254,,,,,,,,,,,,,
,,S1,living room,coord,51628836,,,,,,,,,,,,,
,,S2,bed,assoc,33724414,,,,,,,,,,,,,
,,Un,x,x,x,,,,,,,,,,,,,
,,Un,x,x,x,,,,,,,,,,,,,
,,,,,,,,,,,,,,,,,,
7,children,,Linguistic unit,P type,Image ID,Male 1,Female 2,Male 2,Female 1,,Freq bin,Conc bin,Syllable,,,,,
,,Target,children,Target,50495386,,F2_Noun_single_2syll_7,M2_Noun_single_2syll_7,,,8,7,2,,,,,
,,P1,chilli,distant,23479177,,,,,,,,,,,,,
,,P2,chicken,distant,41111999,,,,,,,,,,,,,
,,P3,x,x,x,,,,,,,,,,,,,
,,S1,babies,coord,3344491,,,,,,,,,,,,,
,,S2,child,assoc,40214306,,,,,,,,,,,,,
,,Un,iceberg,un,124451737,,,,,,,,,,,,,
,,Un,x,x,x,,,,,,,,,,,,,
,,,,,,,,,,,,,,,,,,
8,people,,Linguistic unit,P type,Image ID,Male 1,Female 2,Male 2,Female 1,,Freq bin,Conc bin,Syllable,,,,,
,,Target,people,Target,40296092,,F2_Noun_single_2syll_8,M2_Noun_single_2syll_8,,,8,7,2,,,,,
,,P1,pupil,mp,25168917,,,,,,,,,,,,,
,,P2,peephole,close,31390926,,,,,,,,,,,,,
,,P3,steeple,mp,24659568,,,,,,,,,,,,,
,,S1,monkeys,coord,41547559,,,,,,,,,,,,,
,,S2,person,assoc,35314865,,,,,,,,,,,,,
,,Un,x,x,x,,,,,,,,,,,,,
,,Un,x,x,x,,,,,,,,,,,,,
,,,,,,,,,,,,,,,,,,
9,body,,Linguistic unit,P type,Image ID,Male 1,Female 2,Male 2,Female 1,,Freq bin,Conc bin,Syllable,,,,,
,,Target,body,Target,18346476,,F2_Noun_single_2syll_9,M2_Noun_single_2syll_9,,,8,7,2,,,,,
,,P1,baby,distant,37433095,,,,,,,,,,,,,
,,P2,berry,distant,384695,,,,,,,,,,,,,
,,P3,bobby,mp,140116000,,,,,,,,,,,,,
,,S1,eye,assoc,25168917,,,,,,,,,,,,,
,,S2,lips,assoc,16776497,,,,,,,,,,,,,
,,Un,x,x,x,,,,,,,,,,,,,
,,Un,x,x,x,,,,,,,,,,,,,
,,,,,,,,,,,,,,,,,,
11,police,,Linguistic unit,P type,Image ID,Male 1,Female 2,Male 2,Female 1,,Freq bin,Conc bin,Syllable,,,,,
,,Target,police,Target,140116000,,F2_Noun_single_2syll_11,M2_Noun_single_2syll_11,,,8,7,2,,,,,
,,P1,palace,distant,45510042,,,,,,,,,,,,,
,,P2,fleece,distant,38691865,,,,,,,,,,,,,
,,P3,x,x,x,,,,,,,,,,,,,
,,S1,police dog,assoc,39991585,,,,,,,,,,,,,
,,S2,soldier,coord,29989042,,,,,,,,,,,,,
,,Un,church,un,24842270,,,,,,,,,,,,,
,,Un,x,x,x,,,,,,,,,,,,,
,,,,,,,,,,,,,,,,,,
12,market,,Linguistic unit,P type,Image ID,Male 1,Female 2,Male 2,Female 1,,Freq bin,Conc bin,Syllable,,,,,
,,Target,market,Target,191468,,F2_Noun_single_2syll_12,M2_Noun_single_2syll_12,,,8,7,2,,,,,
,,P1,magnet,distant,48527865,,,,,,,,,,,,,
,,P2,basket,distant,11339844,,,,,,,,,,,,,
,,P3,marker,close,65160763,,,,,,,,,,,,,
,,S1,cheese,assoc,4679416547,,,,,,,,,,,,,
,,S2,shop,coord,36599685,,,,,,,,,,,,,
,,Un,x,x,x,,,,,,,,,,,,,
,,Un,x,x,x,,,,,,,,,,,,,
,,,,,,,,,,,,,,,,,,
13,silver,,Linguistic unit,P type,Image ID,Male 1,Female 2,Male 2,Female 1,,Freq bin,Conc bin,Syllable,,,,,
,,Target,silver,Target,218030857,M1_Noun_single_2syll_15,F2_Noun_single_2syll_15,,,,8,7,2,,,,,
,,P1,sailor,close,302885411,,,,,,,,,,,,,
,,P2,saucer,distant,40776951,,,,,,,,,,,,,
,,P3,singer,distant,131682332,,,,,,,,,,,,,
,,S1,gold,coord,17808023,,,,,,,,,,,,,
,,S2,coin,assoc,255690187,,,,,,,,,,,,,
,,Un,x,x,x,,,,,,,,,,,,,
,,Un,x,x,x,,,,,,,,,,,,,
,,,,,,,,,,,,,,,,,,
14,building,,Linguistic unit,P type,Image ID,Male 1,Female 2,Male 2,Female 1,,Freq bin,Conc bin,Syllable,,,,,
,,Target,building,Target,45281382,M1_Noun_single_2syll_25,F2_Noun_single_2syll_25,,,,8,7,2,,,,,
,,P1,boiling,distant,130781807,,,,,,,,,,,,,
,,P2,builder,distant,121805014,,,,,,,,,,,,,
,,S1,lift,assoc,20398704,,,,,,,,,,,,,
,,S2,tent,assoc,169194527,,,,,,,,,,,,,
,,S3,door,assoc,250857736,,,,,,,,,,,,,
,,Un,x,x,x,,,,,,,,,,,,,
,,Un,x,x,x,,,,,,,,,,,,,
,,,,,,,,,,,,,,,,,,
15,football,,Linguistic unit,P type,Image ID,Male 1,Female 2,Male 2,Female 1,,Freq bin,Conc bin,Syllable,,,,,
,,Target,football,Target,66600742,M1_Noun_single_2syll_28,F2_Noun_single_2syll_28,,,,8,7,2,,,,,
,,P1,tennisball,distant,123665758,,,,,,,,,,,,,
,,P2,poolball,distant,61880773,,,,,,,,,,,,,
,,P3,beachball,distant,40167793,,,,,,,,,,,,,
,,S1,pitch,assoc,154603907,,,,,,,,,,,,,
,,S2,football player,assoc,257173666,,,,,,,,,,,,,
,,Un,x,x,x,,,,,,,,,,,,,
,,Un,x,x,x,,,,,,,,,,,,,
,,,,,,,,,,,,,,,,,,
16,tv,,Linguistic unit,P type,Image ID,Male 1,Female 2,Male 2,Female 1,,Freq bin,Conc bin,Syllable,,,,,
,,Target,tv,Target,4515014,M1_Noun_single_2syll_29,F2_Noun_single_2syll_29,,,,8,7,2,,,,,
,,P1,teepee,mp,170742665,,,,,,,,,,,,,
,,P2,cv,mp,283330370,,,,,,,,,,,,,
,,P3,tea,distant,33978516,,,,,,,,,,,,,
,,S1,radio,assoc,78640372,,,,,,,,,,,,,
,,S2,satellite dish,assoc,54724903,,,,,,,,,,,,,
,,Un,x,x,x,,,,,,,,,,,,,
,,Un,x,x,x,,,,,,,,,,,,,
,,,,,,,,,,,,,,,,,,
17,doctor,,Linguistic unit,P type,Image ID,Male 1,Female 2,Male 2,Female 1,,Freq bin,Conc bin,Syllable,,,,,
,,Target,doctor,target,31871541,,,M2_Noun_single_2syll_37,F1_Noun_single_2syll_37,,8,7,2,,,,,
,,P1,daughter,close,20327430,,,,,,,,,,,,,
,,P2,x,x,x,,,,,,,,,,,,,
,,P3,x,x,x,,,,,,,,,,,,,
,,S1,stethoscope,assoc,173685527,,,,,,,,,,,,,
,,S2,nurse,coord,98508269,,,,,,,,,,,,,
,,Un,vet,coord,310410167,,,,,,,,,,,,,
,,Un,patient,assoc,426683029,,,,,,,,,,,,,
,,,,,,,,,,,,,,,,,,
18,picture,,Linguistic unit,P type,Image ID,Male 1,Female 2,Male 2,Female 1,,Freq bin,Conc bin,Syllable,,,,,
,,Target,picture,target,313920950,,,M2_Noun_single_2syll_38,F1_Noun_single_2syll_38,,8,7,2,,,,,
,,P1,pitcher,close,33559462,,,,,,,,,,,,,
,,P2,pitch,distant,154603907,,,,,,,,,,,,,
,,P3,pitcher (person),close,129910151,,,,,,,,,,,,,
,,S1,camera,assoc,60001,,,,,,,,,,,,,
,,S2,picture frame,assoc,14959596,,,,,,,,,,,,,
,,Un,x,x,x,,,,,,,,,,,,,
,,Un,x,x,x,,,,,,,,,,,,,
,,,,,,,,,,,,,,,,,,
19,money,,Linguistic unit,P type,Image ID,Male 1,Female 2,Male 2,Female 1,,Freq bin,Conc bin,Syllable,,,,,
,,Target,money,target,236808625,,,M2_Noun_single_2syll_48,F1_Noun_single_2syll_48,,8,7,2,,,,,
,,P1,honey,mp,173944715,,,,,,,,,,,,,
,,P2,valley,mp,301534346,,,,,,,,,,,,,
,,P3,pony,distant,134490362,,,,,,,,,,,,,
,,S1,purse,assoc,109663118,,,,,,,,,,,,,
,,S2,cashmachine,assoc,232300858,,,,,,,,,,,,,
,,Un,x,x,x,,,,,,,,,,,,,
,,Un,x,x,x,,,,,,,,,,,,,
,,,,,,,,,,,,,,,,,,
,fly,,Linguistic unit,P type,Image ID,Female 2,Male 1,Male 2,Female 1,,Freq bin,Conc bin,Syllable,,,,,
,,Target,the fly,target,781520,F2_Noun_phrase_1syll_5,M1_Noun_phrase_1syll_5,,,,7,7,1,,,,,
,,P1,the eye,mp,25168917,,,,,,,,,,,,,
,,P2,the spy,mp,40871113,,,,,,,,,,,,,
,,P3,the tie,mp,193059866,,,,,,,,,,,,,
,,S1,the bee,coord,326838527,,,,,,,,,,,,,
,,S2,the glasses,coord,40557715,,,,,,,,,,,,,
,,Un,x,x,x,,,,,,,,,,,,,
,,Un,x,x,x,,,,,,,,,,,,,
,,,,,,,,,,,,,,,,,,
,glass,,Linguistic unit,P type,Image ID,Female 2,Male 1,Male 2,Female 1,,Freq bin,Conc bin,Syllable,,,,,
,,Target,the glass,target,10350665,,M1_Noun_phrase_1syll_93,,F1_Noun_phrase_1syll_93,,7,7,1,,,,,
,,P1,the lass,close,26515435,,,,,,,,,,,,,
,,P2,the gas,mp,111186662,,,,,,,,,,,,,
,,P3,the glasses,mp,40557715,,,,,,,,,,,,,
,,S1,he tcup,coord,307023386,,,,,,,,,,,,,
,,S2,the pot,coord,257196229,,,,,,,,,,,,,
,,Un,x,x,,,,,,,,,,,,,,
,,Un,x,x,,,,,,,,,,,,,,
,,,,,,,,,,,,,,,,,,
,pound,,Linguistic unit,P type,Image ID,Female 2,Male 1,Male 2,Female 1,,Freq bin,Conc bin,Syllable,,,,,
,,Target,the pound,target,248864761,,M1_Noun_phrase_1syll_100,,F1_Noun_phrase_1syll_100,,7,7,1,,,,,
,,P1,the ground,mp,206066563,,,,,,,,,,,,,
,,P2,the hound,mp,213511198,,,,,,,,,,,,,
,,P3,the pond,mp,57479839,,,,,,,,,,,,,
,,S1,the gold,assoc,17808023,,,,,,,,,,,,,
,,S2,the dollar note,coord,236808625,,,,,,,,,,,,,
,,Un,x,x,x,,,,,,,,,,,,,
,,Un,x,x,x,,,,,,,,,,,,,
,,,,,,,,,,,,,,,,,,
,page,,Linguistic unit,P type,Image ID,Female 2,Male 1,Male 2,Female 1,,Freq bin,Conc bin,Syllable,,,,,
,,Target,The page,target,233737690,,M1_Noun_phrase_1syll_123,,F1_Noun_phrase_1syll_123,,7,7,1,,,,,
,,P1,The age,mp,46801559,,,,,,,,,,,,,
,,P2,The stage,mp,33917242,,,,,,,,,,,,,
,,P3,The cage,mp,229248175,,,,,,,,,,,,,
,,S1,The pen,assoc,251658334,,,,,,,,,,,,,
,,S2,The tree,assoc,325608941,,,,,,,,,,,,,
,,Un,x,x,x,,,,,,,,,,,,,
,,Un,x,x,x,,,,,,,,,,,,,
,,,,,,,,,,,,,,,,,,
,seat,,Linguistic unit,P type,Image ID,Female 2,Male 1,Male 2,Female 1,,Freq bin,Conc bin,Syllable,,,,,
,,Target,the seat,target,111217772,,M1_Noun_phrase_1syll_130,,F1_Noun_phrase_1syll_130,,7,7,1,,,,,
,,P1,the feet,mp,311505614,,,,,,,,,,,,,
,,P2,the sheet,mp,5943342,,,,,,,,,,,,,
,,P3,the meat,mp,247763509,,,,,,,,,,,,,
,,S1,the bed,assoc,33724414,,,,,,,,,,,,,
,,S2,the table,assoc,26616139,,,,,,,,,,,,,
,,Un,x,x,x,,,,,,,,,,,,,
,,Un,x,x,x,,,,,,,,,,,,,
,,,,,,,,,,,,,,,,,,
,pig,,Linguistic unit,P type,Image ID,Female 2,Male 1,Male 2,Female 1,,Freq bin,Conc bin,Syllable,,,,,
,,Target,The pig,target,182523626,,M1_Noun_phrase_1syll_173,,F1_Noun_phrase_1syll_173,,7,7,1,,,,,
,,P1,The wig,mp,206133754,,,,,,,,,,,,,
,,P2,The pip,mp,321021113,,,,,,,,,,,,,
,,P3,The pin,mp,75441568,,,,,,,,,,,,,
,,S1,The cow,coord,13624052929,,,,,,,,,,,,,
,,S2,The stable,un,168274,,,,,,,,,,,,,
,,Un,x,x,x,,,,,,,,,,,,,
,,Un,x,x,x,,,,,,,,,,,,,
,,,,,,,,,,,,,,,,,,
,golf,,Linguistic unit,P type,Image ID,Female 2,Male 1,Male 2,Female 1,,Freq bin,Conc bin,Syllable,,,,,
,,Target,The golf,target,600023,,M1_Noun_phrase_1syll_177,,F1_Noun_phrase_1syll_177,,7,7,1,,,,,
,,P1,The cough,close,137335274,,,,,,,,,,,,,
,,P2,The wolf,distant,99672713,,,,,,,,,,,,,
,,P3,x,x,x,,,,,,,,,,,,,
,,S1,The football net,assoc,7273203,,,,,,,,,,,,,
,,S2,The hockey,coord,152248385,,,,,,,,,,,,,
,,Un,The gold,un,17808023,,,,,,,,,,,,,
,,Un,x,x,x,,,,,,,,,,,,,
,,,,,,,,,,,,,,,,,,
,meal,,Linguistic unit,P type,Image ID,Female 2,Male 1,Male 2,Female 1,,Freq bin,Conc bin,Syllable,,,,,
,,Target,The meal,target,558662512,,M1_Noun_phrase_1syll_178,,F1_Noun_phrase_1syll_178,,7,7,1,,,,,
,,P1,The steel,mp,248861005,,,,,,,,,,,,,
,,P2,The eel,mp,259687829,,,,,,,,,,,,,
,,P3,The meat,mp,142786321,,,,,,,,,,,,,
,,S1,The drink,assoc,467518,,,,,,,,,,,,,
,,S2,The plate,assoc,40776951,,,,,,,,,,,,,
,,Un,x,x,x,,,,,,,,,,,,,
,,Un,x,x,x,,,,,,,,,,,,,
,,,,,,,,,,,,,,,,,,
,smoke,,Linguistic unit,P type,Image ID,Female 2,Male 1,Male 2,Female 1,,Freq bin,Conc bin,Syllable,,,,,
,,Target,The smoke,target,131389160,,M1_Noun_phrase_1syll_179,,F1_Noun_phrase_1syll_179,,7,7,1,,,,,
,,P1,The soak,mp,183494525,,,,,,,,,,,,,
,,P2,x,x,,,,,,,,,,,,,,
,,P3,The yolk,mp,120690565,,,,,,,,,,,,,
,,S1,The cigar,assoc,126855932,,,,,,,,,,,,,
,,S2,The matchbox,assoc,313630025,,,,,,,,,,,,,
,,Un,The oak,un,101169685,,,,,,,,,,,,,
,,Un,x,x,x,,,,,,,,,,,,,
,,,,,,,,,,,,,,,,,,
,net,,Linguistic unit,P type,Image ID,Female 2,Male 1,Male 2,Female 1,,Freq bin,Conc bin,Syllable,,,,,
,,Target,The net,target,7273203,,M1_Noun_phrase_1syll_180,,F1_Noun_phrase_1syll_180,,7,7,1,,,,,
,,P1,The vet,mp,196926983,,,,,,,,,,,,,
,,P2,The knot,mp,200609186,,,,,,,,,,,,,
,,P3,The jet (ski),mp,255572965,,,,,,,,,,,,,
,,S1,The ball,assoc,195946388,,,,,,,,,,,,,
,,S2,The fish,assoc,164790890,,,,,,,,,,,,,
,,Un,x,x,x,,,,,,,,,,,,,
,,Un,x,x,x,,,,,,,,,,,,,
,,,,,,,,,,,,,,,,,,
,bell,,Linguistic unit,P type,Image ID,Female 2,Male 1,Male 2,Female 1,,Freq bin,Conc bin,Syllable,,,,,
,,Target,The bell,target,941501,,M1_Noun_phrase_1syll_183,,F1_Noun_phrase_1syll_183,,7,7,1,,,,,
,,P1,The hell,mp,134256908,,,,,,,,,,,,,
,,P2,The shell,mp,50806008,,,,,,,,,,,,,
,,P3,The cell,mp,183717002,,,,,,,,,,,,,
,,S1,The church,assoc,24659568,,,,,,,,,,,,,
,,S2,The school,assoc,77118403,,,,,,,,,,,,,
,,Un,x,x,x,,,,,,,,,,,,,
,,Un,x,x,x,,,,,,,,,,,,,
,,,,,,,,,,,,,,,,,,
,pool,,Linguistic unit,P type,Image ID,Female 2,Male 1,Male 2,Female 1,,Freq bin,Conc bin,Syllable,,,,,
,,Target,The pool,target,114459544,,M1_Noun_phrase_1syll_184,,F1_Noun_phrase_1syll_184,,7,7,1,,,,,
,,P1,The school,close,77118403,,,,,,,,,,,,,
,,P2,The tool,mp,316114658,,,,,,,,,,,,,
,,P3,The stool,close,258189785,,,,,,,,,,,,,
,,S1,The sea,assoc,341825012,,,,,,,,,,,,,
,,S2,The swimming suit,assoc,145492156,,,,,,,,,,,,,
,,Un,x,x,x,,,,,,,,,,,,,
,,Un,x,x,x,,,,,,,,,,,,,
,,,,,,,,,,,,,,,,,,
,wave,,Linguistic unit,P type,Image ID,Female 2,Male 1,Male 2,Female 1,,Freq bin,Conc bin,Syllable,,,,,
,,Target,The wave,target,341825012,,M1_Noun_phrase_1syll_185,,F1_Noun_phrase_1syll_185,,7,7,1,,,,,
,,P1,The cave,mp,175283300,,,,,,,,,,,,,
,,P2,x,x,x,,,,,,,,,,,,,
,,P3,The grave,mp,374279860,,,,,,,,,,,,,
,,S1,The boat,assoc,242000377,,,,,,,,,,,,,
,,S2,The wind,assoc,60011,,,,,,,,,,,,,
,,Un,The save,un,90869516,,,,,,,,,,,,,
,,Un,x,x,,,,,,,,,,,,,,
,,,,,,,,,,,,,,,,,,
,plane,,Linguistic unit,P type,Image ID,Female 2,Male 1,Male 2,Female 1,,Freq bin,Conc bin,Syllable,,,,,
,,Target,The plane,target,42196282,,M1_Noun_phrase_1syll_186,,F1_Noun_phrase_1syll_186,,7,7,1,,,,,
,,P1,The lane,mp,21213726,,,,,,,,,,,,,
,,P2,x,x,x,,,,,,,,,,,,,
,,P3,The pain,mp,174531992,,,,,,,,,,,,,
,,S1,The boat,coord,157824602,,,,,,,,,,,,,
,,S2,The car,coord,9545845848,,,,,,,,,,,,,
,,P2,The pane,un,256784143,,,,,,,,,,,,,
,,Un,x,x,x,,,,,,,,,,,,,
,,,,,,,,,,,,,,,,,,
,suit,,Linguistic unit,P type,Image ID,Female 2,Male 1,Male 2,Female 1,,Freq bin,Conc bin,Syllable,,,,,
,,Target,The suit,target,96547844,,M1_Noun_phrase_1syll_187,,F1_Noun_phrase_1syll_187,,7,7,1,,,,,
,,P1,The boot,mp,103290425,,,,,,,,,,,,,
,,P2,The root,mp,104458295,,,,,,,,,,,,,
,,P3,The flute,mp,74014495,,,,,,,,,,,,,
,,S1,The dress,coord,27455199,,,,,,,,,,,,,
,,S2,The briefcase,assoc,95587774,,,,,,,,,,,,,
,,Un,x,x,x,,,,,,,,,,,,,
,,Un,x,x,x,,,,,,,,,,,,,
,,,,,,,,,,,,,,,,,,
,pan,,Linguistic unit,P type,Image ID,Female 2,Male 1,Male 2,Female 1,,Freq bin,Conc bin,Syllable,,,,,
,,Target,The pan,target,15791161,,M1_Noun_phrase_1syll_188,,F1_Noun_phrase_1syll_188,,7,7,1,,,,,
,,P1,The can,mp,31871613,,,,,,,,,,,,,
,,P2,The fan,mp,86530687,,,,,,,,,,,,,
,,P3,The plan,mp,27330630,,,,,,,,,,,,,
,,S1,The spoon,assoc,241049668,,,,,,,,,,,,,
,,S2,The plate,assoc,40776951,,,,,,,,,,,,,
,,Un,x,x,x,,,,,,,,,,,,,
,,Un,x,x,x,,,,,,,,,,,,,
,,,,,,,,,,,,,,,,,,
,gun,,Linguistic unit,P type,Image ID,Female 2,Male 1,Male 2,Female 1,,Freq bin,Conc bin,Syllable,,,,,
,,Target,The gun,target,297191459,,M1_Noun_phrase_1syll_189,,F1_Noun_phrase_1syll_189,,7,7,1,,,,,
,,P1,The bun,mp,255437584,,,,,,,,,,,,,
,,P2,The sun,mp,11111,,,,,,,,,,,,,
,,P3,The run,mp,11668575,,,,,,,,,,,,,
,,S1,The police woman,assoc,5401774,,,,,,,,,,,,,
,,S2,The knife,coord,22159341,,,,,,,,,,,,,
,,Un,x,x,x,,,,,,,,,,,,,
,,Un,x,x,x,,,,,,,,,,,,,
,,,,,,,,,,,,,,,,,,
,lamb,,Linguistic unit,P type,Image ID,Female 2,Male 1,Male 2,Female 1,,Freq bin,Conc bin,Syllable,,,,,
,,Target,The lamb,target,99703931,,M1_Noun_phrase_1syll_190,,F1_Noun_phrase_1syll_190,,7,7,1,,,,,
,,P1,The jam,mp,134500634,,,,,,,,,,,,,
,,P2,The dam,mp,113655994,,,,,,,,,,,,,
,,P3,The tram,mp,93781645,,,,,,,,,,,,,
,,S1,The calf,assoc,129933092,,,,,,,,,,,,,
,,S2,The piglet,assoc,301031825,,,,,,,,,,,,,
,,Un,x,x,x,,,,,,,,,,,,,
,,Un,x,x,x,,,,,,,,,,,,,
,,,,,,,,,,,,,,,,,,
,screen,,Linguistic unit,P type,Image ID,Female 2,Male 1,Male 2,Female 1,,Freq bin,Conc bin,Syllable,,,,,
,,Target,The screen,target,234158740,,M1_Noun_phrase_1syll_191,,F1_Noun_phrase_1syll_191,,7,7,1,,,,,
,,P1,The scream,mp,29662705,,,,,,,,,,,,,
,,P2,The scene,mp,149938298,,,,,,,,,,,,,
,,P3,The cream,close,3232937,,,,,,,,,,,,,
,,S1,The keyboard,assoc,222047851,,,,,,,,,,,,,
,,S2,The film,assoc,101597905,,,,,,,,,,,,,
,,Un,x,x,x,,,,,,,,,,,,,
,,Un,x,x,x,,,,,,,,,,,,,
,,,,,,,,,,,,,,,,,,
,note,,Linguistic unit,P type,Image ID,Female 2,Male 1,Male 2,Female 1,,Freq bin,Conc bin,Syllable,,,,,
,,Target,The note,target,13298068,,M1_Noun_phrase_1syll_192,,F1_Noun_phrase_1syll_192,,7,7,1,,,,,
,,P1,The boat,mp,242000377,,,,,,,,,,,,,
,,P2,The goat,mp,283711718,,,,,,,,,,,,,
,,P3,The coat,mp,282882188,,,,,,,,,,,,,
,,S1,The laptop,assoc,53715597,,,,,,,,,,,,,
,,S2,The book,assoc,96598565,,,,,,,,,,,,,
,,Un,x,x,x,,,,,,,,,,,,,
,,Un,x,x,x,,,,,,,,,,,,,
,,,,,,,,,,,,,,,,,,
,sheep,,Linguistic unit,P type,Image ID,Female 2,Male 1,Male 2,Female 1,,Freq bin,Conc bin,Syllable,,,,,
,,Target,The sheep,target,54959410,,M1_Noun_phrase_1syll_193,,F1_Noun_phrase_1syll_193,,7,7,1,,,,,
,,P1,The sheet,mp,6510816,,,,,,,,,,,,,
,,P2,The shop,mp,36599685,,,,,,,,,,,,,
,,P3,The ship,mp,154107677,,,,,,,,,,,,,
,,S1,The goat,coord,283711718,,,,,,,,,,,,,
,,S2,The cow,coord,4114507999,,,,,,,,,,,,,
,,Un,x,x,x,,,,,,,,,,,,,
,,Un,x,x,x,,,,,,,,,,,,,
,,,,,,,,,,,,,,,,,,
,milk,,Linguistic unitLinguistic unit,P type,Image ID,Female 2,Male 1,Male 2,Female 1,,Freq bin,Conc bin,Syllable,,,,,
,,Target,the milk,target,33559462,F2_Noun_phrase_1syll_201,,M2_Noun_phrase_1syll_201,,,7,7,1,,,,,
,,P1,the silk,mp,335717462,,,,,,,,,,,,,
,,P2,the mill,mp,376154074,,,,,,,,,,,,,
,,P3,the mink,mp,138468362,,,,,,,,,,,,,
,,S1,the cheese,assoc,467941654,,,,,,,,,,,,,
,,S2,the coffee,assoc,126791708,,,,,,,,,,,,,
,,Un,x,x,x,,,,,,,,,,,,,
,,Un,x,x,x,,,,,,,,,,,,,
,,,,,,,,,,,,,,,,,,
,clothes,,Linguistic unitLinguistic unit,P type,Image ID,Female 2,Male 1,Male 2,Female 1,,Freq bin,Conc bin,Syllable,,,,,
,,Target,the clothes,target,222173905,F2_Noun_phrase_1syll_202,,M2_Noun_phrase_1syll_202,,,7,7,1,,,,,
,,P1,the hose,mp,106051277,,,,,,,,,,,,,
,,P2,the nose,mp,30725120,,,,,,,,,,,,,
,,P3,the toes,mp,41543275,,,,,,,,,,,,,
,,S1,the shop,assoc,258518522,,,,,,,,,,,,,
,,S2,the wardrobe,assoc,33723657,,,,,,,,,,,,,
,,Un,x,x,x,,,,,,,,,,,,,
,,Un,x,x,x,,,,,,,,,,,,,
,,,,,,,,,,,,,,,,,,
,bus,,Linguistic unitLinguistic unit,P type,Image ID,Female 2,Male 1,Male 2,Female 1,,Freq bin,Conc bin,Syllable,,,,,
,,Target,the bus,target,64567547654,F2_Noun_phrase_1syll_203,,M2_Noun_phrase_1syll_203,,,7,7,1,,,,,
,,P1,the puss,mp,16409109,,,,,,,,,,,,,
,,P2,the bust,mp,334771715,,,,,,,,,,,,,
,,P3,the bun,mp,255437584,,,,,,,,,,,,,
,,S1,the car,assoc,323450258,,,,,,,,,,,,,
,,S2,the train,assoc,214028590,,,,,,,,,,,,,
,,Un,x,x,x,,,,,,,,,,,,,
,,Un,x,x,x,,,,,,,,,,,,,
,,,,,,,,,,,,,,,,,,
,lift,,Linguistic unitLinguistic unit,P type,Image ID,Female 2,Male 1,Male 2,Female 1,,Freq bin,Conc bin,Syllable,,,,,
,,Target,the lift,target,20398704,F2_Noun_phrase_1syll_204,,M2_Noun_phrase_1syll_204,,,7,7,1,,,,,
,,P1,the loft,mp,279318857,,,,,,,,,,,,,
,,P2,the gift,mp,53354971,,,,,,,,,,,,,
,,P3,x,x,x,,,,,,,,,,,,,
,,S1,the escalator,assoc,235322389,,,,,,,,,,,,,
,,S2,the skyscraper,assoc,246847408,,,,,,,,,,,,,
,,Un,the stairs,un,90409999,,,,,,,,,,,,,
,,Un,x,x,x,,,,,,,,,,,,,
,,,,,,,,,,,,,,,,,,
,skin,,Linguistic unitLinguistic unit,P type,Image ID,Female 2,Male 1,Male 2,Female 1,,Freq bin,Conc bin,Syllable,,,,,
,,Target,the skin,target,260573111,F2_Noun_phrase_1syll_205,,M2_Noun_phrase_1syll_205,,,7,7,1,,,,,
,,P1,x,x,x,,,,,,,,,,,,,
,,P2,the bin,mp,41314,,,,,,,,,,,,,
,,P3,the tin,mp,31871613,,,,,,,,,,,,,
,,S1,the skeleton,assoc,233393104,,,,,,,,,,,,,
,,S2,the muscles,assoc,295422497,,,,,,,,,,,,,
,,Un,the fin,un,182084594,,,,,,,,,,,,,
,,Un,x,x,x,,,,,,,,,,,,,
,,,,,,,,,,,,,,,,,,
,hat,,Linguistic unitLinguistic unit,P type,Image ID,Female 2,Male 1,Male 2,Female 1,,Freq bin,Conc bin,Syllable,,,,,
,,Target,the hat,target,1695759612,F2_Noun_phrase_1syll_206,,M2_Noun_phrase_1syll_206,,,7,7,1,,,,,
,,P1,the bat,mp,2226055,,,,,,,,,,,,,
,,P2,the cat,mp,16409109,,,,,,,,,,,,,
,,P3,the flat,mp,46214473,,,,,,,,,,,,,
,,S1,the hair,assoc,41395810,,,,,,,,,,,,,
,,S2,the glasses,assoc,40557715,,,,,,,,,,,,,
,,Un,x,x,x,,,,,,,,,,,,,
,,Un,x,x,x,,,,,,,,,,,,,
,,,,,,,,,,,,,,,,,,
,roof,,Linguistic unit,P type,Image ID,Female 2,Male 1,Male 2,Female 1,,Freq bin,Conc bin,Syllable,,,,,
,,Target,a roof,target,106637366,F2_Noun_phrase_1syll_216,,M2_Noun_phrase_1syll_216,,,7,7,1,,,,,
,,P1,a tooth,close,382306536,,,,,,,,,,,,,
,,P2,a hoof,close,221163019,,,,,,,,,,,,,
,,P3,x,x,x,,,,,,,,,,,,,
,,S1,a chimney,assoc,71542111,,,,,,,,,,,,,
,,S2,a wall,coord,152469683,,,,,,,,,,,,,
,,Un,x,x,x,,,,,,,,,,,,,
,,Un,a toothbrush,un,28093608,,,,,,,,,,,,,
,,,,,,,,,,,,,,,,,,
,sauce,,Linguistic unit,P type,Image ID,Female 2,Male 1,Male 2,Female 1,,Freq bin,Conc bin,Syllable,,,,,
,,Target,the sauce,target,34015735,F2_Noun_phrase_1syll_227,,M2_Noun_phrase_1syll_227,,,7,7,1,,,,,
,,P1,the sword,mp,187830593,,,,,,,,,,,,,
,,P2,the saw,mp,20346460,,,,,,,,,,,,,
,,P3,the horse,mp,296131085,,,,,,,,,,,,,
,,S1,the salt,coord,21575860,,,,,,,,,,,,,
,,S2,x,x,x,,,,,,,,,,,,,
,,Un,the pig,un,182523626,,,,,,,,,,,,,
,,Un,x,x,x,,,,,,,,,,,,,
,,,,,,,,,,,,,,,,,,
,hole,,Linguistic unit,P type,Image ID,Female 2,Male 1,Male 2,Female 1,,Freq bin,Conc bin,Syllable,,,,,
,,Target,The hole (in a sock),target,272268626,F2_Noun_phrase_1syll_237,,M2_Noun_phrase_1syll_237,,,7,7,1,,,,,
,,P1,The mole,mp,260573111,,,,,,,,,,,,,
,,P2,The hoe,mp,153540158,,,,,,,,,,,,,
,,P3,The hose,mp,106051277,,,,,,,,,,,,,
,,S1,The knitting,assoc,360527153,,,,,,,,,,,,,
,,S2,The new socks,assoc,249013738,,,,,,,,,,,,,
,,Un,x,x,x,,,,,,,,,,,,,
,,Un,x,x,x,,,,,,,,,,,,,
,,,,,,,,,,,,,,,,,,
,crowd,,Linguistic unit,P type,Image ID,Female 2,Male 1,Male 2,Female 1,,Freq bin,Conc bin,Syllable,,,,,
,,Target,The crowd,target,60003,F2_Noun_phrase_1syll_238,,M2_Noun_phrase_1syll_238,,,7,7,1,,,,,
,,P1,The cloud,mp,34993927,,,,,,,,,,,,,
,,P2,The crown,mp,37385332,,,,,,,,,,,,,
,,P3,The loud,close,29662705,,,,,,,,,,,,,
,,S1,The empty street,assoc,119690572,,,,,,,,,,,,,
,,S2,The traffic,assoc,6000222,,,,,,,,,,,,,
,,Un,x,x,x,,,,,,,,,,,,,
,,Un,x,x,x,,,,,,,,,,,,,
,,,,,,,,,,,,,,,,,,
,cloud,,Linguistic unit,P type,Image ID,Female 2,Male 1,Male 2,Female 1,,Freq bin,Conc bin,Syllable,,,,,
,,Target,The cloud,target,34993927,F2_Noun_phrase_1syll_239,,M2_Noun_phrase_1syll_239,,,7,7,1,,,,,
,,P1,The crowd,mp,60003,,,,,,,,,,,,,
,,P2,The clown,mp,169753799,,,,,,,,,,,,,
,,P3,The claw,mp,179789882,,,,,,,,,,,,,
,,S1,The plain sky,assoc,119845582,,,,,,,,,,,,,
,,S2,The rainfall,assoc,148484927,,,,,,,,,,,,,
,,Un,x,x,x,,,,,,,,,,,,,
,,Un,x,x,x,,,,,,,,,,,,,
,,,,,,,,,,,,,,,,,,
,ship,,Linguistic unit,P type,Image ID,Female 2,Male 1,Male 2,Female 1,,Freq bin,Conc bin,Syllable,,,,,
,,Target,The ship,target,154107677,F2_Noun_phrase_1syll_240,,M2_Noun_phrase_1syll_240,,,7,7,1,,,,,
,,P1,The chips,close,37659009,,,,,,,,,,,,,
,,P2,The sip,mp,1941570,,,,,,,,,,,,,
,,P3,The sheep,mp,54959410,,,,,,,,,,,,,
,,S1,The captain,assoc,276834866,,,,,,,,,,,,,
,,S2,The kayak,assoc,35138139,,,,,,,,,,,,,
,,Un,x,x,x,,,,,,,,,,,,,
,,Un,x,x,x,,,,,,,,,,,,,
,,,,,,,,,,,,,,,,,,
,kid,,Linguistic unit,P type,Image ID,Female 2,Male 1,Male 2,Female 1,,Freq bin,Conc bin,Syllable,,,,,
,,Target,The kid,target,17985635,F2_Noun_phrase_1syll_241,,M2_Noun_phrase_1syll_241,,,7,7,1,,,,,
,,P1,The lid,mp,365532281,,,,,,,,,,,,,
,,P2,The grid,mp,335035877,,,,,,,,,,,,,
,,P3,x,x,x,,,,,,,,,,,,,
,,S1,The adult,assoc,2519003,,,,,,,,,,,,,
,,S2,The playground,assoc,42543815,,,,,,,,,,,,,
,,S2,The kayak,un,35138139,,,,,,,,,,,,,
,,Un,x,x,x,,,,,,,,,,,,,
,,,,,,,,,,,,,,,,,,
,wood,,Linguistic unit,P type,Image ID,Female 2,Male 1,Male 2,Female 1,,Freq bin,Conc bin,Syllable,,,,,
,,Target,The wood,target,256933990,F2_Noun_phrase_1syll_242,,M2_Noun_phrase_1syll_242,,,7,7,1,,,,,
,,P1,the wool,mp,234180859,,,,,,,,,,,,,
,,P2,The hood,mp,326456171,,,,,,,,,,,,,
,,P3,The wool,mp,234180859,,,,,,,,,,,,,
,,S1,The nest,assoc,261696743,,,,,,,,,,,,,
,,S2,The saw,assoc,20346460,,,,,,,,,,,,,
,,Un,x,x,x,,,,,,,,,,,,,
,,Un,x,x,x,,,,,,,,,,,,,
,,,,,,,,,,,,,,,,,,
,mouth,,Linguistic unit,P type,Image ID,Female 2,Male 1,Male 2,Female 1,,Freq bin,Conc bin,Syllable,,,,,
,,Target,The mouth,target,16776497,F2_Noun_phrase_1syll_243,,M2_Noun_phrase_1syll_243,,,7,7,1,,,,,
,,P1,The south,mp,255437761,,,,,,,,,,,,,
,,P2,The mouse,mp,38857743,,,,,,,,,,,,,
,,P3,The moth,close,294389513,,,,,,,,,,,,,
,,S1,The eye,assoc,25168917,,,,,,,,,,,,,
,,S2,The lipstick,assoc,285503072,,,,,,,,,,,,,
,,Un,x,x,x,,,,,,,,,,,,,
,,Un,x,x,x,,,,,,,,,,,,,
,,,,,,,,,,,,,,,,,,
,snow,,Linguistic unit,P type,Image ID,Female 2,Male 1,Male 2,Female 1,,Freq bin,Conc bin,Syllable,,,,,
,,Target,The snow,target,372064699,F2_Noun_phrase_1syll_245,,M2_Noun_phrase_1syll_245,,,7,7,1,,,,,
,,P1,The bow,mp,218792995,,,,,,,,,,,,,
,,P2,The toe,mp,706954256,,,,,,,,,,,,,
,,P3,The plough,close,334650443,,,,,,,,,,,,,
,,S1,The rain,assoc,43859197,,,,,,,,,,,,,
,,S2,The cold,assoc,28666396,,,,,,,,,,,,,
,,Un,x,x,x,,,,,,,,,,,,,
,,Un,x,x,x,,,,,,,,,,,,,
,,,,,,,,,,,,,,,,,,
,egg,,Linguistic unit,P type,Image ID,Female 2,Male 1,Male 2,Female 1,,Freq bin,Conc bin,Syllable,,,,,
,,Target,The egg,target,120690565,F2_Noun_phrase_1syll_246,,M2_Noun_phrase_1syll_246,,,7,7,1,,,,,
,,P1,The leg,mp,8677638,,,,,,,,,,,,,
,,P2,The keg,mp,151451303,,,,,,,,,,,,,
,,P3,The peg,mp,217046,,,,,,,,,,,,,
,,S1,The hen,assoc,159430508,,,,,,,,,,,,,
,,S2,The bacon,assoc,249194314,,,,,,,,,,,,,
,,Un,x,x,x,,,,,,,,,,,,,
,,Un,x,x,x,,,,,,,,,,,,,
,,,,,,,,,,,,,,,,,,
,meat,,Linguistic unit,P type,Image ID,Female 2,Male 1,Male 2,Female 1,,Freq bin,Conc bin,Syllable,,,,,
,,Target,The meat,target,296284007,F2_Noun_phrase_1syll_247,,M2_Noun_phrase_1syll_247,,,7,7,1,,,,,
,,P1,The seat,mp,111217772,,,,,,,,,,,,,
,,P2,The meal,mp,242752654,,,,,,,,,,,,,
,,P3,The mat,mp,35213598,,,,,,,,,,,,,
,,S1,The vegetables,assoc,35749240,,,,,,,,,,,,,
,,S2,The knife,assoc,414583714,,,,,,,,,,,,,
,,Un,x,x,x,,,,,,,,,,,,,
,,Un,x,x,x,,,,,,,,,,,,,
,,,,,,,,,,,,,,,,,,
,cake,,Linguistic unit,P type,Image ID,Female 2,Male 1,Male 2,Female 1,,Freq bin,Conc bin,Syllable,,,,,
,,Target,The cake,target,1684878,F2_Noun_phrase_1syll_248,,M2_Noun_phrase_1syll_248,,,7,7,1,,,,,
,,P1,The rake,mp,161480588,,,,,,,,,,,,,
,,P2,The flake,close,329189048,,,,,,,,,,,,,
,,P3,The snake,close,81449107,,,,,,,,,,,,,
,,S1,The chocolate,assoc,238754788,,,,,,,,,,,,,
,,S2,The oven,assoc,129827282,,,,,,,,,,,,,
,,Un,x,x,x,,,,,,,,,,,,,
,,Un,x,x,x,,,,,,,,,,,,,
,,,,,,,,,,,,,,,,,,
,plant,,Linguistic unit,P type,Image ID,Female 2,Male 1,Male 2,Female 1,,Freq bin,Conc bin,Syllable,,,,,
,,Target,The plant,target,51599364,F2_Noun_phrase_1syll_249,,M2_Noun_phrase_1syll_249,,,7,7,1,,,,,
,,P1,The pants,close,39108647,,,,,,,,,,,,,
,,P2,The plan,mp,27330630,,,,,,,,,,,,,
,,P3,The plait,mp,288040880,,,,,,,,,,,,,
,,S1,The pot,assoc,102442264,,,,,,,,,,,,,
,,S2,The watering can,assoc,95225710,,,,,,,,,,,,,
,,Un,x,x,x,,,,,,,,,,,,,
,,Un,x,x,x,,,,,,,,,,,,,
,,,,,,,,,,,,,,,,,,
,farm,,Linguistic unit,P type,Image ID,Female 2,Male 1,Male 2,Female 1,,Freq bin,Conc bin,Syllable,,,,,
,,Target,The farm,target,653425,F2_Noun_phrase_1syll_250,,M2_Noun_phrase_1syll_250,,,7,7,1,,,,,
,,P1,The arm,mp,173319965,,,,,,,,,,,,,
,,P2,The form,mp,1034819,,,,,,,,,,,,,
,,P3,The foam,close,74189155,,,,,,,,,,,,,
,,S1,The cow,assoc,129933092,,,,,,,,,,,,,
,,S2,The stables,assoc,168274,,,,,,,,,,,,,
,,Un,x,x,x,,,,,,,,,,,,,
,,Un,x,x,x,,,,,,,,,,,,,
,,,,,,,,,,,,,,,,,,
,hall,,Linguistic unit,P type,Image ID,Female 2,Male 1,Male 2,Female 1,,Freq bin,Conc bin,Syllable,,,,,
,,Target,The hall,target,46714759,F2_Noun_phrase_1syll_251,,M2_Noun_phrase_1syll_251,,,7,7,1,,,,,
,,P1,The ball,mp,40167793,,,,,,,,,,,,,
,,P2,The doll,mp,230292730,,,,,,,,,,,,,
,,P3,The wall,mp,637571,,,,,,,,,,,,,
,,S1,The living room,assoc,51628836,,,,,,,,,,,,,
,,S2,The coat rack,assoc,284764055,,,,,,,,,,,,,
,,Un,x,x,x,,,,,,,,,,,,,
,,Un,x,x,x,,,,,,,,,,,,,
,,,,,,,,,,,,,,,,,,
,wine,,Linguistic unit,P type,Image ID,Female 2,Male 1,Male 2,Female 1,,Freq bin,Conc bin,Syllable,,,,,
,,Target,The wine,target,38794261,F2_Noun_phrase_1syll_252,,M2_Noun_phrase_1syll_252,,,7,7,1,,,,,
,,P1,The pine,mp,77554865,,,,,,,,,,,,,
,,P2,The sign,mp,171820049,,,,,,,,,,,,,
,,P3,The spine,mp,174531992,,,,,,,,,,,,,
,,S1,The beer,assoc,123784216,,,,,,,,,,,,,
,,S2,The opener,assoc,214894333,,,,,,,,,,,,,
,,Un,x,x,x,,,,,,,,,,,,,
,,Un,x,x,x,,,,,,,,,,,,,
,,,,,,,,,,,,,,,,,,
,roll,,Linguistic unit,P type,Image ID,Female 2,Male 1,Male 2,Female 1,,Freq bin,Conc bin,Syllable,,,,,
,,Target,The roll,target,242946103,F2_Noun_phrase_1syll_253,,M2_Noun_phrase_1syll_253,,,7,7,1,,,,,
,,P1,The mole,mp,260573111,,,,,,,,,,,,,
,,P2,The hole,mp,1854488571,,,,,,,,,,,,,
,,P3,The bowl,mp,180989537,,,,,,,,,,,,,
,,S1,The butter,assoc,157625549,,,,,,,,,,,,,
,,S2,The bread,assoc,345059612,,,,,,,,,,,,,
,,Un,x,x,x,,,,,,,,,,,,,
,,Un,x,x,x,,,,,,,,,,,,,
,,,,,,,,,,,,,,,,,,
,leg,,Linguistic unit,P type,Image ID,Female 2,Male 1,Male 2,Female 1,,Freq bin,Conc bin,Syllable,,,,,
,,Target,The leg,target,8677638,F2_Noun_phrase_1syll_254,,M2_Noun_phrase_1syll_254,,,7,7,1,,,,,
,,P1,The egg,mp,120690565,,,,,,,,,,,,,
,,P2,The peg,mp,217046,,,,,,,,,,,,,
,,P3,The keg,mp,151451303,,,,,,,,,,,,,
,,S1,The arm,assoc,173319965,,,,,,,,,,,,,
,,S2,The foot,assoc,41543275,,,,,,,,,,,,,
,,Un,x,x,x,,,,,,,,,,,,,
,,Un,x,x,x,,,,,,,,,,,,,
,,,,,,,,,,,,,,,,,,
,bag,,Linguistic unit,P type,Image ID,Female 2,Male 1,Male 2,Female 1,,Freq bin,Conc bin,Syllable,,,,,
,,Target,The bag,target,6355906,F2_Noun_phrase_1syll_255,,M2_Noun_phrase_1syll_255,,,7,7,1,,,,,
,,P1,The tag,mp,307940078,,,,,,,,,,,,,
,,P2,The flag,mp,136536068,,,,,,,,,,,,,
,,P3,The bug,mp,317723675,,,,,,,,,,,,,
,,S1,The purse,assoc,38785265,,,,,,,,,,,,,
,,S2,The suitcase,assoc,97634747,,,,,,,,,,,,,
,,Un,x,x,x,,,,,,,,,,,,,
,,Un,x,x,x,,,,,,,,,,,,,
,,,,,,,,,,,,,,,,,,
,boat,,Linguistic unit,P type,Image ID,Female 2,Male 1,Male 2,Female 1,,Freq bin,Conc bin,Syllable,,,,,
,,Target,The boat,target,242000377,F2_Noun_phrase_1syll_256,,M2_Noun_phrase_1syll_256,,,7,7,1,,,,,
,,P1,The coat,mp,282882188,,,,,,,,,,,,,
,,P2,The goat,mp,283711718,,,,,,,,,,,,,
,,P3,The note,mp,236808625,,,,,,,,,,,,,
,,S1,The plane,assoc,119845582,,,,,,,,,,,,,
,,S2,The captain,assoc,276834866,,,,,,,,,,,,,
,,Un,x,x,x,,,,,,,,,,,,,
,,Un,x,x,x,,,,,,,,,,,,,
,,,,,,,,,,,,,,,,,,
,cream,,Linguistic unit,P type,Image ID,Female 2,Male 1,Male 2,Female 1,,Freq bin,Conc bin,Syllable,,,,,
,,Target,The cream,target,3232937,F2_Noun_phrase_1syll_257,,M2_Noun_phrase_1syll_257,,,7,7,1,,,,,
,,P1,The beam,mp,1103549871,,,,,,,,,,,,,
,,P2,The steam,mp,201801209,,,,,,,,,,,,,
,,P3,The dream,mp,508856881,,,,,,,,,,,,,
,,S1,The yoghurt,assoc,136869080,,,,,,,,,,,,,
,,S2,The ice,assoc,10293484,,,,,,,,,,,,,
,,Un,x,x,x,,,,,,,,,,,,,
,,Un,x,x,x,,,,,,,,,,,,,
,,,,,,,,,,,,,,,,,,
,ring,,Linguistic unit,P type,Image ID,Female 2,Male 1,Male 2,Female 1,,Freq bin,Conc bin,Syllable,,,,,
,,Target,The ring,target,38096278,F2_Noun_phrase_1syll_258,,M2_Noun_phrase_1syll_258,,,7,7,1,,,,,
,,P1,The king,mp,236052655,,,,,,,,,,,,,
,,P2,The wing,mp,239099179,,,,,,,,,,,,,
,,P3,The string,mp,218792995,,,,,,,,,,,,,
,,S1,The bracelet,assoc,17659429,,,,,,,,,,,,,
,,S2,The fingers,assoc,302609414,,,,,,,,,,,,,
,,Un,x,x,x,,,,,,,,,,,,,
,,Un,x,x,x,,,,,,,,,,,,,
,,,,,,,,,,,,,,,,,,
,band,,Linguistic unit,P type,Image ID,Female 2,Male 1,Male 2,Female 1,,Freq bin,Conc bin,Syllable,,,,,
,,Target,The band,target,132936830,F2_Noun_phrase_1syll_259,,M2_Noun_phrase_1syll_259,,,7,7,1,,,,,
,,P1,The hand,mp,300833372,,,,,,,,,,,,,
,,P2,The land,mp,110470019,,,,,,,,,,,,,
,,P3,The sand,mp,104151680,,,,,,,,,,,,,
,,S1,The concert (crowd),assoc,256140502,,,,,,,,,,,,,
,,S2,The microphone,assoc,556925,,,,,,,,,,,,,
,,Un,x,x,x,,,,,,,,,,,,,
,,Un,x,x,x,,,,,,,,,,,,,
